nombre;provincia;codigoine;latitud;longitud
Alegría-Dulantzi;Álava;01001;42.84104;-2.51268
Amurrio;Álava;01002;43.05187;-3.00131
Aramaio;Álava;01003;43.05212;-2.56471
Artziniega;Álava;01004;43.12058;-3.12941
Armiñón;Álava;01006;42.7224;-2.87205
Arratzua-Ubarrundia;Álava;01008;42.94125;-2.609
Asparrena;Álava;01009;42.88922;-2.3123
Ayala/Aiara;Álava;01010;43.0753;-3.07766
Baños de Ebro/Mañueta;Álava;01011;42.52952;-2.67893
Barrundia;Álava;01013;42.8897;-2.46955
Berantevilla;Álava;01014;42.68245;-2.85833
Bernedo;Álava;01016;42.62728;-2.49814
Campezo/Kanpezu;Álava;01017;42.69332;-2.35175
Zigoitia;Álava;01018;42.96788;-2.71827
Kripan;Álava;01019;42.5918;-2.5155
Kuartango;Álava;01020;42.88517;-2.9176
Elburgo/Burgelu;Álava;01021;42.84969;-2.54525
Elciego;Álava;01022;42.51496;-2.61855
Elvillar/Bilar;Álava;01023;42.57061;-2.54332
Iruraiz-Gauna;Álava;01027;42.81175;-2.56582
Labastida/Bastida;Álava;01028;42.58994;-2.79566
Lagrán;Álava;01030;42.62539;-2.58359
Laguardia;Álava;01031;42.55351;-2.5841
Lanciego/Lantziego;Álava;01032;42.56254;-2.51161
Lapuebla de Labarca;Álava;01033;42.49471;-2.57317
Leza;Álava;01034;42.56552;-2.6332
Laudio/Llodio;Álava;01036;43.14345;-2.95799
Arraia-Maeztu;Álava;01037;42.73945;-2.44622
Moreda de Álava/Moreda Araba;Álava;01039;42.52506;-2.40834
Navaridas;Álava;01041;42.54569;-2.62539
Okondo;Álava;01042;43.15567;-3.02654
Oyón-Oion;Álava;01043;42.50467;-2.43573
Peñacerrada-Urizaharra;Álava;01044;42.64418;-2.71342
Erriberagoitia/Ribera Alta;Álava;01046;42.80724;-2.9176
Ribera Baja/Erriberabeitia;Álava;01047;42.71968;-2.90761
Añana;Álava;01049;42.80244;-2.98568
Agurain/Salvatierra;Álava;01051;42.84933;-2.38878
Samaniego;Álava;01052;42.5681;-2.68037
San Millán/Donemiliaga;Álava;01053;42.87639;-2.37828
Urkabustaiz;Álava;01054;42.97729;-2.94109
Valdegovía/Gaubea;Álava;01055;42.84204;-3.07766
Harana/Valle de Arana;Álava;01056;42.75273;-2.3123
Villabuena de Álava/Eskuernaga;Álava;01057;42.54763;-2.66547
Legutio;Álava;01058;42.98047;-2.64258
Vitoria-Gasteiz;Álava;01059;42.85917;-2.68179
Yécora/Iekora;Álava;01060;42.56727;-2.47154
Zalduondo;Álava;01061;42.88549;-2.3462
Zambrana;Álava;01062;42.66293;-2.88141
Zuia;Álava;01063;42.96499;-2.83777
Iruña Oka/Iruña de Oca;Álava;01901;42.81923;-2.8278
Lantarón;Álava;01902;42.728;-3.00297
Abengibre;Albacete;02001;39.2105;-1.54144
Alatoz;Albacete;02002;39.09505;-1.362
Albacete;Albacete;02003;38.99435;-1.85854
Albatana;Albacete;02004;38.572;-1.52056
Alborea;Albacete;02005;39.2792;-1.39577
Alcadozo;Albacete;02006;38.64874;-1.9802
Alcalá del Júcar;Albacete;02007;39.19179;-1.42958
Alcaraz;Albacete;02008;38.66653;-2.49071
Almansa;Albacete;02009;38.87028;-1.09934
Alpera;Albacete;02010;38.95904;-1.23016
Ayna;Albacete;02011;38.55373;-2.07173
Balazote;Albacete;02012;38.88487;-2.15229
Balsa de Ves;Albacete;02013;39.26455;-1.19591
Ballestero, El;Albacete;02014;38.85703;-2.4802
Barrax;Albacete;02015;39.04458;-2.20146
Bienservida;Albacete;02016;38.51707;-2.61086
Bogarra;Albacete;02017;38.58165;-2.21321
Bonete;Albacete;02018;38.8716;-1.34813
Bonillo, El;Albacete;02019;38.95104;-2.53836
Carcelén;Albacete;02020;39.10216;-1.30897
Casas de Juan Núñez;Albacete;02021;39.1002;-1.55787
Casas de Lázaro;Albacete;02022;38.77104;-2.24027
Casas de Ves;Albacete;02023;39.25787;-1.33306
Casas-Ibáñez;Albacete;02024;39.28671;-1.47127
Caudete;Albacete;02025;38.70516;-0.98804
Cenizate;Albacete;02026;39.30231;-1.66271
Corral-Rubio;Albacete;02027;38.83434;-1.45978
Cotillas;Albacete;02028;38.43103;-2.50587
Chinchilla de Monte-Aragón;Albacete;02029;38.91953;-1.72529
Elche de la Sierra;Albacete;02030;38.45007;-2.04814
Férez;Albacete;02031;38.35555;-2.00842
Fuensanta;Albacete;02032;39.24516;-2.06902
Fuente-Álamo;Albacete;02033;38.69272;-1.4326
Fuentealbilla;Albacete;02034;39.26751;-1.55113
Gineta, La;Albacete;02035;39.11167;-2.00015
Golosalvo;Albacete;02036;39.23942;-1.6357
Hellín;Albacete;02037;38.50689;-1.69794
Herrera, La;Albacete;02038;38.9623;-2.12635
Higueruela;Albacete;02039;38.96184;-1.44226
Hoya-Gonzalo;Albacete;02040;38.95842;-1.55658
Jorquera;Albacete;02041;39.17503;-1.52147
Letur;Albacete;02042;38.36563;-2.10146
Lezuza;Albacete;02043;38.94965;-2.35545
Liétor;Albacete;02044;38.54165;-1.9533
Madrigueras;Albacete;02045;39.23668;-1.80015
Mahora;Albacete;02046;39.21312;-1.7259
Masegoso;Albacete;02047;38.71821;-2.31631
Minaya;Albacete;02048;39.27102;-2.32093
Molinicos;Albacete;02049;38.46637;-2.24059
Montalvos;Albacete;02050;39.16573;-2.02763
Montealegre del Castillo;Albacete;02051;38.78885;-1.32704
Motilleja;Albacete;02052;39.18031;-1.79101
Munera;Albacete;02053;39.04092;-2.47896
Navas de Jorquera;Albacete;02054;39.28009;-1.71921
Nerpio;Albacete;02055;38.14777;-2.29875
Ontur;Albacete;02056;38.6159;-1.49787
Ossa de Montiel;Albacete;02057;38.96459;-2.74687
Paterna del Madera;Albacete;02058;38.59738;-2.34588
Peñascosa;Albacete;02059;38.67166;-2.41042
Peñas de San Pedro;Albacete;02060;38.72565;-2.001
Pétrola;Albacete;02061;38.82722;-1.55598
Povedilla;Albacete;02062;38.70074;-2.60342
Pozohondo;Albacete;02063;38.71995;-1.91115
Pozo-Lorente;Albacete;02064;39.07635;-1.50695
Pozuelo;Albacete;02065;38.80891;-2.10146
Recueja, La;Albacete;02066;39.17542;-1.49122
Riópar;Albacete;02067;38.49824;-2.41717
Robledo;Albacete;02068;38.75801;-2.45022
Roda, La;Albacete;02069;39.00133;-1.86856
Salobre;Albacete;02070;38.59286;-2.54982
San Pedro;Albacete;02071;38.82829;-2.18494
Socovos;Albacete;02072;38.33278;-1.98448
Tarazona de la Mancha;Albacete;02073;39.26512;-1.913
Tobarra;Albacete;02074;38.59096;-1.69308
Valdeganga;Albacete;02075;39.13584;-1.67728
Vianos;Albacete;02076;38.63226;-2.50061
Villa de Ves;Albacete;02077;39.22265;-1.25932
Villalgordo del Júcar;Albacete;02078;39.29664;-2.06308
Villamalea;Albacete;02079;39.36287;-1.59718
Villapalacios;Albacete;02080;38.57561;-2.6332
Villarrobledo;Albacete;02081;39.26832;-2.60156
Villatoya;Albacete;02082;39.33305;-1.33909
Villavaliente;Albacete;02083;39.12643;-1.45737
Villaverde de Guadalimar;Albacete;02084;38.45633;-2.51836
Viveros;Albacete;02085;38.77266;-2.57553
Yeste;Albacete;02086;38.36544;-2.32155
Pozo Cañada;Albacete;02901;38.80298;-1.73221
Atzúbia, l';Alicante;03001;38.84723;-0.15087
Agost;Alicante;03002;38.43725;-0.63819
Agres;Alicante;03003;38.78083;-0.51574
Aigües;Alicante;03004;38.50085;-0.36366
Albatera;Alicante;03005;38.18016;-0.87109
Alcalalí;Alicante;03006;38.74979;-0.0394
Alcosser;Alicante;03007;38.79533;-0.40339
Alcoleja;Alicante;03008;38.67512;-0.3316
Alcoi/Alcoy;Alicante;03009;38.69871;-0.48109
Alfafara;Alicante;03010;38.77411;-0.55474
Alfàs del Pi, l';Alicante;03011;38.57855;-0.09966
Algorfa;Alicante;03012;38.08492;-0.79668
Algueña;Alicante;03013;38.33997;-1.00239
Alacant/Alicante;Alicante;03014;38.346;-0.49069
Almoradí;Alicante;03015;38.11071;-0.7937
Almudaina;Alicante;03016;38.76083;-0.35395
Alqueria d'Asnar, l';Alicante;03017;38.77334;-0.42607
Altea;Alicante;03018;38.60291;-0.04507
Aspe;Alicante;03019;38.34359;-0.77041
Balones;Alicante;03020;38.73664;-0.34336
Banyeres de Mariola;Alicante;03021;38.71533;-0.65952
Benasau;Alicante;03022;38.68983;-0.34366
Beneixama;Alicante;03023;38.70158;-0.76635
Benejúzar;Alicante;03024;38.07721;-0.83878
Benferri;Alicante;03025;38.14249;-0.96176
Beniarbeig;Alicante;03026;38.82185;-0.0035
Beniardà;Alicante;03027;38.68341;-0.21633
Beniarrés;Alicante;03028;38.82059;-0.37896
Benigembla;Alicante;03029;38.75493;-0.1088
Benidoleig;Alicante;03030;38.79243;-0.02974
Benidorm;Alicante;03031;38.54106;-0.12249
Benifallim;Alicante;03032;38.66246;-0.39986
Benifato;Alicante;03033;38.6734;-0.22886
Benijófar;Alicante;03034;38.07803;-0.73784
Benilloba;Alicante;03035;38.70017;-0.38837
Benillup;Alicante;03036;38.75355;-0.37866
Benimantell;Alicante;03037;38.67651;-0.20993
Benimarfull;Alicante;03038;38.77608;-0.39191
Benimassot;Alicante;03039;38.74922;-0.29165
Benimeli;Alicante;03040;38.8225;-0.0414
Benissa;Alicante;03041;38.71455;0.05249
Poble Nou de Benitatxell, el/Benitachell;Alicante;03042;38.7313;0.14357
Biar;Alicante;03043;38.63082;-0.76635
Bigastro;Alicante;03044;38.06389;-0.89396
Bolulla;Alicante;03045;38.67619;-0.11178
Busot;Alicante;03046;38.48359;-0.41782
Calp;Alicante;03047;38.64365;0.04569
Callosa d'en Sarrià;Alicante;03048;38.65077;-0.12162
Callosa de Segura;Alicante;03049;38.12694;-0.8733
Campello, el;Alicante;03050;38.36268;-0.50102
Camp de Mirra, el/Campo de Mirra;Alicante;03051;38.68775;-0.77884
Cañada;Alicante;03052;38.67442;-0.81214
Castalla;Alicante;03053;38.59341;-0.67254
Castell de Castells;Alicante;03054;38.72553;-0.19458
Catral;Alicante;03055;38.15979;-0.80038
Cocentaina;Alicante;03056;38.74516;-0.43962
Confrides;Alicante;03057;38.6838;-0.26934
Cox;Alicante;03058;38.14305;-0.89016
Crevillent;Alicante;03059;38.24468;-0.81136
Quatretondeta;Alicante;03060;38.72363;-0.31632
Daya Nueva;Alicante;03061;38.11424;-0.75982
Daya Vieja;Alicante;03062;38.10415;-0.73576
Dénia;Alicante;03063;38.8388;0.10506
Dolores;Alicante;03064;38.13869;-0.76981
Elx/Elche;Alicante;03065;38.26993;-0.71256
Elda;Alicante;03066;38.47651;-0.79646
Fageca;Alicante;03067;38.73488;-0.26817
Famorca;Alicante;03068;38.73165;-0.24646
Finestrat;Alicante;03069;38.56775;-0.21254
Formentera del Segura;Alicante;03070;38.08525;-0.74556
Gata de Gorgos;Alicante;03071;38.77455;0.08022
Gaianes;Alicante;03072;38.81264;-0.40957
Gorga;Alicante;03073;38.71991;-0.3566
Granja de Rocamora;Alicante;03074;38.15251;-0.89091
Castell de Guadalest, el;Alicante;03075;38.67431;-0.19489
Guardamar del Segura;Alicante;03076;38.08515;-0.65128
Fondó de les Neus, el/Hondón de las Nieves;Alicante;03077;38.3084;-0.85259
Hondón de los Frailes;Alicante;03078;38.27403;-0.92893
Ibi;Alicante;03079;38.62273;-0.57544
Jacarilla;Alicante;03080;38.06129;-0.86632
Xaló;Alicante;03081;38.74065;-0.01101
Xàbia/Jávea;Alicante;03082;38.78901;0.16608
Xixona/Jijona;Alicante;03083;38.54104;-0.50629
Orxa, l'/Lorcha;Alicante;03084;38.84432;-0.31074
Llíber;Alicante;03085;38.74271;0.00641
Millena;Alicante;03086;38.73135;-0.36218
Monforte del Cid;Alicante;03088;38.37884;-0.72834
Monòver/Monóvar;Alicante;03089;38.43598;-0.84012
Mutxamel;Alicante;03090;38.41967;-0.44708
Murla;Alicante;03091;38.76068;-0.08198
Muro de Alcoy;Alicante;03092;38.78054;-0.43721
Novelda;Alicante;03093;38.3841;-0.76685
Nucia, la;Alicante;03094;38.36203;-0.50028
Ondara;Alicante;03095;38.82447;0.01982
Onil;Alicante;03096;38.62877;-0.67375
Orba;Alicante;03097;38.77999;-0.06183
Orxeta;Alicante;03098;38.56284;-0.26259
Orihuela;Alicante;03099;38.08555;-0.94801
Parcent;Alicante;03100;38.74531;-0.06592
Pedreguer;Alicante;03101;38.79308;0.03382
Pego;Alicante;03102;38.84294;-0.11564
Penàguila;Alicante;03103;38.67971;-0.35954
Petrer;Alicante;03104;38.48079;-0.77192
Pinós, el/Pinoso;Alicante;03105;38.40352;-1.04111
Planes;Alicante;03106;38.78306;-0.33991
Polop;Alicante;03107;38.62222;-0.12722
Rafal;Alicante;03109;38.10328;-0.84995
Ràfol d'Almúnia, el;Alicante;03110;38.82043;-0.0529
Redován;Alicante;03111;38.11386;-0.90685
Relleu;Alicante;03112;38.58766;-0.31074
Rojales;Alicante;03113;38.08605;-0.72359
Romana, la;Alicante;03114;38.37285;-0.47905
Sagra;Alicante;03115;38.81072;-0.06592
Salinas;Alicante;03116;38.51956;-0.91163
Sanet y Negrals;Alicante;03117;38.81956;-0.03353
San Fulgencio;Alicante;03118;38.112;-0.71924
Sant Joan d'Alacant;Alicante;03119;38.40205;-0.43603
San Miguel de Salinas;Alicante;03120;37.97844;-0.78892
Santa Pola;Alicante;03121;38.19656;-0.56124
Sant Vicent del Raspeig/San Vicente del Raspeig;Alicante;03122;38.39642;-0.52487
Sax;Alicante;03123;38.53598;-0.82107
Sella;Alicante;03124;38.60841;-0.27286
Senija;Alicante;03125;38.7283;0.0414
Tàrbena;Alicante;03127;38.69404;-0.10248
Teulada;Alicante;03128;38.72826;0.10447
Tibi;Alicante;03129;38.53285;-0.57485
Tollos;Alicante;03130;38.75711;-0.27521
Tormos;Alicante;03131;38.80124;-0.07322
Torre de les Maçanes, la/Torremanzanas;Alicante;03132;38.60798;-0.41988
Torrevieja;Alicante;03133;37.9847;-0.68082
Vall d'Alcalà, la;Alicante;03134;38.45745;-0.51156
Vall d'Ebo, la;Alicante;03135;38.80539;-0.1594
Vall de Gallinera, la;Alicante;03136;38.83077;-0.23385
Vall de Laguar, la;Alicante;03137;38.34643;-0.51291
Verger, el;Alicante;03138;38.84538;0.01049
Vila Joiosa, la/Villajoyosa;Alicante;03139;38.50796;-0.22858
Villena;Alicante;03140;38.63182;-0.86122
Poblets, els;Alicante;03901;38.85479;0.01727
Pilar de la Horadada;Alicante;03902;37.86318;-0.79013
Montesinos, Los;Alicante;03903;38.36841;-0.47641
San Isidro;Alicante;03904;38.17062;-0.84065
Abla;Almería;04001;37.14234;-2.77736
Abrucena;Almería;04002;37.13387;-2.79603
Adra;Almería;04003;36.7479;-3.01632
Albanchez;Almería;04004;37.28619;-2.18218
Alboloduy;Almería;04005;37.033;-2.6211
Albox;Almería;04006;37.3881;-2.14175
Alcolea;Almería;04007;36.97306;-2.96068
Alcóntar;Almería;04008;37.33595;-2.59753
Alcudia de Monteagud;Almería;04009;37.23515;-2.26642
Alhabia;Almería;04010;36.9898;-2.58731
Alhama de Almería;Almería;04011;36.95734;-2.56809
Alicún;Almería;04012;36.96632;-2.60249
Almería;Almería;04013;36.83405;-2.46371
Almócita;Almería;04014;37.003;-2.79012
Alsodux;Almería;04015;37.00273;-2.59443
Antas;Almería;04016;37.24504;-1.91875
Arboleas;Almería;04017;37.35194;-2.07326
Armuña de Almanzora;Almería;04018;37.34924;-2.41068
Bacares;Almería;04019;37.26077;-2.45346
Bayárcal;Almería;04020;37.0302;-2.99537
Bayarque;Almería;04021;37.3307;-2.436
Bédar;Almería;04022;37.19039;-1.98142
Beires;Almería;04023;37.01238;-2.79074
Benahadux;Almería;04024;36.92666;-2.4613
Benitagla;Almería;04026;37.23166;-2.23874
Benizalón;Almería;04027;37.21221;-2.2412
Bentarique;Almería;04028;36.98743;-2.61924
Berja;Almería;04029;36.84518;-2.94507
Canjáyar;Almería;04030;37.0092;-2.74003
Cantoria;Almería;04031;37.3524;-2.19273
Carboneras;Almería;04032;36.99912;-1.89214
Castro de Filabres;Almería;04033;37.18508;-2.43985
Cóbdar;Almería;04034;37.26115;-2.21047
Cuevas del Almanzora;Almería;04035;37.29224;-1.87608
Chercos;Almería;04036;37.26679;-2.25801
Chirivel;Almería;04037;37.59634;-2.26735
Dalías;Almería;04038;36.82152;-2.87084
Enix;Almería;04041;36.87674;-2.60549
Felix;Almería;04043;36.86873;-2.65802
Fines;Almería;04044;37.3598;-2.26337
Fiñana;Almería;04045;37.17095;-2.8415
Fondón;Almería;04046;36.98095;-2.85709
Gádor;Almería;04047;36.95291;-2.49195
Gallardos, Los;Almería;04048;36.83283;-2.40367
Garrucha;Almería;04049;37.18021;-1.8233
Gérgal;Almería;04050;37.11815;-2.54146
Huécija;Almería;04051;36.96784;-2.60962
Huércal de Almería;Almería;04052;36.88818;-2.44455
Huércal-Overa;Almería;04053;37.39622;-1.94169
Íllar;Almería;04054;36.98515;-2.63929
Instinción;Almería;04055;36.99356;-2.6605
Laroya;Almería;04056;37.29673;-2.3311
Laujar de Andarax;Almería;04057;36.99373;-2.89675
Líjar;Almería;04058;37.29488;-2.21844
Lubrín;Almería;04059;37.2157;-2.06713
Lucainena de las Torres;Almería;04060;37.04079;-2.201
Lúcar;Almería;04061;37.4;-2.42519
Macael;Almería;04062;37.332;-2.30336
María;Almería;04063;37.7106;-2.1659
Mojácar;Almería;04064;37.14028;-1.85073
Nacimiento;Almería;04065;37.10611;-2.6484
Níjar;Almería;04066;36.96593;-2.20677
Ohanes;Almería;04067;37.03858;-2.74501
Olula de Castro;Almería;04068;37.17444;-2.47587
Olula del Río;Almería;04069;37.35538;-2.29781
Oria;Almería;04070;37.48463;-2.29382
Padules;Almería;04071;36.99903;-2.77363
Partaloa;Almería;04072;37.40691;-2.22582
Paterna del Río;Almería;04073;37.02154;-2.95319
Pechina;Almería;04074;36.9164;-2.4403
Pulpí;Almería;04075;37.40587;-1.75023
Purchena;Almería;04076;37.34725;-2.36039
Rágol;Almería;04077;36.99545;-2.68068
Rioja;Almería;04078;36.94502;-2.46312
Roquetas de Mar;Almería;04079;36.76368;-2.61543
Santa Cruz de Marchena;Almería;04080;37.01664;-2.60249
Santa Fe de Mondújar;Almería;04081;36.97525;-2.53063
Senés;Almería;04082;37.20415;-2.34629
Serón;Almería;04083;37.3435;-2.51051
Sierro;Almería;04084;37.32176;-2.39926
Somontín;Almería;04085;37.39242;-2.38784
Sorbas;Almería;04086;37.10012;-2.12907
Suflí;Almería;04087;37.33833;-2.38908
Tabernas;Almería;04088;37.05168;-2.39005
Taberno;Almería;04089;37.46928;-2.07816
Tahal;Almería;04090;37.22806;-2.28505
Terque;Almería;04091;36.98422;-2.59722
Tíjola;Almería;04092;37.3457;-2.43693
Turre;Almería;04093;37.15496;-1.89649
Turrillas;Almería;04094;37.02948;-2.26479
Uleila del Campo;Almería;04095;37.18513;-2.20461
Urrácal;Almería;04096;37.39673;-2.36516
Velefique;Almería;04097;37.19467;-2.40296
Vélez-Blanco;Almería;04098;37.69258;-2.09656
Vélez-Rubio;Almería;04099;37.64969;-2.07878
Vera;Almería;04100;37.24768;-1.86792
Viator;Almería;04101;36.88781;-2.42458
Vícar;Almería;04102;36.83144;-2.64188
Zurgena;Almería;04103;37.34183;-2.04018
Tres Villas, Las;Almería;04901;36.88463;-2.41829
Ejido, El;Almería;04902;36.77311;-2.81036
Mojonera, La;Almería;04903;36.83358;-2.44469
Balanegra;Almería;04904;;
Adanero;Ávila;05001;40.9439;-4.60501
Adrada, La;Ávila;05002;40.29956;-4.63653
Albornos;Ávila;05005;40.84042;-4.88146
Aldeanueva de Santa Cruz;Ávila;05007;40.38178;-5.42112
Aldeaseca;Ávila;05008;41.04911;-4.81772
Aldehuela, La;Ávila;05010;40.78333;-4.75
Amavida;Ávila;05012;40.57368;-5.0654
Arenal, El;Ávila;05013;40.70691;-4.76767
Arenas de San Pedro;Ávila;05014;40.21027;-5.0833
Arevalillo;Ávila;05015;40.58675;-5.37236
Arévalo;Ávila;05016;41.05898;-4.71874
Aveinte;Ávila;05017;40.78148;-4.83683
Avellaneda;Ávila;05018;40.38909;-5.39045
Ávila;Ávila;05019;40.65669;-4.68121
Barco de Ávila, El;Ávila;05021;40.65459;-4.7089
Barraco, El;Ávila;05022;40.47881;-4.63828
Barromán;Ávila;05023;41.06572;-4.93055
Becedas;Ávila;05024;40.40458;-5.63465
Becedillas;Ávila;05025;40.53818;-5.32659
Bercial de Zapardiel;Ávila;05026;41.04645;-4.96951
Berlanas, Las;Ávila;05027;40.79917;-4.76218
Bernuy-Zapardiel;Ávila;05029;40.97581;-4.94483
Berrocalejo de Aragona;Ávila;05030;40.69499;-4.59405
Blascomillán;Ávila;05033;40.80195;-5.08785
Blasconuño de Matacabras;Ávila;05034;41.1235;-4.98988
Blascosancho;Ávila;05035;40.87701;-4.63858
Bohodón, El;Ávila;05036;40.91555;-4.72969
Bohoyo;Ávila;05037;40.31563;-5.44175
Bonilla de la Sierra;Ávila;05038;40.52964;-5.26387
Brabos;Ávila;05039;40.77934;-4.93964
Bularros;Ávila;05040;40.72435;-4.86568
Burgohondo;Ávila;05041;40.41263;-4.78599
Cabezas de Alambre;Ávila;05042;40.94117;-4.84105
Cabezas del Pozo;Ávila;05043;41.00059;-4.95392
Cabezas del Villar;Ávila;05044;40.71378;-5.2097
Cabizuela;Ávila;05045;40.90127;-4.80088
Canales;Ávila;05046;41.00316;-4.90102
Candeleda;Ávila;05047;40.15592;-5.24364
Cantiveros;Ávila;05048;40.95144;-4.95522
Cardeñosa;Ávila;05049;40.74139;-4.74457
Carrera, La;Ávila;05051;40.58573;-4.74503
Casas del Puerto;Ávila;05052;40.52885;-5.19731
Casasola;Ávila;05053;40.6687;-4.82776
Casavieja;Ávila;05054;40.28358;-4.76786
Casillas;Ávila;05055;40.32527;-4.57083
Castellanos de Zapardiel;Ávila;05056;41.08419;-4.90978
Cebreros;Ávila;05057;40.46102;-4.46429
Cepeda la Mora;Ávila;05058;40.45801;-5.04881
Cillán;Ávila;05059;40.70442;-4.9773
Cisla;Ávila;05060;40.96655;-5.0137
Colilla, La;Ávila;05061;40.64626;-4.76592
Collado de Contreras;Ávila;05062;40.88687;-4.93315
Collado del Mirón;Ávila;05063;40.55375;-5.35307
Constanzana;Ávila;05064;40.93855;-4.87346
Crespos;Ávila;05065;40.87079;-4.97016
Cuevas del Valle;Ávila;05066;40.29378;-5.00915
Chamartín;Ávila;05067;40.7017;-4.95722
Donjimeno;Ávila;05069;40.96005;-4.84676
Donvidas;Ávila;05070;41.08889;-4.80574
Espinosa de los Caballeros;Ávila;05072;41.00901;-4.65311
Flores de Ávila;Ávila;05073;40.93217;-5.08004
Fontiveros;Ávila;05074;40.92898;-4.96496
Fresnedilla;Ávila;05075;40.23202;-4.62074
Fresno, El;Ávila;05076;40.58759;-4.7464
Fuente el Saúz;Ávila;05077;40.97731;-4.90978
Fuentes de Año;Ávila;05078;41.01675;-4.8994
Gallegos de Altamiros;Ávila;05079;40.7116;-4.91108
Gallegos de Sobrinos;Ávila;05080;40.71592;-5.11227
Garganta del Villar;Ávila;05081;40.4502;-5.1038
Gavilanes;Ávila;05082;40.27687;-4.85271
Gemuño;Ávila;05083;40.59164;-4.78177
Gilbuena;Ávila;05084;40.41586;-5.60572
Gil García;Ávila;05085;40.29787;-5.59422
Gimialcón;Ávila;05086;40.87735;-5.12301
Gotarrendura;Ávila;05087;40.82563;-4.73875
Grandes y San Martín;Ávila;05088;40.76597;-4.97146
Guisando;Ávila;05089;40.22243;-5.13995
Gutierre-Muñoz;Ávila;05090;40.98351;-4.63793
Hernansancho;Ávila;05092;40.85755;-4.72969
Herradón de Pinares;Ávila;05093;40.5647;-4.55929
Herreros de Suso;Ávila;05094;40.80225;-5.03775
Higuera de las Dueñas;Ávila;05095;40.23989;-4.60308
Hija de Dios, La;Ávila;05096;40.52976;-4.96724
Horcajada, La;Ávila;05097;40.43649;-5.46664
Horcajo de las Torres;Ávila;05099;41.06446;-5.0898
Hornillo, El;Ávila;05100;40.24953;-5.10348
Hoyocasero;Ávila;05101;40.3989;-4.976
Hoyo de Pinares, El;Ávila;05102;40.61445;-4.25801
Hoyorredondo;Ávila;05103;40.46289;-5.4113
Hoyos del Collado;Ávila;05104;40.35758;-5.20025
Hoyos del Espino;Ávila;05105;40.35615;-5.17547
Hoyos de Miguel Muñoz;Ávila;05106;40.39272;-5.06735
Hurtumpascual;Ávila;05107;40.69123;-5.11292
Junciana;Ávila;05108;40.41059;-5.55713
Langa;Ávila;05109;41.00653;-4.85855
Lanzahíta;Ávila;05110;40.20525;-4.93379
Losar del Barco, El;Ávila;05112;40.39382;-5.5393
Llanos de Tormes, Los;Ávila;05113;40.32845;-5.5004
Madrigal de las Altas Torres;Ávila;05114;41.0901;-4.998
Maello;Ávila;05115;40.80882;-4.51217
Malpartida de Corneja;Ávila;05116;40.52248;-5.35078
Mamblas;Ávila;05117;41.01945;-5.0124
Mancera de Arriba;Ávila;05118;40.79052;-5.14646
Manjabálago y Ortigosa de Rioalmar;Ávila;05119;40.67088;-5.06507
Marlín;Ávila;05120;40.71166;-4.82906
Martiherrero;Ávila;05121;40.67479;-4.78016
Martínez;Ávila;05122;40.62969;-5.34751
Mediana de Voltoya;Ávila;05123;40.70034;-4.56276
Medinilla;Ávila;05124;40.43942;-5.61754
Mengamuñoz;Ávila;05125;40.4997;-4.99985
Mesegar de Corneja;Ávila;05126;40.50128;-5.30176
Mijares;Ávila;05127;40.29668;-4.83586
Mingorría;Ávila;05128;40.75158;-4.66506
Mirón, El;Ávila;05129;40.53327;-5.40508
Mironcillo;Ávila;05130;40.55394;-4.8229
Mirueña de los Infanzones;Ávila;05131;40.73615;-5.09046
Mombeltrán;Ávila;05132;40.26032;-5.01695
Monsalupe;Ávila;05133;40.76861;-4.78178
Moraleja de Matacabras;Ávila;05134;41.10726;-4.95782
Muñana;Ávila;05135;40.5914;-5.015
Muñico;Ávila;05136;40.70729;-5.028
Muñogalindo;Ávila;05138;40.60396;-4.8994
Muñogrande;Ávila;05139;40.82178;-4.92146
Muñomer del Peco;Ávila;05140;40.85881;-4.88014
Muñopepe;Ávila;05141;40.63426;-4.81869
Muñosancho;Ávila;05142;40.92025;-5.0358
Muñotello;Ávila;05143;40.54205;-5.04231
Narrillos del Álamo;Ávila;05144;40.56713;-5.46664
Narrillos del Rebollar;Ávila;05145;40.66477;-4.96529
Narros del Castillo;Ávila;05147;40.85729;-5.06312
Narros del Puerto;Ávila;05148;40.54165;-4.9929
Narros de Saldueña;Ávila;05149;40.87323;-4.86827
Navacepedilla de Corneja;Ávila;05151;40.4859;-5.18248
Nava de Arévalo;Ávila;05152;40.97792;-4.77498
Nava del Barco;Ávila;05153;40.29285;-5.53975
Navadijos;Ávila;05154;40.42511;-5.08232
Navaescurial;Ávila;05155;40.47211;-5.2771
Navahondilla;Ávila;05156;40.32539;-4.49446
Navalacruz;Ávila;05157;40.44019;-4.93185
Navalmoral;Ávila;05158;40.45913;-4.76786
Navalonguilla;Ávila;05159;40.27848;-5.50072
Navalosa;Ávila;05160;40.40212;-4.93055
Navalperal de Pinares;Ávila;05161;40.59192;-4.41114
Navalperal de Tormes;Ávila;05162;40.35236;-5.30143
Navaluenga;Ávila;05163;40.40962;-4.70448
Navaquesera;Ávila;05164;40.42552;-4.91075
Navarredonda de Gredos;Ávila;05165;40.36163;-5.13083
Navarredondilla;Ávila;05166;40.45373;-4.82161
Navarrevisca;Ávila;05167;40.36485;-4.89486
Navas del Marqués, Las;Ávila;05168;40.5892;-4.36226
Navatalgordo;Ávila;05169;40.41441;-4.87266
Navatejares;Ávila;05170;40.33585;-5.53187
Neila de San Miguel;Ávila;05171;40.42379;-5.65171
Niharra;Ávila;05172;40.58969;-4.83943
Ojos-Albos;Ávila;05173;40.70595;-4.51636
Orbita;Ávila;05174;40.99822;-4.64863
Oso, El;Ávila;05175;40.8395;-4.76981
Padiernos;Ávila;05176;40.62245;-4.84623
Pajares de Adaja;Ávila;05177;40.92421;-4.64051
Palacios de Goda;Ávila;05178;41.11776;-4.7834
Papatrigo;Ávila;05179;40.86714;-4.83327
Parral, El;Ávila;05180;40.79863;-4.9903
Pascualcobo;Ávila;05181;40.65571;-5.27693
Pedro Bernardo;Ávila;05182;40.24261;-4.90978
Pedro-Rodríguez;Ávila;05183;40.93636;-4.78686
Peguerinos;Ávila;05184;40.62651;-4.23141
Peñalba de Ávila;Ávila;05185;40.77187;-4.74703
Piedrahíta;Ávila;05186;40.46521;-5.32724
Piedralaves;Ávila;05187;40.317;-4.69801
Poveda;Ávila;05188;40.56801;-5.07906
Poyales del Hoyo;Ávila;05189;40.17281;-5.16602
Pozanco;Ávila;05190;40.8007;-4.66893
Pradosegar;Ávila;05191;40.54967;-5.07093
Puerto Castilla;Ávila;05192;40.28885;-5.62937
Rasueros;Ávila;05193;41.02213;-5.07321
Riocabado;Ávila;05194;40.83053;-4.80347
Riofrío;Ávila;05195;40.54856;-4.77759
Rivilla de Barajas;Ávila;05196;40.90218;-4.9877
Salobral;Ávila;05197;40.61181;-4.81027
Salvadiós;Ávila;05198;40.87724;-5.09697
San Bartolomé de Béjar;Ávila;05199;40.40803;-5.66223
San Bartolomé de Corneja;Ávila;05200;40.4927;-5.38447
San Bartolomé de Pinares;Ávila;05201;40.54255;-4.53988
Sanchidrián;Ávila;05204;40.89371;-4.58188
Sanchorreja;Ávila;05205;40.6644;-4.91465
San Esteban de los Patos;Ávila;05206;40.74656;-4.6247
San Esteban del Valle;Ávila;05207;40.27463;-4.98055
San Esteban de Zapardiel;Ávila;05208;41.09244;-4.90037
San García de Ingelmos;Ávila;05209;40.76851;-5.11585
San Juan de la Encinilla;Ávila;05210;40.83033;-4.83845
San Juan de la Nava;Ávila;05211;40.47851;-4.68185
San Juan del Molinillo;Ávila;05212;40.45864;-4.81804
San Juan del Olmo;Ávila;05213;40.65313;-5.05141
San Lorenzo de Tormes;Ávila;05214;40.36973;-5.48794
San Martín de la Vega del Alberche;Ávila;05215;40.43074;-5.15591
San Martín del Pimpollar;Ávila;05216;40.36913;-5.05434
San Miguel de Corneja;Ávila;05217;40.48704;-5.28706
San Miguel de Serrezuela;Ávila;05218;40.67036;-5.28869
San Pascual;Ávila;05219;40.88171;-4.75557
San Pedro del Arroyo;Ávila;05220;40.8018;-4.87151
Santa Cruz del Valle;Ávila;05221;40.25335;-5.00135
Santa Cruz de Pinares;Ávila;05222;40.5422;-4.58114
Santa María del Arroyo;Ávila;05224;40.60073;-4.92308
Santa María del Berrocal;Ávila;05225;40.50918;-5.40508
Santa María de los Caballeros;Ávila;05226;40.38859;-5.4519
Santa María del Tiétar;Ávila;05227;40.30494;-4.55342
Santiago del Collado;Ávila;05228;40.43431;-5.36043
Santo Domingo de las Posadas;Ávila;05229;40.81215;-4.63535
Santo Tomé de Zabarcos;Ávila;05230;40.78693;-4.90978
San Vicente de Arévalo;Ávila;05231;40.96804;-4.80088
Serrada, La;Ávila;05232;40.63121;-4.79311
Serranillos;Ávila;05233;40.33548;-4.91238
Sigeres;Ávila;05234;40.79889;-4.93282
Sinlabajos;Ávila;05235;41.07617;-4.83197
Solana de Ávila;Ávila;05236;40.31506;-5.6136
Solana de Rioalmar;Ávila;05237;40.73836;-5.0111
Solosancho;Ávila;05238;40.55238;-4.90524
Sotalbo;Ávila;05239;40.5013;-4.88319
Sotillo de la Adrada;Ávila;05240;40.29241;-4.5805
Tiemblo, El;Ávila;05241;40.65112;-4.69875
Tiñosillos;Ávila;05242;40.93395;-4.72646
Tolbaños;Ávila;05243;40.75145;-4.58147
Tormellas;Ávila;05244;40.30438;-5.51154
Tornadizos de Ávila;Ávila;05245;40.62585;-4.6134
Tórtoles;Ávila;05246;40.56145;-5.26126
Torre, La;Ávila;05247;40.58973;-4.96561
Umbrías;Ávila;05249;40.31262;-5.57847
Vadillo de la Sierra;Ávila;05251;40.60688;-5.12431
Valdecasa;Ávila;05252;40.65962;-5.01142
Vega de Santa María;Ávila;05253;40.83615;-4.64277
Velayos;Ávila;05254;40.84044;-4.62244
Villaflor;Ávila;05256;40.75809;-4.87475
Villafranca de la Sierra;Ávila;05257;40.49787;-5.23026
Villanueva de Gómez;Ávila;05258;40.88209;-4.71547
Villanueva del Aceral;Ávila;05259;41.04161;-4.85433
Villanueva del Campillo;Ávila;05260;40.57651;-5.18036
Villar de Corneja;Ávila;05261;40.47448;-5.43487
Villarejo del Valle;Ávila;05262;40.28736;-4.9955
Villatoro;Ávila;05263;40.55511;-5.11099
Viñegra de Moraña;Ávila;05264;40.8508;-4.92146
Vita;Ávila;05265;40.81184;-5.0059
Zapardiel de la Cañada;Ávila;05266;40.60606;-5.33836
Zapardiel de la Ribera;Ávila;05267;40.35558;-5.32822
San Juan de Gredos;Ávila;05901;40.36387;-5.23711
Santa María del Cubillo;Ávila;05902;40.74097;-4.46968
Diego del Carpio;Ávila;05903;40.6635;-5.34163
Santiago del Tormes;Ávila;05904;40.3368;-5.38349
Villanueva de Ávila;Ávila;05905;40.37873;-4.82161
Acedera;Badajoz;06001;39.0766;-5.57228
Aceuchal;Badajoz;06002;38.64706;-6.48718
Ahillones;Badajoz;06003;38.26235;-5.86197
Alange;Badajoz;06004;38.78708;-6.24349
Albuera, La;Badajoz;06005;38.86976;-6.95913
Alburquerque;Badajoz;06006;39.21936;-7.00132
Alconchel;Badajoz;06007;38.51668;-7.07087
Alconera;Badajoz;06008;38.39647;-6.47688
Aljucén;Badajoz;06009;39.04591;-6.33166
Almendral;Badajoz;06010;38.61327;-6.8223
Almendralejo;Badajoz;06011;38.68982;-6.40568
Arroyo de San Serván;Badajoz;06012;38.85286;-6.45521
Atalaya;Badajoz;06013;38.3359;-6.47277
Azuaga;Badajoz;06014;38.25962;-5.67792
Badajoz;Badajoz;06015;38.8786;-6.97028
Barcarrota;Badajoz;06016;38.51441;-6.84904
Baterno;Badajoz;06017;38.95633;-4.91146
Benquerencia de la Serena;Badajoz;06018;38.69917;-5.49442
Berlanga;Badajoz;06019;38.28272;-5.82918
Bienvenida;Badajoz;06020;38.29828;-6.21055
Bodonal de la Sierra;Badajoz;06021;38.1479;-6.56009
Burguillos del Cerro;Badajoz;06022;38.37848;-6.5893
Cabeza del Buey;Badajoz;06023;38.72123;-5.21946
Cabeza la Vaca;Badajoz;06024;38.08687;-6.42257
Calamonte;Badajoz;06025;38.88998;-6.38503
Calera de León;Badajoz;06026;38.10712;-6.33679
Calzadilla de los Barros;Badajoz;06027;38.30002;-6.31676
Campanario;Badajoz;06028;38.86335;-5.6178
Campillo de Llerena;Badajoz;06029;38.50023;-5.83113
Capilla;Badajoz;06030;38.82045;-5.08428
Carmonita;Badajoz;06031;39.15389;-6.33852
Carrascalejo, El;Badajoz;06032;39.02248;-6.3369
Casas de Don Pedro;Badajoz;06033;39.10563;-5.32864
Casas de Reina;Badajoz;06034;38.20173;-5.96978
Castilblanco;Badajoz;06035;39.28229;-5.091
Castuera;Badajoz;06036;38.72257;-5.54552
Codosera, La;Badajoz;06037;39.20756;-7.17229
Cordobilla de Lácara;Badajoz;06038;39.14813;-6.43644
Coronada, La;Badajoz;06039;38.91929;-5.67078
Corte de Peleas;Badajoz;06040;38.72504;-6.67092
Cristina;Badajoz;06041;38.83703;-6.10031
Cheles;Badajoz;06042;38.51247;-7.28118
Don Álvaro;Badajoz;06043;38.84887;-6.27515
Don Benito;Badajoz;06044;38.9543;-5.86175
Entrín Bajo;Badajoz;06045;38.71845;-6.7134
Esparragalejo;Badajoz;06046;38.94225;-6.43924
Esparragosa de la Serena;Badajoz;06047;38.6495;-5.60701
Esparragosa de Lares;Badajoz;06048;38.97508;-5.2701
Feria;Badajoz;06049;38.51197;-6.56434
Fregenal de la Sierra;Badajoz;06050;38.16476;-6.65135
Fuenlabrada de los Montes;Badajoz;06051;39.13128;-4.9356
Fuente de Cantos;Badajoz;06052;38.24661;-6.30923
Fuente del Arco;Badajoz;06053;38.15202;-5.89656
Fuente del Maestre;Badajoz;06054;38.52863;-6.44985
Fuentes de León;Badajoz;06055;38.06809;-6.53861
Garbayuela;Badajoz;06056;39.04953;-5.00056
Garlitos;Badajoz;06057;38.87967;-5.04805
Garrovilla, La;Badajoz;06058;38.92071;-6.47813
Granja de Torrehermosa;Badajoz;06059;38.31067;-5.59761
Guareña;Badajoz;06060;38.86047;-6.10464
Haba, La;Badajoz;06061;38.92063;-5.80243
Helechosa de los Montes;Badajoz;06062;39.31137;-4.90921
Herrera del Duque;Badajoz;06063;39.16891;-5.05131
Higuera de la Serena;Badajoz;06064;38.64634;-5.74108
Higuera de Llerena;Badajoz;06065;38.37675;-5.99955
Higuera de Vargas;Badajoz;06066;38.44587;-6.9739
Higuera la Real;Badajoz;06067;38.14108;-6.68974
Hinojosa del Valle;Badajoz;06068;38.48338;-6.18456
Hornachos;Badajoz;06069;38.55511;-6.06967
Jerez de los Caballeros;Badajoz;06070;38.31935;-6.77101
Lapa, La;Badajoz;06071;38.45315;-6.51931
Lobón;Badajoz;06072;38.84752;-6.62547
Llera;Badajoz;06073;38.44814;-6.0572
Llerena;Badajoz;06074;38.23769;-6.01533
Magacela;Badajoz;06075;38.89587;-5.73411
Maguilla;Badajoz;06076;38.36658;-5.83702
Malcocinado;Badajoz;06077;38.12186;-5.69314
Malpartida de la Serena;Badajoz;06078;38.67442;-5.64081
Manchita;Badajoz;06079;38.81499;-6.02265
Medellín;Badajoz;06080;38.96302;-5.95771
Medina de las Torres;Badajoz;06081;38.34339;-6.41175
Mengabril;Badajoz;06082;38.93616;-5.93306
Mérida;Badajoz;06083;38.91586;-6.34561
Mirandilla;Badajoz;06084;39.0017;-6.28986
Monesterio;Badajoz;06085;38.08678;-6.27429
Montemolín;Badajoz;06086;38.15512;-6.21454
Monterrubio de la Serena;Badajoz;06087;38.5892;-5.44348
Montijo;Badajoz;06088;38.90995;-6.61733
Morera, La;Badajoz;06089;38.88302;-6.9822
Nava de Santiago, La;Badajoz;06090;39.06285;-6.50498
Navalvillar de Pela;Badajoz;06091;39.09064;-5.46917
Nogales;Badajoz;06092;38.58658;-6.74902
Oliva de la Frontera;Badajoz;06093;38.27606;-6.91992
Oliva de Mérida;Badajoz;06094;38.79173;-6.12672
Olivenza;Badajoz;06095;38.68164;-7.10152
Orellana de la Sierra;Badajoz;06096;39.03048;-5.49754
Orellana la Vieja;Badajoz;06097;39.00505;-5.53427
Palomas;Badajoz;06098;38.69216;-6.13416
Parra, La;Badajoz;06099;38.85503;-6.99706
Peñalsordo;Badajoz;06100;38.81918;-5.11411
Peraleda del Zaucejo;Badajoz;06101;38.47416;-5.56568
Puebla de Alcocer;Badajoz;06102;38.98521;-5.25794
Puebla de la Calzada;Badajoz;06103;38.89429;-6.62456
Puebla de la Reina;Badajoz;06104;38.66394;-6.10381
Puebla del Maestre;Badajoz;06105;38.08456;-6.07957
Puebla del Prior;Badajoz;06106;38.5709;-6.19735
Puebla de Obando;Badajoz;06107;39.17762;-6.62819
Puebla de Sancho Pérez;Badajoz;06108;38.39765;-6.39993
Quintana de la Serena;Badajoz;06109;38.74163;-5.67232
Reina;Badajoz;06110;38.18746;-5.94953
Rena;Badajoz;06111;39.05318;-5.80855
Retamal de Llerena;Badajoz;06112;38.57788;-5.83818
Ribera del Fresno;Badajoz;06113;38.55236;-6.24159
Risco;Badajoz;06114;38.91041;-5.12303
Roca de la Sierra, La;Badajoz;06115;39.10947;-6.68921
Salvaleón;Badajoz;06116;38.50986;-6.78636
Salvatierra de los Barros;Badajoz;06117;38.49078;-6.68516
Sancti-Spíritus;Badajoz;06118;38.92467;-5.14595
San Pedro de Mérida;Badajoz;06119;38.94798;-6.1863
Santa Amalia;Badajoz;06120;39.01209;-6.01155
Santa Marta;Badajoz;06121;38.61237;-6.62911
Santos de Maimona, Los;Badajoz;06122;38.44972;-6.36175
San Vicente de Alcántara;Badajoz;06123;39.36045;-7.13695
Segura de León;Badajoz;06124;38.12104;-6.52853
Siruela;Badajoz;06125;38.97767;-5.0517
Solana de los Barros;Badajoz;06126;38.72629;-6.53801
Talarrubias;Badajoz;06127;39.03328;-5.23606
Talavera la Real;Badajoz;06128;38.8765;-6.77358
Táliga;Badajoz;06129;38.52709;-7.01464
Tamurejo;Badajoz;06130;38.99115;-4.94776
Torre de Miguel Sesmero;Badajoz;06131;38.61896;-6.79603
Torremayor;Badajoz;06132;38.90372;-6.53633
Torremejía;Badajoz;06133;38.78965;-6.38167
Trasierra;Badajoz;06134;38.19107;-5.99548
Trujillanos;Badajoz;06135;38.9516;-6.25964
Usagre;Badajoz;06136;38.35719;-6.16437
Valdecaballeros;Badajoz;06137;39.24578;-5.19196
Valdetorres;Badajoz;06138;38.91568;-6.06868
Valencia de las Torres;Badajoz;06139;38.405;-6.00378
Valencia del Mombuey;Badajoz;06140;38.24256;-7.11964
Valencia del Ventoso;Badajoz;06141;38.265;-6.47461
Valverde de Burguillos;Badajoz;06142;38.32713;-6.53783
Valverde de Leganés;Badajoz;06143;38.67241;-6.98191
Valverde de Llerena;Badajoz;06144;38.21376;-5.82211
Valverde de Mérida;Badajoz;06145;38.91176;-6.22161
Valle de la Serena;Badajoz;06146;38.70062;-5.79965
Valle de Matamoros;Badajoz;06147;38.3796;-6.80289
Valle de Santa Ana;Badajoz;06148;38.36528;-6.788
Villafranca de los Barros;Badajoz;06149;38.5623;-6.33783
Villagarcía de la Torre;Badajoz;06150;38.29387;-6.08057
Villagonzalo;Badajoz;06151;38.86309;-6.19694
Villalba de los Barros;Badajoz;06152;38.61292;-6.50978
Villanueva de la Serena;Badajoz;06153;38.97399;-5.8003
Villanueva del Fresno;Badajoz;06154;38.37597;-7.16899
Villar del Rey;Badajoz;06155;39.13239;-6.8478
Villar de Rena;Badajoz;06156;39.07669;-5.81178
Villarta de los Montes;Badajoz;06157;39.21384;-4.79219
Zafra;Badajoz;06158;38.4258;-6.41645
Zahínos;Badajoz;06159;38.33017;-6.95503
Zalamea de la Serena;Badajoz;06160;38.64977;-5.65697
Zarza-Capilla;Badajoz;06161;38.80047;-5.16944
Zarza, La;Badajoz;06162;38.81856;-6.21769
Valdelacalzada;Badajoz;06901;38.88985;-6.70139
Pueblonuevo del Guadiana;Badajoz;06902;38.92309;-6.7556
Guadiana;Badajoz;06903;38.9278;-6.68921
Alaró;Illes Balears;07001;39.70734;2.79168
Alaior;Illes Balears;07002;39.93448;4.13986
Alcúdia;Illes Balears;07003;39.85327;3.12402
Algaida;Illes Balears;07004;39.56018;2.89187
Andratx;Illes Balears;07005;39.57443;2.42025
Artà;Illes Balears;07006;39.69462;3.35093
Banyalbufar;Illes Balears;07007;39.68756;2.51453
Binissalem;Illes Balears;07008;39.6844;2.8468
Búger;Illes Balears;07009;39.75856;2.98443
Bunyola;Illes Balears;07010;39.69597;2.70025
Calvià;Illes Balears;07011;39.56535;2.50337
Campanet;Illes Balears;07012;39.77583;2.96318
Campos;Illes Balears;07013;39.43258;3.01894
Capdepera;Illes Balears;07014;39.70236;3.43532
Ciutadella de Menorca;Illes Balears;07015;39.99912;3.8389
Consell;Illes Balears;07016;39.6686;2.81343
Costitx;Illes Balears;07017;39.65642;2.94944
Deià;Illes Balears;07018;39.74794;2.64837
Escorca;Illes Balears;07019;39.82615;2.84727
Esporles;Illes Balears;07020;39.66565;2.57943
Estellencs;Illes Balears;07021;39.65347;2.48113
Felanitx;Illes Balears;07022;39.46969;3.1483
Ferreries;Illes Balears;07023;39.98316;4.01272
Formentera;Illes Balears;07024;38.6964;1.45314
Fornalutx;Illes Balears;07025;39.78224;2.74097
Eivissa;Illes Balears;07026;38.90673;1.4206
Inca;Illes Balears;07027;39.71777;2.90755
Lloret de Vistalegre;Illes Balears;07028;39.61787;2.97459
Lloseta;Illes Balears;07029;39.71834;2.86893
Llubí;Illes Balears;07030;39.69942;3.00631
Llucmajor;Illes Balears;07031;39.49084;2.89167
Maó;Illes Balears;07032;39.88733;4.25962
Manacor;Illes Balears;07033;39.56972;3.20953
Mancor de la Vall;Illes Balears;07034;39.75012;2.87236
Maria de la Salut;Illes Balears;07035;39.66415;3.0739
Marratxí;Illes Balears;07036;39.62147;2.72531
Mercadal, Es;Illes Balears;07037;39.9895;4.08928
Montuïri;Illes Balears;07038;39.56787;2.98193
Muro;Illes Balears;07039;39.73424;3.05386
Palma;Illes Balears;07040;39.5696;2.65016
Petra;Illes Balears;07041;39.6141;3.11399
Pollença;Illes Balears;07042;39.87719;3.0162
Porreres;Illes Balears;07043;39.51486;3.02388
Pobla, Sa;Illes Balears;07044;39.7662;3.029
Puigpunyent;Illes Balears;07045;39.6272;2.52833
Sant Antoni de Portmany;Illes Balears;07046;38.98264;1.30152
Sencelles;Illes Balears;07047;39.64607;2.8995
Sant Josep de sa Talaia;Illes Balears;07048;38.92175;1.2935
Sant Joan;Illes Balears;07049;39.59544;3.03884
Sant Joan de Labritja;Illes Balears;07050;39.07789;1.5139
Sant Llorenç des Cardassar;Illes Balears;07051;39.61132;3.2854
Sant Lluís;Illes Balears;07052;39.85068;4.25769
Santa Eugènia;Illes Balears;07053;39.62307;2.83839
Santa Eulària des Riu;Illes Balears;07054;38.98528;1.5351
Santa Margalida;Illes Balears;07055;39.70201;3.10397
Santa María del Camí;Illes Balears;07056;39.64868;2.77489
Santanyí;Illes Balears;07057;39.35386;3.13029
Selva;Illes Balears;07058;39.75553;2.90075
Salines, Ses;Illes Balears;07059;39.33845;3.05303
Sineu;Illes Balears;07060;39.64265;3.00881
Sóller;Illes Balears;07061;39.76707;2.71579
Son Servera;Illes Balears;07062;39.62015;3.3603
Valldemossa;Illes Balears;07063;39.71145;2.62257
Castell, Es;Illes Balears;07064;39.87969;4.28911
Vilafranca de Bonany;Illes Balears;07065;39.56947;3.08874
Ariany;Illes Balears;07901;39.65089;3.11211
Migjorn Gran, Es;Illes Balears;07902;39.94559;4.04937
Abrera;Barcelona;08001;41.51753;1.90178
Aguilar de Segarra;Barcelona;08002;41.73921;1.62751
Alella;Barcelona;08003;41.49197;2.29408
Alpens;Barcelona;08004;42.11895;2.10146
Ametlla del Vallès, L';Barcelona;08005;41.66833;2.2605
Arenys de Mar;Barcelona;08006;41.57971;2.55087
Arenys de Munt;Barcelona;08007;41.60937;2.54084
Argençola;Barcelona;08008;41.59808;1.44377
Argentona;Barcelona;08009;41.55316;2.40085
Artés;Barcelona;08010;41.79635;1.95147
Avià;Barcelona;08011;42.07821;1.82026
Avinyó;Barcelona;08012;41.86419;1.97242
Avinyonet del Penedès;Barcelona;08013;41.35475;1.78581
Aiguafreda;Barcelona;08014;41.76839;2.25138
Badalona;Barcelona;08015;41.44699;2.24503
Bagà;Barcelona;08016;42.25262;1.86171
Balenyà;Barcelona;08017;41.84465;2.24998
Balsareny;Barcelona;08018;41.86346;1.87452
Barcelona;Barcelona;08019;41.38506;2.1734
Begues;Barcelona;08020;41.33097;1.92264
Bellprat;Barcelona;08021;41.51706;1.4335
Berga;Barcelona;08022;42.10126;1.84392
Bigues i Riells del Fai;Barcelona;08023;41.67693;2.22597
Borredà;Barcelona;08024;42.13476;1.99396
Bruc, El;Barcelona;08025;41.3982;2.16585
Brull, El;Barcelona;08026;41.45872;2.17302
Cabanyes, Les;Barcelona;08027;41.37258;2.16482
Cabrera d'Anoia;Barcelona;08028;41.49361;1.71009
Cabrera de Mar;Barcelona;08029;41.52805;2.393
Cabrils;Barcelona;08030;41.52473;2.3671
Calaf;Barcelona;08031;41.73204;1.51481
Caldes d'Estrac;Barcelona;08032;41.57169;2.52367
Caldes de Montbui;Barcelona;08033;41.63166;2.16687
Calders;Barcelona;08034;41.79004;1.99366
Calella;Barcelona;08035;41.61343;2.65356
Calonge de Segarra;Barcelona;08036;41.76261;1.47761
Calldetenes;Barcelona;08037;41.9251;2.2841
Callús;Barcelona;08038;41.78229;1.78371
Campins;Barcelona;08039;41.72501;2.46396
Canet de Mar;Barcelona;08040;41.58897;2.58039
Canovelles;Barcelona;08041;41.61873;2.27705
Cànoves i Samalús;Barcelona;08042;41.69378;2.34927
Canyelles;Barcelona;08043;41.28293;1.72306
Capellades;Barcelona;08044;41.53096;1.68592
Capolat;Barcelona;08045;42.08315;1.7548
Cardedeu;Barcelona;08046;41.6394;2.35915
Cardona;Barcelona;08047;41.91361;1.67971
Carme;Barcelona;08048;41.53183;1.62035
Casserres;Barcelona;08049;42.01208;1.84342
Castellar del Riu;Barcelona;08050;42.1207;1.76263
Castellar del Vallès;Barcelona;08051;41.61723;2.08733
Castellar de n'Hug;Barcelona;08052;42.28295;2.01722
Castellbell i el Vilar;Barcelona;08053;41.6291;1.86415
Castellbisbal;Barcelona;08054;41.48293;1.98693
Castellcir;Barcelona;08055;41.77036;2.15485
Castelldefels;Barcelona;08056;41.28002;1.97663
Castell de l'Areny;Barcelona;08057;42.17309;1.9452
Castellet i la Gornal;Barcelona;08058;41.25354;1.5925
Castellfollit del Boix;Barcelona;08059;41.66587;1.68427
Castellfollit de Riubregós;Barcelona;08060;41.77589;1.43794
Castellgalí;Barcelona;08061;41.67472;1.84353
Castellnou de Bages;Barcelona;08062;41.83434;1.83679
Castellolí;Barcelona;08063;41.59802;1.69976
Castellterçol;Barcelona;08064;41.75032;2.1199
Castellví de la Marca;Barcelona;08065;41.33248;1.59359
Castellví de Rosanes;Barcelona;08066;41.45002;1.89954
Centelles;Barcelona;08067;41.79738;2.22223
Cervelló;Barcelona;08068;41.39631;1.95894
Collbató;Barcelona;08069;41.56445;1.81477
Collsuspina;Barcelona;08070;41.82651;2.17511
Copons;Barcelona;08071;41.63672;1.51784
Corbera de Llobregat;Barcelona;08072;41.41772;1.93262
Cornellà de Llobregat;Barcelona;08073;41.35738;2.07072
Cubelles;Barcelona;08074;41.2085;1.67279
Dosrius;Barcelona;08075;41.59417;2.40667
Esparreguera;Barcelona;08076;41.53736;1.86964
Esplugues de Llobregat;Barcelona;08077;41.37669;2.08581
Espunyola, L';Barcelona;08078;42.0176;1.73518
Estany, L';Barcelona;08079;41.35342;2.14155
Fígols;Barcelona;08080;42.18081;1.83663
Fogars de Montclús;Barcelona;08081;41.72749;2.44284
Fogars de la Selva;Barcelona;08082;41.72732;2.67862
Folgueroles;Barcelona;08083;41.9401;2.31626
Fonollosa;Barcelona;08084;41.76166;1.66696
Font-rubí;Barcelona;08085;41.4347;1.59107
Franqueses del Vallès, Les;Barcelona;08086;41.6191;2.30103
Gallifa;Barcelona;08087;41.69391;2.11519
Garriga, La;Barcelona;08088;41.6191;2.30103
Gavà;Barcelona;08089;41.30283;2.00193
Gaià;Barcelona;08090;41.91643;1.92534
Gelida;Barcelona;08091;41.43991;1.8672
Gironella;Barcelona;08092;42.03436;1.88184
Gisclareny;Barcelona;08093;42.27173;1.7831
Granada, La;Barcelona;08094;41.37102;1.72504
Granera;Barcelona;08095;41.73037;2.06346
Granollers;Barcelona;08096;41.60619;2.28709
Gualba;Barcelona;08097;41.7319;2.50224
Sant Salvador de Guardiola;Barcelona;08098;41.6796;1.76575
Guardiola de Berguedà;Barcelona;08099;42.2326;1.88001
Gurb;Barcelona;08100;41.94588;2.23935
Hospitalet de Llobregat, L';Barcelona;08101;41.36619;2.11649
Igualada;Barcelona;08102;41.58478;1.62265
Jorba;Barcelona;08103;41.60142;1.54689
Llacuna, La;Barcelona;08104;41.39943;2.19771
Llagosta, La;Barcelona;08105;41.51047;2.19977
Llinars del Vallès;Barcelona;08106;41.6399;2.40168
Lliçà d'Amunt;Barcelona;08107;41.60813;2.23966
Lliçà de Vall;Barcelona;08108;41.58319;2.23966
Lluçà;Barcelona;08109;42.05044;2.03604
Malgrat de Mar;Barcelona;08110;41.6455;2.74388
Malla;Barcelona;08111;41.89641;2.24381
Manlleu;Barcelona;08112;42.00354;2.2852
Manresa;Barcelona;08113;41.72928;1.82252
Martorell;Barcelona;08114;41.4795;1.92305
Martorelles;Barcelona;08115;41.52811;2.2375
Masies de Roda, Les;Barcelona;08116;41.98588;2.31121
Masies de Voltregà, Les;Barcelona;08117;42.01723;2.24445
Masnou, El;Barcelona;08118;41.36984;2.10727
Masquefa;Barcelona;08119;41.5014;1.81416
Matadepera;Barcelona;08120;41.61442;2.01106
Mataró;Barcelona;08121;41.53811;2.44474
Mediona;Barcelona;08122;41.47981;1.62751
Molins de Rei;Barcelona;08123;41.41345;2.01824
Mollet del Vallès;Barcelona;08124;41.54255;2.21137
Montcada i Reixac;Barcelona;08125;41.49315;2.18187
Montgat;Barcelona;08126;41.46847;2.28505
Monistrol de Montserrat;Barcelona;08127;41.61078;1.84342
Monistrol de Calders;Barcelona;08128;41.75984;2.01446
Muntanyola;Barcelona;08129;41.87827;2.181
Montclar;Barcelona;08130;42.01811;1.76499
Montesquiu;Barcelona;08131;42.10954;2.2083
Montmajor;Barcelona;08132;42.01913;1.73611
Montmaneu;Barcelona;08133;41.62586;1.41539
Figaró-Montmany;Barcelona;08134;41.72082;2.27366
Montmeló;Barcelona;08135;41.55235;2.24775
Montornès del Vallès;Barcelona;08136;41.54452;2.26703
Montseny;Barcelona;08137;41.75877;2.39556
Moià;Barcelona;08138;41.80995;2.09717
Mura;Barcelona;08139;41.69984;1.97684
Navarcles;Barcelona;08140;41.7536;1.90626
Navàs;Barcelona;08141;41.90186;1.87818
Nou de Berguedà, La;Barcelona;08142;41.40114;2.1524
Òdena;Barcelona;08143;41.60612;1.64182
Olvan;Barcelona;08144;42.05662;1.90546
Olèrdola;Barcelona;08145;41.31816;1.72469
Olesa de Bonesvalls;Barcelona;08146;41.35024;1.84896
Olesa de Montserrat;Barcelona;08147;41.54517;1.89134
Olivella;Barcelona;08148;41.31025;1.81142
Olost;Barcelona;08149;41.98612;2.09472
Orís;Barcelona;08150;42.05762;2.2386
Oristà;Barcelona;08151;41.93254;2.06009
Orpí;Barcelona;08152;41.51866;1.57567
Òrrius;Barcelona;08153;41.55566;2.35477
Pacs del Penedès;Barcelona;08154;41.36059;1.67273
Palafolls;Barcelona;08155;41.66845;2.75073
Palau-solità i Plegamans;Barcelona;08156;41.58395;2.18041
Pallejà;Barcelona;08157;41.42139;1.99728
Papiol, El;Barcelona;08158;41.42161;2.1441
Parets del Vallès;Barcelona;08159;41.56364;2.2289
Perafita;Barcelona;08160;42.04278;2.10943
Piera;Barcelona;08161;41.52175;1.75023
Hostalets de Pierola, Els;Barcelona;08162;41.53483;1.76854
Pineda de Mar;Barcelona;08163;41.62451;2.68276
Pla del Penedès, El;Barcelona;08164;41.41792;1.71192
Pobla de Claramunt, La;Barcelona;08165;41.55461;1.67791
Pobla de Lillet, La;Barcelona;08166;41.37979;2.12989
Polinyà;Barcelona;08167;41.55661;2.15776
Pontons;Barcelona;08168;41.41501;1.51663
Prat de Llobregat, El;Barcelona;08169;41.29745;2.08329
Prats de Rei, Els;Barcelona;08170;41.45451;2.17361
Prats de Lluçanès;Barcelona;08171;42.00707;2.03099
Premià de Mar;Barcelona;08172;41.49466;2.35915
Puigdàlber;Barcelona;08174;41.40437;1.70071
Puig-reig;Barcelona;08175;41.97394;1.8791
Pujalt;Barcelona;08176;41.71673;1.42143
Quar, La;Barcelona;08177;42.0808;1.96164
Rajadell;Barcelona;08178;41.72843;1.70614
Rellinars;Barcelona;08179;41.6304;1.90351
Ripollet;Barcelona;08180;41.49845;2.15693
Roca del Vallès, La;Barcelona;08181;41.58148;2.32586
Pont de Vilomara i Rocafort, El;Barcelona;08182;41.71549;1.93503
Roda de Ter;Barcelona;08183;41.98324;2.30984
Rubí;Barcelona;08184;41.49712;2.03492
Rubió;Barcelona;08185;41.64428;1.56976
Sabadell;Barcelona;08187;41.54627;2.10861
Sagàs;Barcelona;08188;42.05127;1.96155
Sant Pere Sallavinera;Barcelona;08189;41.736;1.57494
Saldes;Barcelona;08190;42.22901;1.73594
Sallent;Barcelona;08191;41.82711;1.89223
Santpedor;Barcelona;08192;41.78455;1.83793
Sant Iscle de Vallalta;Barcelona;08193;41.62529;2.56778
Sant Adrià de Besòs;Barcelona;08194;41.42668;2.22458
Sant Agustí de Lluçanès;Barcelona;08195;42.08558;2.12738
Sant Andreu de la Barca;Barcelona;08196;41.44702;1.97283
Sant Andreu de Llavaneres;Barcelona;08197;41.57547;2.48315
Sant Antoni de Vilamajor;Barcelona;08198;41.6724;2.39998
Sant Bartomeu del Grau;Barcelona;08199;41.98112;2.17503
Sant Boi de Llobregat;Barcelona;08200;41.34584;2.03504
Sant Boi de Lluçanès;Barcelona;08201;42.05872;2.15055
Sant Celoni;Barcelona;08202;41.68975;2.48925
Sant Cebrià de Vallalta;Barcelona;08203;41.6199;2.5997
Sant Climent de Llobregat;Barcelona;08204;41.33759;1.99672
Sant Cugat del Vallès;Barcelona;08205;41.47207;2.08652
Sant Cugat Sesgarrigues;Barcelona;08206;41.36347;1.75327
Sant Esteve de Palautordera;Barcelona;08207;41.70629;2.43198
Sant Esteve Sesrovires;Barcelona;08208;41.49778;1.86958
Sant Fost de Campsentelles;Barcelona;08209;41.51908;2.23369
Sant Feliu de Codines;Barcelona;08210;41.69072;2.1654
Sant Feliu de Llobregat;Barcelona;08211;41.38467;2.04946
Sant Feliu Sasserra;Barcelona;08212;41.94445;2.02075
Sant Fruitós de Bages;Barcelona;08213;41.75093;1.87462
Vilassar de Dalt;Barcelona;08214;41.51322;2.36226
Sant Hipòlit de Voltregà;Barcelona;08215;42.01587;2.23817
Sant Jaume de Frontanyà;Barcelona;08216;42.18717;2.02385
Sant Joan Despí;Barcelona;08217;41.36735;2.05668
Sant Joan de Vilatorrada;Barcelona;08218;41.74281;1.8038
Vilassar de Mar;Barcelona;08219;41.50408;2.39226
Sant Julià de Vilatorta;Barcelona;08220;41.92463;2.32107
Sant Just Desvern;Barcelona;08221;41.38333;2.06666
Sant Llorenç d'Hortons;Barcelona;08222;41.466;1.82306
Sant Llorenç Savall;Barcelona;08223;41.67876;2.05836
Sant Martí de Centelles;Barcelona;08224;41.76006;2.24827
Sant Martí d'Albars;Barcelona;08225;42.02844;2.07311
Sant Martí de Tous;Barcelona;08226;41.56069;1.52351
Sant Martí Sarroca;Barcelona;08227;41.38583;1.61161
Sant Martí Sesgueioles;Barcelona;08228;41.70185;1.49122
Sant Mateu de Bages;Barcelona;08229;41.79672;1.73274
Premià de Dalt;Barcelona;08230;41.5049;2.34582
Sant Pere de Ribes;Barcelona;08231;41.25968;1.77579
Sant Pere de Riudebitlles;Barcelona;08232;41.4505;1.7044
Sant Pere de Torelló;Barcelona;08233;42.07635;2.29382
Sant Pere de Vilamajor;Barcelona;08234;41.68319;2.3928
Sant Pol de Mar;Barcelona;08235;41.60394;2.62442
Sant Quintí de Mediona;Barcelona;08236;41.46287;1.66356
Sant Quirze de Besora;Barcelona;08237;42.1;2.22244
Sant Quirze del Vallès;Barcelona;08238;41.53513;2.07767
Sant Quirze Safaja;Barcelona;08239;41.73061;2.14772
Sant Sadurní d'Anoia;Barcelona;08240;41.42618;1.78675
Sant Sadurní d'Osormort;Barcelona;08241;41.90109;2.38121
Marganell;Barcelona;08242;41.6405;1.79031
Santa Cecília de Voltregà;Barcelona;08243;41.99366;2.2217
Santa Coloma de Cervelló;Barcelona;08244;41.36778;2.01765
Santa Coloma de Gramenet;Barcelona;08245;41.44459;2.21032
Santa Eugènia de Berga;Barcelona;08246;41.90134;2.28216
Santa Eulàlia de Riuprimer;Barcelona;08247;41.91064;2.18863
Santa Eulàlia de Ronçana;Barcelona;08248;41.63707;2.23193
Santa Fe del Penedès;Barcelona;08249;41.38493;1.72073
Santa Margarida de Montbui;Barcelona;08250;41.55687;1.60303
Santa Margarida i els Monjos;Barcelona;08251;41.31886;1.65878
Barberà del Vallès;Barcelona;08252;41.51362;2.12556
Santa Maria de Besora;Barcelona;08253;42.1274;2.25842
Esquirol, L';Barcelona;08254;41.38446;2.17962
Santa Maria de Merlès;Barcelona;08255;42.00384;1.97668
Santa Maria de Martorelles;Barcelona;08256;41.51892;2.25473
Santa Maria de Miralles;Barcelona;08257;41.49471;1.52673
Santa Maria d'Oló;Barcelona;08258;41.87408;2.03581
Santa Maria de Palautordera;Barcelona;08259;41.69337;2.44584
Santa Perpètua de Mogoda;Barcelona;08260;41.53533;2.18215
Santa Susanna;Barcelona;08261;41.63999;2.71032
Sant Vicenç de Castellet;Barcelona;08262;41.66816;1.86463
Sant Vicenç dels Horts;Barcelona;08263;41.38984;2.00359
Sant Vicenç de Montalt;Barcelona;08264;41.57937;2.51369
Sant Vicenç de Torelló;Barcelona;08265;42.0638;2.27227
Cerdanyola del Vallès;Barcelona;08266;41.49004;2.13967
Sentmenat;Barcelona;08267;41.61301;2.13599
Cercs;Barcelona;08268;42.14687;1.86019
Seva;Barcelona;08269;41.83621;2.28397
Sitges;Barcelona;08270;41.23719;1.80589
Sobremunt;Barcelona;08271;42.03571;2.16547
Sora;Barcelona;08272;42.11199;2.16068
Subirats;Barcelona;08273;41.39714;1.80259
Súria;Barcelona;08274;41.83164;1.75375
Tavèrnoles;Barcelona;08275;41.95289;2.32555
Tagamanent;Barcelona;08276;41.73915;2.2666
Talamanca;Barcelona;08277;41.73684;1.97775
Taradell;Barcelona;08278;41.87494;2.28642
Terrassa;Barcelona;08279;41.56321;2.00887
Tavertet;Barcelona;08280;41.99527;2.41778
Teià;Barcelona;08281;41.49642;2.32182
Tiana;Barcelona;08282;41.47799;2.26783
Tona;Barcelona;08283;41.84964;2.2274
Tordera;Barcelona;08284;41.6972;2.71785
Torelló;Barcelona;08285;42.04916;2.26266
Torre de Claramunt, La;Barcelona;08286;41.43697;2.20592
Torrelavit;Barcelona;08287;41.44646;1.73005
Torrelles de Foix;Barcelona;08288;41.38831;1.56872
Torrelles de Llobregat;Barcelona;08289;41.35543;1.97935
Ullastrell;Barcelona;08290;41.5265;1.95941
Vacarisses;Barcelona;08291;41.59633;1.92224
Vallbona d'Anoia;Barcelona;08292;41.51831;1.70756
Vallcebre;Barcelona;08293;42.20355;1.81806
Vallgorguina;Barcelona;08294;41.64774;2.5102
Vallirana;Barcelona;08295;41.38486;1.93173
Vallromanes;Barcelona;08296;41.53575;2.29413
Veciana;Barcelona;08297;41.65595;1.48865
Vic;Barcelona;08298;41.93044;2.25443
Vilada;Barcelona;08299;42.13671;1.93374
Viladecavalls;Barcelona;08300;41.55388;1.95272
Viladecans;Barcelona;08301;41.3153;2.01332
Vilanova del Camí;Barcelona;08302;41.57028;1.63919
Vilanova de Sau;Barcelona;08303;41.94674;2.38414
Vilobí del Penedès;Barcelona;08304;41.38881;1.66212
Vilafranca del Penedès;Barcelona;08305;41.34613;1.69794
Vilalba Sasserra;Barcelona;08306;41.65205;2.44002
Vilanova i la Geltrú;Barcelona;08307;41.21515;1.72745
Viver i Serrateix;Barcelona;08308;41.95514;1.80259
Rupit i Pruit;Barcelona;08901;42.0245;2.46552
Vilanova del Vallès;Barcelona;08902;41.55245;2.28717
Sant Julià de Cerdanyola;Barcelona;08903;42.22347;1.89191
Badia del Vallès;Barcelona;08904;41.50805;2.11529
Palma de Cervelló, La;Barcelona;08905;41.39535;1.97075
Abajas;Burgos;09001;42.62337;-3.5804
Adrada de Haza;Burgos;09003;41.59429;-3.82133
Aguas Cándidas;Burgos;09006;42.71617;-3.50319
Aguilar de Bureba;Burgos;09007;42.58966;-3.33008
Albillos;Burgos;09009;42.27662;-3.79114
Alcocero de Mola;Burgos;09010;42.47309;-3.35841
Alfoz de Bricia;Burgos;09011;42.88806;-3.81465
Alfoz de Santa Gadea;Burgos;09012;42.95619;-3.95159
Altable;Burgos;09013;42.60345;-3.07703
Altos, Los;Burgos;09014;42.72659;-3.64777
Ameyugo;Burgos;09016;42.65613;-3.06169
Anguix;Burgos;09017;41.75385;-3.93238
Aranda de Duero;Burgos;09018;41.66923;-3.69022
Arandilla;Burgos;09019;41.73762;-3.42901
Arauzo de Miel;Burgos;09020;41.8593;-3.3874
Arauzo de Salce;Burgos;09021;41.82025;-3.41112
Arauzo de Torre;Burgos;09022;41.79869;-3.42271
Arcos;Burgos;09023;42.26488;-3.75458
Arenillas de Riopisuerga;Burgos;09024;42.35699;-4.23526
Arija;Burgos;09025;42.98581;-3.95915
Arlanzón;Burgos;09026;42.32279;-3.45804
Arraya de Oca;Burgos;09027;42.4152;-3.3978
Atapuerca;Burgos;09029;42.3766;-3.50729
Ausines, Los;Burgos;09030;42.22742;-3.59836
Avellanosa de Muñó;Burgos;09032;41.98344;-3.82387
Bahabón de Esgueva;Burgos;09033;41.86235;-3.73018
Balbases, Los;Burgos;09034;42.21433;-4.06507
Baños de Valdearados;Burgos;09035;41.76915;-3.55723
Bañuelos de Bureba;Burgos;09036;42.50078;-3.28068
Barbadillo de Herreros;Burgos;09037;42.1493;-3.1742
Barbadillo del Mercado;Burgos;09038;42.03971;-3.35841
Barbadillo del Pez;Burgos;09039;42.11877;-3.22883
Barrio de Muñó;Burgos;09041;42.17539;-4.0073
Barrios de Bureba, Los;Burgos;09043;42.64596;-3.39118
Barrios de Colina;Burgos;09044;42.39551;-3.46088
Basconcillos del Tozo;Burgos;09045;42.70197;-3.98906
Bascuñana;Burgos;09046;42.42595;-3.08173
Belbimbre;Burgos;09047;42.16811;-4.01272
Belorado;Burgos;09048;42.41957;-3.19177
Berberana;Burgos;09050;42.91858;-3.0595
Berlangas de Roa;Burgos;09051;41.68931;-3.87444
Berzosa de Bureba;Burgos;09052;42.62727;-3.26622
Bozoó;Burgos;09054;42.7269;-3.08674
Brazacorta;Burgos;09055;41.71738;-3.36692
Briviesca;Burgos;09056;42.5482;-3.32504
Bugedo;Burgos;09057;42.64903;-3.0182
Buniel;Burgos;09058;42.30997;-3.82419
Burgos;Burgos;09059;42.35445;-3.62296
Busto de Bureba;Burgos;09060;42.65938;-3.26528
Cabañes de Esgueva;Burgos;09061;41.83132;-3.78796
Cabezón de la Sierra;Burgos;09062;41.93446;-3.24171
Cavia;Burgos;09063;42.28355;-3.84536
Caleruega;Burgos;09064;41.82535;-3.48582
Campillo de Aranda;Burgos;09065;41.61097;-3.7305
Campolara;Burgos;09066;42.11923;-3.42649
Canicosa de la Sierra;Burgos;09067;41.93671;-3.04089
Cantabrana;Burgos;09068;42.73435;-3.46719
Carazo;Burgos;09070;41.9681;-3.35338
Carcedo de Bureba;Burgos;09071;42.57825;-3.49813
Carcedo de Burgos;Burgos;09072;42.28669;-3.6221
Cardeñadijo;Burgos;09073;42.30038;-3.66549
Cardeñajimeno;Burgos;09074;42.33011;-3.61988
Cardeñuela Riopico;Burgos;09075;42.35904;-3.55913
Carrias;Burgos;09076;42.48137;-3.28414
Cascajares de Bureba;Burgos;09077;42.6794;-3.23794
Cascajares de la Sierra;Burgos;09078;42.06197;-3.40001
Castellanos de Castro;Burgos;09079;42.32859;-4.03442
Castildelgado;Burgos;09082;42.43754;-3.08423
Castil de Peones;Burgos;09083;42.48306;-3.38456
Castrillo de la Reina;Burgos;09084;41.98758;-3.23511
Castrillo de la Vega;Burgos;09085;41.65201;-3.7797
Castrillo del Val;Burgos;09086;42.314;-3.58443
Castrillo de Riopisuerga;Burgos;09088;42.51496;-4.25241
Castrillo Mota de Judíos;Burgos;09090;42.3072;-4.20259
Castrojeriz;Burgos;09091;42.28848;-4.14242
Cayuela;Burgos;09093;42.2723;-3.81942
Cebrecos;Burgos;09094;41.98458;-3.59677
Celada del Camino;Burgos;09095;42.26322;-3.93366
Cerezo de Río Tirón;Burgos;09098;42.49128;-3.13539
Cerratón de Juarros;Burgos;09100;42.42204;-3.37385
Ciadoncha;Burgos;09101;42.15975;-3.93366
Cillaperlata;Burgos;09102;42.78243;-3.35715
Cilleruelo de Abajo;Burgos;09103;41.88494;-3.79749
Cilleruelo de Arriba;Burgos;09104;41.9043;-3.65916
Ciruelos de Cervera;Burgos;09105;41.90585;-3.53004
Cogollos;Burgos;09108;42.19956;-3.69973
Condado de Treviño;Burgos;09109;42.73414;-2.7466
Contreras;Burgos;09110;42.01994;-3.41041
Coruña del Conde;Burgos;09112;41.76608;-3.39118
Covarrubias;Burgos;09113;42.06024;-3.5193
Cubillo del Campo;Burgos;09114;42.16787;-3.61102
Cubo de Bureba;Burgos;09115;42.64027;-3.20622
Cueva de Roa, La;Burgos;09117;41.6678;-3.94003
Cuevas de San Clemente;Burgos;09119;42.12974;-3.56798
Encío;Burgos;09120;42.6679;-3.08439
Espinosa de Cervera;Burgos;09122;41.89654;-3.4694
Espinosa del Camino;Burgos;09123;42.40541;-3.28037
Espinosa de los Monteros;Burgos;09124;43.07735;-3.55217
Estépar;Burgos;09125;42.27674;-3.89799
Fontioso;Burgos;09127;41.9426;-3.73907
Frandovínez;Burgos;09128;42.31073;-3.83818
Fresneda de la Sierra Tirón;Burgos;09129;42.31481;-3.13594
Fresneña;Burgos;09130;42.41319;-3.13343
Fresnillo de las Dueñas;Burgos;09131;41.64763;-3.64522
Fresno de Río Tirón;Burgos;09132;42.45992;-3.17483
Fresno de Rodilla;Burgos;09133;42.41934;-3.48487
Frías;Burgos;09134;42.76231;-3.29421
Fuentebureba;Burgos;09135;42.63366;-3.2348
Fuentecén;Burgos;09136;41.62914;-3.86871
Fuentelcésped;Burgos;09137;41.59049;-3.64015
Fuentelisendo;Burgos;09138;41.62274;-3.90149
Fuentemolinos;Burgos;09139;41.60455;-3.84994
Fuentenebro;Burgos;09140;41.52947;-3.7543
Fuentespina;Burgos;09141;41.63265;-3.68578
Galbarros;Burgos;09143;42.52742;-3.43816
Gallega, La;Burgos;09144;41.89883;-3.26402
Grijalba;Burgos;09148;42.42996;-4.11876
Grisaleña;Burgos;09149;42.59095;-3.26402
Gumiel de Izán;Burgos;09151;41.77066;-3.68705
Gumiel de Mercado;Burgos;09152;41.7555;-3.80245
Hacinas;Burgos;09154;41.98488;-3.28666
Haza;Burgos;09155;41.62124;-3.83039
Hontanas;Burgos;09159;42.31225;-4.04464
Hontangas;Burgos;09160;41.58172;-3.79622
Hontoria de la Cantera;Burgos;09162;42.18906;-3.64268
Hontoria del Pinar;Burgos;09163;41.84773;-3.16165
Hontoria de Valdearados;Burgos;09164;41.74475;-3.52246
Hormazas, Las;Burgos;09166;42.32269;-3.92092
Hornillos del Camino;Burgos;09167;42.33863;-3.92649
Horra, La;Burgos;09168;41.74152;-3.87444
Hortigüela;Burgos;09169;42.0686;-3.42649
Hoyales de Roa;Burgos;09170;41.65803;-3.86108
Huérmeces;Burgos;09172;42.52157;-3.77081
Huerta de Arriba;Burgos;09173;42.11663;-3.08204
Huerta de Rey;Burgos;09174;41.83939;-3.34708
Humada;Burgos;09175;42.66769;-4.08392
Hurones;Burgos;09176;42.40615;-3.61387
Ibeas de Juarros;Burgos;09177;42.33148;-3.53637
Ibrillos;Burgos;09178;42.45389;-3.08079
Iglesiarrubia;Burgos;09179;41.97494;-3.84708
Iglesias;Burgos;09180;42.29696;-3.98976
Isar;Burgos;09181;42.3617;-3.92984
Itero del Castillo;Burgos;09182;42.28907;-4.24423
Jaramillo de la Fuente;Burgos;09183;42.11486;-3.31214
Jaramillo Quemado;Burgos;09184;42.08663;-3.35967
Junta de Traslaloma;Burgos;09189;43.03742;-3.38929
Junta de Villalba de Losa;Burgos;09190;42.94935;-3.06764
Jurisdicción de Lara;Burgos;09191;42.14336;-3.45766
Jurisdicción de San Zadornil;Burgos;09192;42.82984;-3.16793
Lerma;Burgos;09194;42.02543;-3.76002
Llano de Bureba;Burgos;09195;42.62407;-3.45899
Madrigal del Monte;Burgos;09196;42.14485;-3.67563
Madrigalejo del Monte;Burgos;09197;42.12476;-3.7251
Mahamud;Burgos;09198;42.11998;-3.94121
Mambrilla de Castrejón;Burgos;09199;41.66723;-3.9837
Mambrillas de Lara;Burgos;09200;42.09376;-3.46277
Mamolar;Burgos;09201;41.92698;-3.36219
Manciles;Burgos;09202;42.45658;-3.94545
Mazuela;Burgos;09206;42.2071;-3.91837
Mecerreyes;Burgos;09208;42.09498;-3.57431
Medina de Pomar;Burgos;09209;42.92967;-3.48764
Melgar de Fernamental;Burgos;09211;42.40267;-4.24487
Merindad de Cuesta-Urria;Burgos;09213;42.86188;-3.40946
Merindad de Montija;Burgos;09214;43.10257;-3.48013
Merindad de Sotoscueva;Burgos;09215;43.05877;-3.64205
Merindad de Valdeporres;Burgos;09216;43.05484;-3.76383
Merindad de Valdivielso;Burgos;09217;42.82806;-3.56103
Milagros;Burgos;09218;41.57493;-3.69846
Miranda de Ebro;Burgos;09219;42.68698;-2.94507
Miraveche;Burgos;09220;42.67466;-3.19994
Modúbar de la Emparedada;Burgos;09221;42.26023;-3.66074
Monasterio de la Sierra;Burgos;09223;42.05213;-3.19334
Monasterio de Rodilla;Burgos;09224;42.45753;-3.4694
Moncalvillo;Burgos;09225;41.9539;-3.19994
Monterrubio de la Demanda;Burgos;09226;42.14848;-3.11399
Montorio;Burgos;09227;42.58473;-3.77621
Moradillo de Roa;Burgos;09228;41.55197;-3.79114
Nava de Roa;Burgos;09229;41.6134;-3.96552
Navas de Bureba;Burgos;09230;42.68204;-3.32693
Nebreda;Burgos;09231;41.96826;-3.63381
Neila;Burgos;09232;42.06085;-2.99568
Olmedillo de Roa;Burgos;09235;41.78417;-3.93557
Olmillos de Muñó;Burgos;09236;42.20267;-3.94003
Oña;Burgos;09238;42.73616;-3.4117
Oquillas;Burgos;09239;41.83124;-3.70449
Orbaneja Riopico;Burgos;09241;42.36071;-3.58443
Padilla de Abajo;Burgos;09242;42.40825;-4.17633
Padilla de Arriba;Burgos;09243;42.43831;-4.19298
Padrones de Bureba;Burgos;09244;42.7055;-3.53289
Palacios de la Sierra;Burgos;09246;41.96453;-3.12841
Palacios de Riopisuerga;Burgos;09247;42.34358;-4.25737
Palazuelos de la Sierra;Burgos;09248;42.21198;-3.4593
Palazuelos de Muñó;Burgos;09249;42.19607;-3.98848
Pampliega;Burgos;09250;42.20474;-3.9872
Pancorbo;Burgos;09251;42.63004;-3.11149
Pardilla;Burgos;09253;41.55208;-3.71115
Partido de la Sierra en Tobalina;Burgos;09255;42.72562;-3.23322
Pedrosa de Duero;Burgos;09256;41.71104;-3.98465
Pedrosa del Páramo;Burgos;09257;42.44217;-3.97222
Pedrosa del Príncipe;Burgos;09258;42.24889;-4.19938
Pedrosa de Río Úrbel;Burgos;09259;42.40985;-3.82196
Peñaranda de Duero;Burgos;09261;41.68885;-3.4795
Peral de Arlanza;Burgos;09262;42.07699;-4.07785
Piérnigas;Burgos;09265;42.5906;-3.41293
Pineda de la Sierra;Burgos;09266;42.21582;-3.29704
Pineda Trasmonte;Burgos;09267;41.90889;-3.69568
Pinilla de los Barruecos;Burgos;09268;41.91843;-3.30459
Pinilla de los Moros;Burgos;09269;42.06811;-3.32724
Pinilla Trasmonte;Burgos;09270;41.87365;-3.61879
Poza de la Sal;Burgos;09272;42.66572;-3.50169
Prádanos de Bureba;Burgos;09273;42.50285;-3.34708
Pradoluengo;Burgos;09274;42.32408;-3.20119
Presencio;Burgos;09275;42.18608;-3.90245
Puebla de Arganzón, La;Burgos;09276;42.76662;-2.83156
Puentedura;Burgos;09277;42.04128;-3.58285
Quemada;Burgos;09279;41.69891;-3.57747
Quintanabureba;Burgos;09280;42.58665;-3.3664
Quintana del Pidio;Burgos;09281;41.76056;-3.74986
Quintanaélez;Burgos;09283;42.66944;-3.29798
Quintanaortuño;Burgos;09287;42.44995;-3.68356
Quintanapalla;Burgos;09288;42.40865;-3.53352
Quintanar de la Sierra;Burgos;09289;41.98495;-3.03634
Quintanavides;Burgos;09292;42.48123;-3.42554
Quintanilla de la Mata;Burgos;09294;41.98868;-3.76827
Quintanilla del Coco;Burgos;09295;41.979;-3.51709
Quintanillas, Las;Burgos;09297;42.37192;-3.84581
Quintanilla San García;Burgos;09298;42.54886;-3.19366
Quintanilla Vivar;Burgos;09301;42.41391;-3.68831
Rabanera del Pinar;Burgos;09302;41.89359;-3.19648
Rábanos;Burgos;09303;42.3194;-3.26936
Rabé de las Calzadas;Burgos;09304;42.34036;-3.83436
Rebolledo de la Torre;Burgos;09306;42.68813;-4.22725
Redecilla del Camino;Burgos;09307;42.43806;-3.06482
Redecilla del Campo;Burgos;09308;42.46675;-3.11556
Regumiel de la Sierra;Burgos;09309;41.95557;-2.9886
Reinoso;Burgos;09310;42.50942;-3.38393
Retuerta;Burgos;09311;42.0294;-3.50698
Revilla y Ahedo, La;Burgos;09312;41.99736;-3.35217
Revilla del Campo;Burgos;09314;42.21202;-3.53889
Revillarruz;Burgos;09315;42.23063;-3.65282
Revilla Vallejera;Burgos;09316;42.14685;-4.13442
Rezmondo;Burgos;09317;42.51596;-4.23878
Riocavado de la Sierra;Burgos;09318;42.15297;-3.19742
Roa;Burgos;09321;41.69736;-3.93047
Rojas;Burgos;09323;42.57842;-3.44163
Royuela de Río Franco;Burgos;09325;41.99592;-3.95787
Rubena;Burgos;09326;42.38775;-3.57399
Rublacedo de Abajo;Burgos;09327;42.5512;-3.50192
Rucandio;Burgos;09328;42.75159;-3.54174
Salas de Bureba;Burgos;09329;42.69233;-3.47445
Salas de los Infantes;Burgos;09330;42.022;-3.28666
Saldaña de Burgos;Burgos;09332;42.25769;-3.68482
Salinillas de Bureba;Burgos;09334;42.55218;-3.38771
San Adrián de Juarros;Burgos;09335;42.27428;-3.47571
San Juan del Monte;Burgos;09337;41.68257;-3.52246
San Mamés de Burgos;Burgos;09338;42.33649;-3.79336
San Martín de Rubiales;Burgos;09339;41.64208;-3.99135
San Millán de Lara;Burgos;09340;42.13552;-3.34487
Santa Cecilia;Burgos;09343;42.05307;-3.80258
Santa Cruz de la Salceda;Burgos;09345;41.59538;-3.59361
Santa Cruz del Valle Urbión;Burgos;09346;42.30384;-3.22129
Santa Gadea del Cid;Burgos;09347;42.71512;-3.0595
Santa Inés;Burgos;09348;42.039;-3.70353
Santa María del Campo;Burgos;09350;42.13397;-3.97145
Santa María del Invierno;Burgos;09351;42.44285;-3.43753
Santa María del Mercadillo;Burgos;09352;41.85983;-3.55928
Santa María Ribarredonda;Burgos;09353;42.63989;-3.18026
Santa Olalla de Bureba;Burgos;09354;42.47771;-3.44069
Santibáñez de Esgueva;Burgos;09355;41.83287;-3.75938
Santibáñez del Val;Burgos;09356;41.97391;-3.48108
Santo Domingo de Silos;Burgos;09358;41.96246;-3.41892
San Vicente del Valle;Burgos;09360;42.33716;-3.16197
Sargentes de la Lora;Burgos;09361;42.76986;-3.87253
Sarracín;Burgos;09362;42.25999;-3.69719
Sasamón;Burgos;09363;42.41732;-4.04272
Sequera de Haza, La;Burgos;09365;41.56263;-3.81751
Solarana;Burgos;09366;41.97117;-3.65916
Sordillos;Burgos;09368;42.46225;-4.10725
Sotillo de la Ribera;Burgos;09369;41.77792;-3.8261
Sotragero;Burgos;09372;42.41034;-3.71337
Sotresgudo;Burgos;09373;42.57852;-4.17673
Susinos del Páramo;Burgos;09374;42.47104;-3.92601
Tamarón;Burgos;09375;42.27323;-3.99135
Tardajos;Burgos;09377;42.34896;-3.81592
Tejada;Burgos;09378;41.95242;-3.53605
Terradillos de Esgueva;Burgos;09380;41.81894;-3.84327
Tinieblas de la Sierra;Burgos;09381;42.17261;-3.36314
Tobar;Burgos;09382;42.48404;-3.94003
Tordómar;Burgos;09384;42.04669;-3.86426
Torrecilla del Monte;Burgos;09386;42.09492;-3.69339
Torregalindo;Burgos;09387;41.58285;-3.75208
Torrelara;Burgos;09388;42.16615;-3.51709
Torrepadre;Burgos;09389;42.04359;-3.93748
Torresandino;Burgos;09390;41.82954;-3.91518
Tórtoles de Esgueva;Burgos;09391;41.81592;-4.0223
Tosantos;Burgos;09392;42.41355;-3.24234
Trespaderne;Burgos;09394;42.80285;-3.38803
Tubilla del Agua;Burgos;09395;42.70992;-3.80512
Tubilla del Lago;Burgos;09396;41.8005;-3.5876
Úrbel del Castillo;Burgos;09398;42.61427;-3.835
Vadocondes;Burgos;09400;41.63993;-3.57304
Valdeande;Burgos;09403;41.83273;-3.52878
Valdezate;Burgos;09405;41.60216;-3.92984
Valdorros;Burgos;09406;42.17201;-3.70865
Valmala;Burgos;09407;42.30535;-3.25522
Vallarta de Bureba;Burgos;09408;42.58772;-3.20496
Valle de Manzanedo;Burgos;09409;42.9021;-3.68261
Valle de Mena;Burgos;09410;43.10851;-3.27848
Valle de Oca;Burgos;09411;42.43409;-3.32882
Valle de Tobalina;Burgos;09412;42.79864;-3.23825
Valle de Valdebezana;Burgos;09413;42.97587;-3.80448
Valle de Valdelaguna;Burgos;09414;42.10435;-3.14785
Valle de Valdelucio;Burgos;09415;42.7339;-4.04911
Valle de Zamanzas;Burgos;09416;42.85617;-3.74859
Vallejera;Burgos;09417;42.18284;-4.1533
Valles de Palenzuela;Burgos;09418;42.12019;-4.07785
Valluércanes;Burgos;09419;42.5729;-3.12089
Vid y Barrios, La;Burgos;09421;41.62252;-3.45795
Vid de Bureba, La;Burgos;09422;42.63085;-3.31097
Vileña;Burgos;09423;42.622;-3.32221
Viloria de Rioja;Burgos;09424;42.42635;-3.10083
Vilviestre del Pinar;Burgos;09425;41.95102;-3.07828
Villadiego;Burgos;09427;42.51469;-4.01017
Villaescusa de Roa;Burgos;09428;41.72853;-4.01783
Villaescusa la Sombría;Burgos;09429;42.41488;-3.41892
Villaespasa;Burgos;09430;42.09888;-3.40505
Villafranca Montes de Oca;Burgos;09431;42.38739;-3.30931
Villafruela;Burgos;09432;41.9164;-3.91264
Villagalijo;Burgos;09433;42.3486;-3.19272
Villagonzalo Pedernales;Burgos;09434;42.30059;-3.73526
Villahoz;Burgos;09437;42.07718;-3.91264
Villalba de Duero;Burgos;09438;41.68373;-3.74224
Villalbilla de Burgos;Burgos;09439;42.34585;-3.7797
Villalbilla de Gumiel;Burgos;09440;41.80612;-3.62621
Villaldemiro;Burgos;09441;42.24699;-3.98497
Villalmanzo;Burgos;09442;42.0489;-3.7416
Villamayor de los Montes;Burgos;09443;42.10615;-3.76573
Villamayor de Treviño;Burgos;09444;42.45934;-4.12004
Villambistia;Burgos;09445;42.40472;-3.26151
Villamedianilla;Burgos;09446;42.16061;-4.14594
Villamiel de la Sierra;Burgos;09447;42.19135;-3.41735
Villangómez;Burgos;09448;42.17987;-3.77462
Villanueva de Argaño;Burgos;09449;42.38092;-3.93334
Villanueva de Carazo;Burgos;09450;41.98348;-3.32473
Villanueva de Gumiel;Burgos;09451;41.7372;-3.62558
Villanueva de Teba;Burgos;09454;42.64879;-3.16353
Villaquirán de la Puebla;Burgos;09455;42.28321;-4.10086
Villaquirán de los Infantes;Burgos;09456;42.22738;-4.00889
Villariezo;Burgos;09458;42.26865;-3.73399
Villasandino;Burgos;09460;42.37264;-4.10853
Villasur de Herreros;Burgos;09463;42.30777;-3.39465
Villatuelda;Burgos;09464;41.81517;-3.88144
Villaverde del Monte;Burgos;09466;42.16038;-3.81433
Villaverde-Mogina;Burgos;09467;42.15001;-4.05422
Villayerno Morquillas;Burgos;09471;42.39612;-3.63983
Villazopeque;Burgos;09472;42.19756;-4.01655
Villegas;Burgos;09473;42.46791;-4.01655
Villoruebo;Burgos;09476;42.1686;-3.44147
Vizcaínos;Burgos;09478;42.10196;-3.26685
Zael;Burgos;09480;42.10921;-3.82292
Zarzosa de Río Pisuerga;Burgos;09482;42.53637;-4.26831
Zazuar;Burgos;09483;41.69472;-3.55217
Zuñeda;Burgos;09485;42.60547;-3.22631
Quintanilla del Agua y Tordueles;Burgos;09901;42.04992;-3.65218
Valle de Santibáñez;Burgos;09902;42.46838;-3.80448
Villarcayo de Merindad de Castilla la Vieja;Burgos;09903;42.94483;-3.56103
Valle de las Navas;Burgos;09904;42.47619;-3.56103
Valle de Sedano;Burgos;09905;42.70589;-3.7232
Merindad de Río Ubierna;Burgos;09906;42.55076;-3.68261
Alfoz de Quintanadueñas;Burgos;09907;42.40136;-3.75367
Valle de Losa;Burgos;09908;42.99325;-3.23825
Abadía;Cáceres;10001;40.26001;-5.97715
Abertura;Cáceres;10002;39.24395;-5.81471
Acebo;Cáceres;10003;40.2028;-6.71634
Acehúche;Cáceres;10004;39.80257;-6.63387
Aceituna;Cáceres;10005;40.14967;-6.33244
Ahigal;Cáceres;10006;40.1902;-6.1852
Albalá;Cáceres;10007;39.25652;-6.18479
Alcántara;Cáceres;10008;39.71918;-6.88651
Alcollarín;Cáceres;10009;39.24476;-5.73899
Alcuéscar;Cáceres;10010;39.18246;-6.22896
Aldeacentenera;Cáceres;10011;39.52736;-5.62898
Aldea del Cano;Cáceres;10012;39.28899;-6.31882
Aldea del Obispo, La;Cáceres;10013;39.56667;-5.91667
Aldeanueva de la Vera;Cáceres;10014;40.1274;-5.70167
Aldeanueva del Camino;Cáceres;10015;40.25998;-5.92807
Aldehuela del Jerte;Cáceres;10016;40.00964;-6.23931
Alía;Cáceres;10017;39.44883;-5.21765
Aliseda;Cáceres;10018;39.42412;-6.6914
Almaraz;Cáceres;10019;39.81441;-5.67638
Almoharín;Cáceres;10020;39.17651;-6.04503
Arroyo de la Luz;Cáceres;10021;39.48631;-6.58178
Arroyomolinos de la Vera;Cáceres;10022;40.05341;-5.852
Arroyomolinos;Cáceres;10023;39.18561;-6.16149
Baños de Montemayor;Cáceres;10024;40.31583;-5.8593
Barrado;Cáceres;10025;40.0849;-5.88195
Belvís de Monroy;Cáceres;10026;39.81759;-5.60722
Benquerencia;Cáceres;10027;39.31013;-6.08435
Berrocalejo;Cáceres;10028;39.81955;-5.3502
Berzocana;Cáceres;10029;39.43724;-5.46202
Bohonal de Ibor;Cáceres;10030;39.78432;-5.48418
Botija;Cáceres;10031;39.34631;-6.07199
Brozas;Cáceres;10032;39.61208;-6.77794
Cabañas del Castillo;Cáceres;10033;39.54757;-5.51165
Cabezabellosa;Cáceres;10034;40.13789;-6.00126
Cabezuela del Valle;Cáceres;10035;40.19462;-5.8071
Cabrero;Cáceres;10036;40.11537;-5.89314
Cáceres;Cáceres;10037;39.47618;-6.37076
Cachorrilla;Cáceres;10038;39.91569;-6.66876
Cadalso;Cáceres;10039;40.23775;-6.54175
Calzadilla;Cáceres;10040;40.06121;-6.53185
Caminomorisco;Cáceres;10041;40.32347;-6.29047
Campillo de Deleitosa;Cáceres;10042;39.70359;-5.57251
Campo Lugar;Cáceres;10043;39.19566;-5.77098
Cañamero;Cáceres;10044;39.3801;-5.389
Cañaveral;Cáceres;10045;39.78916;-6.39441
Carbajo;Cáceres;10046;39.60311;-7.19537
Carcaboso;Cáceres;10047;40.04923;-6.21387
Carrascalejo;Cáceres;10048;39.64698;-5.21598
Casar de Cáceres;Cáceres;10049;39.56156;-6.41681
Casar de Palomero;Cáceres;10050;40.29464;-6.25692
Casares de las Hurdes;Cáceres;10051;40.44009;-6.28787
Casas de Don Antonio;Cáceres;10052;39.23449;-6.29093
Casas de Don Gómez;Cáceres;10053;40.00901;-6.60202
Casas del Castañar;Cáceres;10054;40.10815;-5.90643
Casas del Monte;Cáceres;10055;40.20384;-5.9611
Casas de Millán;Cáceres;10056;39.81559;-6.33087
Casas de Miravete;Cáceres;10057;39.72628;-5.74522
Casatejada;Cáceres;10058;39.88761;-5.68349
Casillas de Coria;Cáceres;10059;39.96584;-6.63583
Castañar de Ibor;Cáceres;10060;39.6278;-5.41654
Ceclavín;Cáceres;10061;39.82228;-6.77021
Cedillo;Cáceres;10062;39.64955;-7.49924
Cerezo;Cáceres;10063;40.23718;-6.22535
Cilleros;Cáceres;10064;40.11362;-6.79216
Collado de la Vera;Cáceres;10065;40.03613;-5.6984
Conquista de la Sierra;Cáceres;10066;39.35096;-5.7345
Coria;Cáceres;10067;39.98358;-6.53973
Cuacos de Yuste;Cáceres;10068;40.10612;-5.72297
Cumbre, La;Cáceres;10069;39.4043;-5.97665
Deleitosa;Cáceres;10070;39.6431;-5.64574
Descargamaría;Cáceres;10071;40.30398;-6.48702
Eljas;Cáceres;10072;40.21554;-6.84604
Escurial;Cáceres;10073;39.16914;-5.88563
Fresnedoso de Ibor;Cáceres;10075;39.68388;-5.50637
Galisteo;Cáceres;10076;39.97344;-6.2659
Garciaz;Cáceres;10077;39.41329;-5.62729
Garganta, La;Cáceres;10078;40.32889;-5.82286
Garganta la Olla;Cáceres;10079;40.11181;-5.77565
Gargantilla;Cáceres;10080;40.24803;-5.92027
Gargüera;Cáceres;10081;40.06156;-5.92852
Garrovillas de Alconétar;Cáceres;10082;39.70975;-6.54906
Garvín;Cáceres;10083;39.71982;-5.34563
Gata;Cáceres;10084;40.23882;-6.59584
Gordo, El;Cáceres;10085;39.86547;-5.34359
Granja, La;Cáceres;10086;39.46896;-6.33882
Guadalupe;Cáceres;10087;39.45216;-5.33002
Guijo de Coria;Cáceres;10088;40.1011;-6.46347
Guijo de Galisteo;Cáceres;10089;40.09397;-6.40997
Guijo de Granadilla;Cáceres;10090;40.1938;-6.16325
Guijo de Santa Bárbara;Cáceres;10091;40.1547;-5.65481
Herguijuela;Cáceres;10092;39.37516;-5.7598
Hernán-Pérez;Cáceres;10093;40.21267;-6.46451
Herrera de Alcántara;Cáceres;10094;39.63796;-7.40579
Herreruela;Cáceres;10095;39.46328;-6.9066
Hervás;Cáceres;10096;40.2739;-5.86604
Higuera de Albalat;Cáceres;10097;39.72699;-5.66684
Hinojal;Cáceres;10098;39.70812;-6.35786
Holguera;Cáceres;10099;39.89969;-6.34908
Hoyos;Cáceres;10100;40.17185;-6.72188
Huélaga;Cáceres;10101;40.05581;-6.615
Ibahernando;Cáceres;10102;39.32561;-5.91791
Jaraicejo;Cáceres;10103;39.66704;-5.81293
Jaraíz de la Vera;Cáceres;10104;40.06082;-5.75735
Jarandilla de la Vera;Cáceres;10105;40.12643;-5.65839
Jarilla;Cáceres;10106;40.17308;-6.00253
Jerte;Cáceres;10107;40.21983;-5.75595
Ladrillar;Cáceres;10108;40.46568;-6.22411
Logrosán;Cáceres;10109;39.33704;-5.48693
Losar de la Vera;Cáceres;10110;40.12332;-5.60516
Madrigal de la Vera;Cáceres;10111;40.14826;-5.36909
Madrigalejo;Cáceres;10112;39.13836;-5.6287
Madroñera;Cáceres;10113;39.42639;-5.75425
Majadas;Cáceres;10114;39.94258;-5.74808
Malpartida de Cáceres;Cáceres;10115;39.44617;-6.50574
Malpartida de Plasencia;Cáceres;10116;39.97929;-6.04853
Marchagaz;Cáceres;10117;40.26732;-6.27504
Mata de Alcántara;Cáceres;10118;39.71692;-6.81734
Membrío;Cáceres;10119;39.52709;-7.05642
Mesas de Ibor;Cáceres;10120;39.75625;-5.54389
Miajadas;Cáceres;10121;39.15122;-5.90726
Millanes;Cáceres;10122;39.85034;-5.58038
Mirabel;Cáceres;10123;39.86226;-6.23199
Mohedas de Granadilla;Cáceres;10124;40.26815;-6.20279
Monroy;Cáceres;10125;39.63814;-6.21319
Montánchez;Cáceres;10126;39.22698;-6.14675
Montehermoso;Cáceres;10127;40.08851;-6.34876
Moraleja;Cáceres;10128;40.06754;-6.6574
Morcillo;Cáceres;10129;40.01879;-6.39777
Navaconcejo;Cáceres;10130;40.17633;-5.8292
Navalmoral de la Mata;Cáceres;10131;39.88757;-5.56055
Navalvillar de Ibor;Cáceres;10132;39.58443;-5.41406
Navas del Madroño;Cáceres;10133;39.62302;-6.65107
Navezuelas;Cáceres;10134;39.51123;-5.43861
Nuñomoral;Cáceres;10135;40.40713;-6.24615
Oliva de Plasencia;Cáceres;10136;40.11187;-6.08688
Palomero;Cáceres;10137;40.24598;-6.27645
Pasarón de la Vera;Cáceres;10138;40.05243;-5.82024
Pedroso de Acim;Cáceres;10139;39.824;-6.41306
Peraleda de la Mata;Cáceres;10140;39.85395;-5.46136
Peraleda de San Román;Cáceres;10141;39.74103;-5.38643
Perales del Puerto;Cáceres;10142;40.15448;-6.68132
Pescueza;Cáceres;10143;39.91832;-6.64637
Pesga, La;Cáceres;10144;40.3251;-6.17478
Piedras Albas;Cáceres;10145;39.78506;-6.92681
Pinofranqueado;Cáceres;10146;40.30349;-6.33271
Piornal;Cáceres;10147;40.11704;-5.85062
Plasencia;Cáceres;10148;40.0305;-6.08825
Plasenzuela;Cáceres;10149;39.38169;-6.04725
Portaje;Cáceres;10150;39.918;-6.56155
Portezuelo;Cáceres;10151;39.81164;-6.4751
Pozuelo de Zarzón;Cáceres;10152;40.14914;-6.41524
Puerto de Santa Cruz;Cáceres;10153;39.31549;-5.85953
Rebollar;Cáceres;10154;40.15337;-5.89888
Riolobos;Cáceres;10155;39.92095;-6.3049
Robledillo de Gata;Cáceres;10156;40.32271;-6.47002
Robledillo de la Vera;Cáceres;10157;40.10108;-5.58902
Robledillo de Trujillo;Cáceres;10158;39.26907;-5.98124
Robledollano;Cáceres;10159;39.61113;-5.51014
Romangordo;Cáceres;10160;39.74132;-5.69962
Ruanes;Cáceres;10161;39.32804;-6.01417
Salorino;Cáceres;10162;39.47884;-7.00886
Salvatierra de Santiago;Cáceres;10163;39.30373;-6.0326
San Martín de Trevejo;Cáceres;10164;40.21355;-6.7959
Santa Ana;Cáceres;10165;39.30836;-5.99142
Santa Cruz de la Sierra;Cáceres;10166;39.33632;-5.84652
Santa Cruz de Paniagua;Cáceres;10167;40.19156;-6.34122
Santa Marta de Magasca;Cáceres;10168;39.51199;-6.09932
Santiago de Alcántara;Cáceres;10169;39.60579;-7.24421
Santiago del Campo;Cáceres;10170;39.62868;-6.36258
Santibáñez el Alto;Cáceres;10171;40.18597;-6.54661
Santibáñez el Bajo;Cáceres;10172;40.17627;-6.22361
Saucedilla;Cáceres;10173;39.85294;-5.67723
Segura de Toro;Cáceres;10174;40.22353;-5.94838
Serradilla;Cáceres;10175;39.83054;-6.13809
Serrejón;Cáceres;10176;39.81802;-5.80205
Sierra de Fuentes;Cáceres;10177;39.43762;-6.27574
Talaván;Cáceres;10178;39.71327;-6.28356
Talaveruela de la Vera;Cáceres;10179;40.12172;-5.51937
Talayuela;Cáceres;10180;39.98579;-5.60977
Tejeda de Tiétar;Cáceres;10181;40.02016;-5.86854
Toril;Cáceres;10182;39.89747;-5.77914
Tornavacas;Cáceres;10183;40.25297;-5.69185
Torno, El;Cáceres;10184;40.13564;-5.94483
Torrecilla de los Ángeles;Cáceres;10185;40.24807;-6.41833
Torrecillas de la Tiesa;Cáceres;10186;39.56844;-5.74272
Torre de Don Miguel;Cáceres;10187;40.22451;-6.57621
Torre de Santa María;Cáceres;10188;39.25404;-6.11574
Torrejoncillo;Cáceres;10189;39.89564;-6.46638
Torrejón el Rubio;Cáceres;10190;39.77169;-6.01426
Torremenga;Cáceres;10191;40.04737;-5.77328
Torremocha;Cáceres;10192;39.34707;-6.17086
Torreorgaz;Cáceres;10193;39.38263;-6.24786
Torrequemada;Cáceres;10194;39.36641;-6.22009
Trujillo;Cáceres;10195;39.45842;-5.88143
Valdastillas;Cáceres;10196;40.13248;-5.87948
Valdecañas de Tajo;Cáceres;10197;39.75895;-5.61976
Valdefuentes;Cáceres;10198;39.27539;-6.12266
Valdehúncar;Cáceres;10199;39.83708;-5.52284
Valdelacasa de Tajo;Cáceres;10200;39.72631;-5.28196
Valdemorales;Cáceres;10201;39.20615;-6.06785
Valdeobispo;Cáceres;10202;40.08203;-6.24754
Valencia de Alcántara;Cáceres;10203;39.41135;-7.2469
Valverde de la Vera;Cáceres;10204;40.1233;-5.49422
Valverde del Fresno;Cáceres;10205;40.22512;-6.8778
Viandar de la Vera;Cáceres;10206;40.12193;-5.53733
Villa del Campo;Cáceres;10207;40.14024;-6.427
Villa del Rey;Cáceres;10208;39.66001;-6.82053
Villamesías;Cáceres;10209;39.24479;-5.87294
Villamiel;Cáceres;10210;40.18649;-6.78511
Villanueva de la Sierra;Cáceres;10211;40.20169;-6.40677
Villanueva de la Vera;Cáceres;10212;40.12963;-5.4642
Villar del Pedroso;Cáceres;10213;39.70632;-5.19626
Villar de Plasencia;Cáceres;10214;40.13834;-6.02938
Villasbuenas de Gata;Cáceres;10215;40.1794;-6.62568
Zarza de Granadilla;Cáceres;10216;40.23764;-6.04742
Zarza de Montánchez;Cáceres;10217;39.25694;-6.03367
Zarza la Mayor;Cáceres;10218;39.87599;-6.86481
Zorita;Cáceres;10219;39.28505;-5.70032
Rosalejo;Cáceres;10901;39.99511;-5.45826
Vegaviana;Cáceres;10902;40.04149;-6.71863
Alagón del Río;Cáceres;10903;39.9734;-6.31746
Tiétar;Cáceres;10904;40.02996;-5.48171
Pueblonuevo de Miramontes;Cáceres;10905;;
Alcalá de los Gazules;Cádiz;11001;36.46045;-5.72372
Alcalá del Valle;Cádiz;11002;36.90491;-5.17324
Algar;Cádiz;11003;36.65533;-5.65742
Algeciras;Cádiz;11004;36.12978;-5.4477
Algodonales;Cádiz;11005;36.88092;-5.40577
Arcos de la Frontera;Cádiz;11006;36.75078;-5.8124
Barbate;Cádiz;11007;36.19282;-5.9189
Barrios, Los;Cádiz;11008;36.49919;-6.26779
Benaocaz;Cádiz;11009;36.69952;-5.42126
Bornos;Cádiz;11010;36.81459;-5.74336
Bosque, El;Cádiz;11011;36.49361;-6.26519
Cádiz;Cádiz;11012;36.52969;-6.29266
Castellar de la Frontera;Cádiz;11013;36.28621;-5.41994
Conil de la Frontera;Cádiz;11014;36.27675;-6.08844
Chiclana de la Frontera;Cádiz;11015;36.41915;-6.14941
Chipiona;Cádiz;11016;36.7408;-6.43587
Espera;Cádiz;11017;36.87319;-5.80621
Gastor, El;Cádiz;11018;36.85603;-5.32267
Grazalema;Cádiz;11019;36.75837;-5.36607
Jerez de la Frontera;Cádiz;11020;36.68656;-6.13717
Jimena de la Frontera;Cádiz;11021;36.43404;-5.45348
Línea de la Concepción, La;Cádiz;11022;36.49735;-6.26695
Medina Sidonia;Cádiz;11023;36.46768;-5.92789
Olvera;Cádiz;11024;36.93525;-5.26769
Paterna de Rivera;Cádiz;11025;36.52333;-5.86605
Prado del Rey;Cádiz;11026;36.78968;-5.55555
Puerto de Santa María, El;Cádiz;11027;36.53184;-6.29701
Puerto Real;Cádiz;11028;36.52912;-6.19189
Puerto Serrano;Cádiz;11029;36.92159;-5.54562
Rota;Cádiz;11030;36.61699;-6.3582
San Fernando;Cádiz;11031;36.46572;-6.19663
Sanlúcar de Barrameda;Cádiz;11032;36.77882;-6.3542
San Roque;Cádiz;11033;36.20975;-5.38457
Setenil de las Bodegas;Cádiz;11034;36.86406;-5.18141
Tarifa;Cádiz;11035;36.01271;-5.60295
Torre Alháquime;Cádiz;11036;36.91553;-5.23474
Trebujena;Cádiz;11037;36.86951;-6.17669
Ubrique;Cádiz;11038;36.67771;-5.44656
Vejer de la Frontera;Cádiz;11039;36.25331;-5.96286
Villaluenga del Rosario;Cádiz;11040;36.69587;-5.38814
Villamartín;Cádiz;11041;36.86132;-5.64183
Zahara;Cádiz;11042;36.84053;-5.39055
Benalup-Casas Viejas;Cádiz;11901;36.34284;-5.8094
San José del Valle;Cádiz;11902;36.60554;-5.79895
San Martín del Tesorillo;Cádiz;11903;;
Atzeneta del Maestrat;Castellón;12001;40.21635;-0.17087
Aín;Castellón;12002;39.90015;-0.34101
Albocàsser;Castellón;12003;40.3567;0.02507
Alcalà de Xivert;Castellón;12004;40.30596;0.22658
Alcora, l';Castellón;12005;40.07465;-0.21392
Alcudia de Veo;Castellón;12006;39.91714;-0.35542
Alfondeguilla;Castellón;12007;39.83675;-0.26979
Algimia de Almonacid;Castellón;12008;39.91446;-0.44238
Almassora;Castellón;12009;39.94784;-0.063
Almedíjar;Castellón;12010;39.8723;-0.40928
Almenara;Castellón;12011;39.75345;-0.22329
Altura;Castellón;12012;39.85079;-0.51294
Arañuel;Castellón;12013;40.07064;-0.4815
Ares del Maestrat;Castellón;12014;40.45636;-0.13178
Argelita;Castellón;12015;40.05413;-0.35042
Artana;Castellón;12016;39.89041;-0.25672
Ayódar;Castellón;12017;39.99923;-0.37542
Azuébar;Castellón;12018;39.83444;-0.3686
Barracas;Castellón;12020;40.01667;-0.69777
Betxí;Castellón;12021;39.92714;-0.19868
Bejís;Castellón;12022;39.90985;-0.70697
Benafer;Castellón;12024;39.93551;-0.57721
Benafigos;Castellón;12025;40.27651;-0.20872
Benassal;Castellón;12026;40.37971;-0.14195
Benicarló;Castellón;12027;40.41265;0.4243
Benicàssim/Benicasim;Castellón;12028;40.05539;0.06415
Benlloc;Castellón;12029;40.2105;0.02682
Borriol;Castellón;12031;40.0415;-0.07117
Borriana/Burriana;Castellón;12032;39.88959;-0.08483
Cabanes;Castellón;12033;40.15529;0.04446
Càlig;Castellón;12034;40.46185;0.35508
Canet lo Roig;Castellón;12036;40.55124;0.24382
Castell de Cabres;Castellón;12037;40.66085;0.04272
Castellfort;Castellón;12038;40.50047;-0.18989
Castellnovo;Castellón;12039;39.86151;-0.4579
Castelló de la Plana/Castellón de la Plana;Castellón;12040;39.98636;-0.05132
Castillo de Villamalefa;Castellón;12041;40.13026;-0.37925
Catí;Castellón;12042;40.47136;0.02274
Caudiel;Castellón;12043;39.9484;-0.56775
Cervera del Maestre;Castellón;12044;40.45468;0.27595
Cinctorres;Castellón;12045;40.58375;-0.21686
Cirat;Castellón;12046;40.05405;-0.4638
Cortes de Arenoso;Castellón;12048;40.18718;-0.54262
Costur;Castellón;12049;40.12018;-0.1735
Coves de Vinromà, les;Castellón;12050;39.97961;-0.04196
Culla;Castellón;12051;40.33746;-0.16481
Xert;Castellón;12052;40.51833;0.15828
Chilches/Xilxes;Castellón;12053;39.78267;-0.19019
Xodos/Chodos;Castellón;12055;40.24498;-0.28695
Chóvar;Castellón;12056;39.85102;-0.32026
Eslida;Castellón;12057;39.88129;-0.30722
Espadilla;Castellón;12058;40.02655;-0.35571
Fanzara;Castellón;12059;40.01897;-0.31573
Figueroles;Castellón;12060;40.11751;-0.23678
Forcall;Castellón;12061;40.6453;-0.20044
Fuente la Reina;Castellón;12063;40.06332;-0.60946
Fuentes de Ayódar;Castellón;12064;40.02121;-0.42047
Gaibiel;Castellón;12065;39.92561;-0.49685
Geldo;Castellón;12067;39.83704;-0.46734
Herbers;Castellón;12068;40.72029;-0.00408
Higueras;Castellón;12069;39.98432;-0.50186
Jana, la;Castellón;12070;39.99708;-0.05386
Jérica;Castellón;12071;39.91178;-0.57189
Llucena/Lucena del Cid;Castellón;12072;40.13688;-0.28107
Ludiente;Castellón;12073;40.08738;-0.3716
Llosa, la;Castellón;12074;39.98022;-0.029
Mata de Morella, la;Castellón;12075;39.98411;-0.04923
Matet;Castellón;12076;39.93825;-0.46822
Moncofa;Castellón;12077;39.80883;-0.14706
Montán;Castellón;12078;40.03539;-0.55504
Montanejos;Castellón;12079;40.06833;-0.52385
Morella;Castellón;12080;40.61814;-0.10155
Navajas;Castellón;12081;39.87674;-0.50629
Nules;Castellón;12082;39.85395;-0.15535
Olocau del Rey;Castellón;12083;40.63736;-0.34013
Onda;Castellón;12084;39.96513;-0.26259
Orpesa/Oropesa del Mar;Castellón;12085;40.09141;0.14248
Palanques;Castellón;12087;40.71778;-0.1792
Pavías;Castellón;12088;39.9735;-0.48179
Peníscola/Peñíscola;Castellón;12089;40.36688;0.39132
Pina de Montalgrao;Castellón;12090;40.02012;-0.65448
Portell de Morella;Castellón;12091;40.5334;-0.26259
Puebla de Arenoso;Castellón;12092;40.1044;-0.5923
Pobla de Benifassà, la;Castellón;12093;40.65647;0.15681
Pobla Tornesa, la;Castellón;12094;39.96696;-0.09186
Ribesalbes;Castellón;12095;40.02388;-0.27785
Rossell;Castellón;12096;40.61734;0.22036
Sacañet;Castellón;12097;39.85154;-0.71498
Salzadella, la;Castellón;12098;39.96586;-0.09437
Sant Jordi/San Jorge;Castellón;12099;40.50951;0.33218
Sant Mateu;Castellón;12100;40.4655;0.17877
San Rafael del Río;Castellón;12101;40.60611;0.34705
Santa Magdalena de Pulpis;Castellón;12102;40.35638;0.30315
Serratella, la;Castellón;12103;39.85004;-0.09485
Segorbe;Castellón;12104;39.84916;-0.49035
Sierra Engarcerán;Castellón;12105;40.26942;-0.01913
Soneja;Castellón;12106;39.81724;-0.43019
Sot de Ferrer;Castellón;12107;39.80509;-0.41075
Suera/Sueras;Castellón;12108;39.95284;-0.33278
Tales;Castellón;12109;39.9481;-0.30722
Teresa;Castellón;12110;39.9004;-0.65774
Tírig;Castellón;12111;40.42295;0.0776
Todolella;Castellón;12112;40.64648;-0.24616
Toga;Castellón;12113;40.04158;-0.36601
Torás;Castellón;12114;39.91952;-0.68501
Toro, El;Castellón;12115;39.96754;-0.05448
Torralba del Pinar;Castellón;12116;39.98907;-0.43815
Torreblanca;Castellón;12117;40.22018;0.19513
Torrechiva;Castellón;12118;40.04949;-0.3975
Torre d'en Besora, la;Castellón;12119;40.32684;-0.07928
Torre d'en Doménec, la;Castellón;12120;40.26289;0.07081
Traiguera;Castellón;12121;40.52443;0.28959
Useres, les/Useras;Castellón;12122;40.15859;-0.16764
Vallat;Castellón;12123;40.03045;-0.33689
Vall d'Alba;Castellón;12124;40.1747;-0.03615
Vall de Almonacid;Castellón;12125;39.90361;-0.4572
Vall d'Uixó, la;Castellón;12126;39.99277;-0.04788
Vallibona;Castellón;12127;40.60325;0.04636
Vilafamés;Castellón;12128;40.1139;-0.05191
Vilafranca/Villafranca del Cid;Castellón;12129;40.42979;-0.25764
Villahermosa del Río;Castellón;12130;40.20272;-0.41782
Villamalur;Castellón;12131;39.96449;-0.39526
Vilanova d'Alcolea;Castellón;12132;40.23156;0.07273
Villanueva de Viver;Castellón;12133;40.0599;-0.64796
Vilar de Canes;Castellón;12134;40.35828;-0.06621
Vila-real;Castellón;12135;39.93977;-0.10059
Vilavella, la;Castellón;12136;39.99006;-0.02931
Villores;Castellón;12137;40.67575;-0.20044
Vinaròs;Castellón;12138;40.46799;0.47473
Vistabella del Maestrat;Castellón;12139;40.29381;-0.29312
Viver;Castellón;12140;39.92192;-0.59792
Zorita del Maestrazgo;Castellón;12141;40.72876;-0.16654
Zucaina;Castellón;12142;40.13236;-0.419
Alqueries, les/Alquerías del Niño Perdido;Castellón;12901;39.89721;-0.11473
Sant Joan de Moró;Castellón;12902;40.05938;-0.13897
Abenójar;Ciudad Real;13001;38.8793;-4.35523
Agudo;Ciudad Real;13002;38.98272;-4.87022
Alamillo;Ciudad Real;13003;38.67825;-4.79013
Albaladejo;Ciudad Real;13004;38.61807;-2.80911
Alcázar de San Juan;Ciudad Real;13005;39.39007;-3.2101
Alcoba;Ciudad Real;13006;39.26005;-4.47804
Alcolea de Calatrava;Ciudad Real;13007;38.98694;-4.11684
Alcubillas;Ciudad Real;13008;38.75383;-3.13406
Aldea del Rey;Ciudad Real;13009;38.7381;-3.83881
Alhambra;Ciudad Real;13010;38.89929;-3.05185
Almadén;Ciudad Real;13011;38.77446;-4.83262
Almadenejos;Ciudad Real;13012;38.73827;-4.71159
Almagro;Ciudad Real;13013;38.88843;-3.71178
Almedina;Ciudad Real;13014;38.62433;-2.95444
Almodóvar del Campo;Ciudad Real;13015;38.70828;-4.17569
Almuradiel;Ciudad Real;13016;38.51308;-3.49656
Anchuras;Ciudad Real;13017;39.47981;-4.83716
Arenas de San Juan;Ciudad Real;13018;39.21756;-3.50161
Argamasilla de Alba;Ciudad Real;13019;39.12642;-3.0952
Argamasilla de Calatrava;Ciudad Real;13020;38.72739;-4.07849
Arroba de los Montes;Ciudad Real;13021;39.15314;-4.5431
Ballesteros de Calatrava;Ciudad Real;13022;38.83381;-3.94577
Bolaños de Calatrava;Ciudad Real;13023;38.90686;-3.66486
Brazatortas;Ciudad Real;13024;38.65888;-4.29425
Cabezarados;Ciudad Real;13025;38.84487;-4.29874
Cabezarrubias del Puerto;Ciudad Real;13026;38.61551;-4.18396
Calzada de Calatrava;Ciudad Real;13027;38.69975;-3.77145
Campo de Criptana;Ciudad Real;13028;39.40061;-3.12528
Cañada de Calatrava;Ciudad Real;13029;38.85442;-4.0207
Caracuel de Calatrava;Ciudad Real;13030;38.84512;-4.06348
Carrión de Calatrava;Ciudad Real;13031;39.01789;-3.81847
Carrizosa;Ciudad Real;13032;38.84052;-2.99193
Castellar de Santiago;Ciudad Real;13033;38.53777;-3.27722
Ciudad Real;Ciudad Real;13034;38.98483;-3.92738
Corral de Calatrava;Ciudad Real;13035;38.85788;-4.08105
Cortijos, Los;Ciudad Real;13036;39.31446;-4.05194
Cózar;Ciudad Real;13037;38.65866;-3.07139
Chillón;Ciudad Real;13038;38.79656;-4.86633
Daimiel;Ciudad Real;13039;39.06992;-3.61418
Fernán Caballero;Ciudad Real;13040;39.12333;-3.90182
Fontanarejo;Ciudad Real;13041;39.21838;-4.51668
Fuencaliente;Ciudad Real;13042;38.40489;-4.30387
Fuenllana;Ciudad Real;13043;38.75577;-2.95881
Fuente el Fresno;Ciudad Real;13044;39.2272;-3.77526
Granátula de Calatrava;Ciudad Real;13045;38.79871;-3.74224
Guadalmez;Ciudad Real;13046;38.72692;-4.97016
Herencia;Ciudad Real;13047;39.36829;-3.35652
Hinojosas de Calatrava;Ciudad Real;13048;38.614;-4.13828
Horcajo de los Montes;Ciudad Real;13049;39.32784;-4.64891
Labores, Las;Ciudad Real;13050;39.2741;-3.5193
Luciana;Ciudad Real;13051;38.98517;-4.29296
Malagón;Ciudad Real;13052;39.16681;-3.85323
Manzanares;Ciudad Real;13053;39.00428;-3.37164
Membrilla;Ciudad Real;13054;38.97263;-3.34614
Mestanza;Ciudad Real;13055;38.57638;-4.06911
Miguelturra;Ciudad Real;13056;38.9622;-3.88844
Montiel;Ciudad Real;13057;38.69788;-2.86644
Moral de Calatrava;Ciudad Real;13058;38.82736;-3.57747
Navalpino;Ciudad Real;13059;39.22555;-4.5905
Navas de Estena;Ciudad Real;13060;39.49387;-4.51926
Pedro Muñoz;Ciudad Real;13061;39.40011;-2.94507
Picón;Ciudad Real;13062;39.05137;-4.0606
Piedrabuena;Ciudad Real;13063;39.03565;-4.17441
Poblete;Ciudad Real;13064;38.93596;-3.98115
Porzuna;Ciudad Real;13065;39.14681;-4.15522
Pozuelo de Calatrava;Ciudad Real;13066;38.9105;-3.83627
Pozuelos de Calatrava, Los;Ciudad Real;13067;38.9;-4.16667
Puebla de Don Rodrigo;Ciudad Real;13068;39.08335;-4.61728
Puebla del Príncipe;Ciudad Real;13069;38.56802;-2.92633
Puerto Lápice;Ciudad Real;13070;39.32386;-3.48077
Puertollano;Ciudad Real;13071;38.68845;-4.10789
Retuerta del Bullaque;Ciudad Real;13072;39.46376;-4.41178
Saceruela;Ciudad Real;13073;38.9452;-4.60759
San Carlos del Valle;Ciudad Real;13074;38.84433;-3.24139
San Lorenzo de Calatrava;Ciudad Real;13075;38.47694;-3.82451
Santa Cruz de los Cáñamos;Ciudad Real;13076;38.63701;-2.86582
Santa Cruz de Mudela;Ciudad Real;13077;38.64108;-3.46751
Socuéllamos;Ciudad Real;13078;39.28471;-2.79043
Solana, La;Ciudad Real;13079;38.46594;-4.0737
Solana del Pino;Ciudad Real;13080;38.46594;-4.0737
Terrinches;Ciudad Real;13081;38.60885;-2.83839
Tomelloso;Ciudad Real;13082;39.15837;-3.02145
Torralba de Calatrava;Ciudad Real;13083;39.01751;-3.74986
Torre de Juan Abad;Ciudad Real;13084;38.58492;-3.06075
Torrenueva;Ciudad Real;13085;38.63892;-3.36156
Valdemanco del Esteras;Ciudad Real;13086;38.93883;-4.83003
Valdepeñas;Ciudad Real;13087;38.76052;-3.38761
Valenzuela de Calatrava;Ciudad Real;13088;38.85256;-3.77272
Villahermosa;Ciudad Real;13089;38.75009;-2.87143
Villamanrique;Ciudad Real;13090;38.54521;-2.99881
Villamayor de Calatrava;Ciudad Real;13091;38.78804;-4.1373
Villanueva de la Fuente;Ciudad Real;13092;38.69276;-2.6959
Villanueva de los Infantes;Ciudad Real;13093;38.73403;-3.01157
Villanueva de San Carlos;Ciudad Real;13094;38.62161;-3.90977
Villar del Pozo;Ciudad Real;13095;38.85049;-3.96393
Villarrubia de los Ojos;Ciudad Real;13096;39.21922;-3.60767
Villarta de San Juan;Ciudad Real;13097;39.23812;-3.42081
Viso del Marqués;Ciudad Real;13098;38.5216;-3.56229
Robledo, El;Ciudad Real;13901;39.60975;-4.90589
Ruidera;Ciudad Real;13902;38.97627;-2.88452
Arenales de San Gregorio;Ciudad Real;13903;39.30929;-3.02695
Llanos del Caudillo;Ciudad Real;13904;39.11802;-3.35275
Adamuz;Córdoba;14001;38.02736;-4.52487
Aguilar de la Frontera;Córdoba;14002;37.51503;-4.65606
Alcaracejos;Córdoba;14003;38.38823;-4.96768
Almedinilla;Córdoba;14004;37.439;-4.09121
Almodóvar del Río;Córdoba;14005;37.80959;-5.01996
Añora;Córdoba;14006;38.41099;-4.89746
Baena;Córdoba;14007;37.61441;-4.32609
Belalcázar;Córdoba;14008;38.57843;-5.16712
Belmez;Córdoba;14009;38.27234;-5.20875
Benamejí;Córdoba;14010;37.26732;-4.54042
Blázquez, Los;Córdoba;14011;38.40801;-5.43752
Bujalance;Córdoba;14012;37.89657;-4.38359
Cabra;Córdoba;14013;37.47437;-4.42593
Cañete de las Torres;Córdoba;14014;37.86741;-4.31882
Carcabuey;Córdoba;14015;37.44359;-4.27344
Cardeña;Córdoba;14016;38.27047;-4.32373
Carlota, La;Córdoba;14017;37.67264;-4.93379
Carpio, El;Córdoba;14018;37.86551;-4.77963
Castro del Río;Córdoba;14019;37.68864;-4.48158
Conquista;Córdoba;14020;38.40844;-4.50097
Córdoba;Córdoba;14021;37.88473;-4.77915
Doña Mencía;Córdoba;14022;37.55457;-4.3576
Dos Torres;Córdoba;14023;38.44524;-4.89493
Encinas Reales;Córdoba;14024;37.27488;-4.48972
Espejo;Córdoba;14025;37.68211;-4.55236
Espiel;Córdoba;14026;38.18865;-5.0182
Fernán-Núñez;Córdoba;14027;37.67226;-4.72399
Fuente la Lancha;Córdoba;14028;38.42257;-5.04891
Fuente Obejuna;Córdoba;14029;38.26675;-5.41983
Fuente Palmera;Córdoba;14030;37.70319;-5.1039
Fuente-Tójar;Córdoba;14031;37.51163;-4.14802
Granjuela, La;Córdoba;14032;37.8967;-4.76884
Guadalcázar;Córdoba;14033;37.75755;-4.94463
Guijo, El;Córdoba;14034;38.5;-4.78333
Hinojosa del Duque;Córdoba;14035;38.50099;-5.14833
Hornachuelos;Córdoba;14036;37.83084;-5.24298
Iznájar;Córdoba;14037;37.25726;-4.30842
Lucena;Córdoba;14038;37.40873;-4.4856
Luque;Córdoba;14039;37.55932;-4.27652
Montalbán de Córdoba;Córdoba;14040;37.58292;-4.7497
Montemayor;Córdoba;14041;37.64862;-4.69889
Montilla;Córdoba;14042;37.58963;-4.63831
Montoro;Córdoba;14043;38.02617;-4.38187
Monturque;Córdoba;14044;37.47332;-4.58171
Moriles;Córdoba;14045;37.43526;-4.60877
Nueva Carteya;Córdoba;14046;37.58566;-4.46729
Obejo;Córdoba;14047;38.13433;-4.80051
Palenciana;Córdoba;14048;37.2492;-4.58365
Palma del Río;Córdoba;14049;37.70163;-5.28377
Pedro Abad;Córdoba;14050;37.96708;-4.45723
Pedroche;Córdoba;14051;38.42873;-4.76344
Peñarroya-Pueblonuevo;Córdoba;14052;38.30304;-5.27285
Posadas;Córdoba;14053;37.80041;-5.10704
Pozoblanco;Córdoba;14054;38.37742;-4.84838
Priego de Córdoba;Córdoba;14055;37.4389;-4.19484
Puente Genil;Córdoba;14056;37.39051;-4.77046
Rambla, La;Córdoba;14057;37.64569;-4.69891
Rute;Córdoba;14058;37.32587;-4.3713
San Sebastián de los Ballesteros;Córdoba;14059;37.65493;-4.82416
Santaella;Córdoba;14060;37.56627;-4.84509
Santa Eufemia;Córdoba;14061;38.59544;-4.90276
Torrecampo;Córdoba;14062;38.4751;-4.67946
Valenzuela;Córdoba;14063;37.77508;-4.21984
Valsequillo;Córdoba;14064;38.40498;-5.35168
Victoria, La;Córdoba;14065;37.89149;-4.78998
Villa del Río;Córdoba;14066;37.98227;-4.29088
Villafranca de Córdoba;Córdoba;14067;37.96193;-4.54573
Villaharta;Córdoba;14068;38.13951;-4.90305
Villanueva de Córdoba;Córdoba;14069;38.32279;-4.62834
Villanueva del Duque;Córdoba;14070;38.39297;-5.00013
Villanueva del Rey;Córdoba;14071;38.19965;-5.15144
Villaralto;Córdoba;14072;38.45571;-4.98437
Villaviciosa de Córdoba;Córdoba;14073;38.07598;-5.01421
Viso, El;Córdoba;14074;37.89746;-4.77256
Zuheros;Córdoba;14075;37.54314;-4.31642
Fuente Carreteros;Córdoba;14901;;
Guijarrosa, La;Córdoba;14902;;
Abegondo;A Coruña;15001;43.21912;-8.2979
Ames;A Coruña;15002;42.9038;-8.65837
Aranga;A Coruña;15003;43.2341;-8.01597
Ares;A Coruña;15004;43.42789;-8.24391
Arteixo;A Coruña;15005;43.30387;-8.5103
Arzúa;A Coruña;15006;42.92969;-8.16078
Baña, A;A Coruña;15007;42.96165;-8.75846
Bergondo;A Coruña;15008;43.30897;-8.23259
Betanzos;A Coruña;15009;43.27843;-8.21312
Boimorto;A Coruña;15010;43.0008;-8.13383
Boiro;A Coruña;15011;42.64748;-8.88335
Boqueixón;A Coruña;15012;42.81178;-8.41474
Brión;A Coruña;15013;42.86685;-8.67837
Cabana de Bergantiños;A Coruña;15014;43.2117;-8.91177
Cabanas;A Coruña;15015;43.41269;-8.16827
Camariñas;A Coruña;15016;43.13051;-9.18281
Cambre;A Coruña;15017;43.29261;-8.34228
Capela, A;A Coruña;15018;43.61744;-7.74418
Carballo;A Coruña;15019;43.21282;-8.69153
Carnota;A Coruña;15020;42.82682;-9.08858
Carral;A Coruña;15021;43.22906;-8.35567
Cedeira;A Coruña;15022;43.66079;-8.05377
Cee;A Coruña;15023;42.95767;-9.192
Cerceda;A Coruña;15024;43.18969;-8.47224
Cerdido;A Coruña;15025;43.62319;-8.00161
Coirós;A Coruña;15027;43.2527;-8.16839
Corcubión;A Coruña;15028;42.94257;-9.19226
Coristanco;A Coruña;15029;43.19044;-8.76099
Coruña, A;A Coruña;15030;43.36234;-8.41154
Culleredo;A Coruña;15031;43.2882;-8.3896
Curtis;A Coruña;15032;43.12534;-8.146
Dodro;A Coruña;15033;42.94135;-8.23313
Dumbría;A Coruña;15034;43.01218;-9.11853
Fene;A Coruña;15035;43.4753;-8.16624
Ferrol;A Coruña;15036;43.48965;-8.21935
Fisterra;A Coruña;15037;42.9078;-9.26503
Frades;A Coruña;15038;43.05019;-8.2939
Irixoa;A Coruña;15039;43.28519;-8.06038
Laxe;A Coruña;15040;43.22122;-9.00635
Laracha, A;A Coruña;15041;43.24827;-8.5844
Lousame;A Coruña;15042;42.77159;-8.84606
Malpica de Bergantiños;A Coruña;15043;43.32301;-8.81064
Mañón;A Coruña;15044;43.6328;-7.74262
Mazaricos;A Coruña;15045;42.93989;-8.99235
Melide;A Coruña;15046;42.91395;-8.01469
Mesía;A Coruña;15047;43.11353;-8.27239
Miño;A Coruña;15048;43.34766;-8.20401
Moeche;A Coruña;15049;43.56087;-7.97018
Monfero;A Coruña;15050;43.33445;-8.05587
Mugardos;A Coruña;15051;43.45995;-8.25582
Muxía;A Coruña;15052;43.10419;-9.21829
Muros;A Coruña;15053;42.7746;-9.05786
Narón;A Coruña;15054;43.50129;-8.19237
Neda;A Coruña;15055;43.49942;-8.1579
Negreira;A Coruña;15056;42.91049;-8.73625
Noia;A Coruña;15057;42.78428;-8.88829
Oleiros;A Coruña;15058;43.33271;-8.3157
Ordes;A Coruña;15059;43.07637;-8.40807
Oroso;A Coruña;15060;42.99482;-8.36361
Ortigueira;A Coruña;15061;43.68316;-7.85217
Outes;A Coruña;15062;42.85043;-8.9269
Paderne;A Coruña;15064;43.2857;-8.17626
Padrón;A Coruña;15065;42.73812;-8.66077
Pino, O;A Coruña;15066;42.93591;-8.33303
Pobra do Caramiñal, A;A Coruña;15067;42.60317;-8.93869
Ponteceso;A Coruña;15068;43.24289;-8.90045
Pontedeume;A Coruña;15069;43.40745;-8.16991
Pontes de García Rodríguez, As;A Coruña;15070;43.45261;-7.85225
Porto do Son;A Coruña;15071;42.72456;-9.00599
Rianxo;A Coruña;15072;42.65132;-8.81661
Ribeira;A Coruña;15073;42.55406;-8.99225
Rois;A Coruña;15074;42.76245;-8.70734
Sada;A Coruña;15075;43.35552;-8.25574
San Sadurniño;A Coruña;15076;43.54608;-8.07809
Santa Comba;A Coruña;15077;43.03355;-8.80475
Santiago de Compostela;A Coruña;15078;42.87821;-8.54484
Santiso;A Coruña;15079;42.85615;-8.05792
Sobrado;A Coruña;15080;43.04003;-8.02087
Somozas, As;A Coruña;15081;43.53558;-7.94289
Teo;A Coruña;15082;42.76788;-8.51583
Toques;A Coruña;15083;42.96678;-7.97323
Tordoia;A Coruña;15084;43.10823;-8.57105
Touro;A Coruña;15085;42.54659;-8.98546
Trazo;A Coruña;15086;43.02555;-8.518
Valdoviño;A Coruña;15087;43.60778;-8.14262
Val do Dubra;A Coruña;15088;43.02815;-8.65658
Vedra;A Coruña;15089;42.77481;-8.48085
Vilasantar;A Coruña;15090;43.07198;-8.12225
Vilarmaior;A Coruña;15091;43.34664;-8.14555
Vimianzo;A Coruña;15092;43.11007;-9.03242
Zas;A Coruña;15093;43.09882;-8.91509
Cariño;A Coruña;15901;43.74092;-7.86997
Oza-Cesuras;A Coruña;15902;43.35181;-8.41829
Abia de la Obispalía;Cuenca;16001;40.01863;-2.39537
Acebrón, El;Cuenca;16002;39.90894;-2.98443
Alarcón;Cuenca;16003;39.54633;-2.08644
Albaladejo del Cuende;Cuenca;16004;39.80635;-2.2292
Albalate de las Nogueras;Cuenca;16005;40.36528;-2.27751
Albendea;Cuenca;16006;40.48818;-2.41655
Alberca de Záncara, La;Cuenca;16007;39.51413;-2.49257
Alcalá de la Vega;Cuenca;16008;40.02702;-1.52631
Alcantud;Cuenca;16009;40.54836;-2.33264
Alcázar del Rey;Cuenca;16010;40.06206;-2.80849
Alcohujate;Cuenca;16011;40.41739;-2.6149
Alconchel de la Estrella;Cuenca;16012;39.7191;-2.5746
Algarra;Cuenca;16013;40.00251;-1.43682
Aliaguilla;Cuenca;16014;39.74163;-1.32463
Almarcha, La;Cuenca;16015;39.6858;-2.37771
Almendros;Cuenca;16016;39.92045;-2.88452
Almodóvar del Pinar;Cuenca;16017;39.72527;-1.90138
Almonacid del Marquesado;Cuenca;16018;39.82309;-2.7674
Altarejos;Cuenca;16019;39.91274;-2.35761
Arandilla del Arroyo;Cuenca;16020;40.51045;-2.38445
Arcos de la Sierra;Cuenca;16022;40.34639;-2.11373
Chillarón de Cuenca;Cuenca;16023;40.10548;-2.22182
Arguisuelas;Cuenca;16024;39.83274;-1.82147
Arrancacepas;Cuenca;16025;40.30341;-2.35854
Atalaya del Cañavate;Cuenca;16026;39.51839;-2.25135
Barajas de Melo;Cuenca;16027;40.12341;-2.91572
Barchín del Hoyo;Cuenca;16029;39.66378;-2.06836
Bascuñana de San Pedro;Cuenca;16030;40.21311;-2.22766
Beamud;Cuenca;16031;40.1862;-1.82909
Belinchón;Cuenca;16032;40.04807;-3.05825
Belmonte;Cuenca;16033;39.55796;-2.70556
Belmontejo;Cuenca;16034;39.82208;-2.34497
Beteta;Cuenca;16035;40.57265;-2.07587
Boniches;Cuenca;16036;39.98563;-1.62356
Buciegas;Cuenca;16038;40.33602;-2.46196
Buenache de Alarcón;Cuenca;16039;39.65634;-2.15853
Buenache de la Sierra;Cuenca;16040;40.13476;-2.00131
Buendía;Cuenca;16041;40.36666;-2.75683
Campillo de Altobuey;Cuenca;16042;39.61088;-1.79649
Campillos-Paravientos;Cuenca;16043;39.97419;-1.54447
Campillos-Sierra;Cuenca;16044;40.10026;-1.69612
Canalejas del Arroyo;Cuenca;16045;40.37007;-2.49381
Cañada del Hoyo;Cuenca;16046;39.96955;-1.90138
Cañada Juncosa;Cuenca;16047;39.54942;-2.25012
Cañamares;Cuenca;16048;40.45101;-2.24027
Cañavate, El;Cuenca;16049;39.54256;-2.30368
Cañaveras;Cuenca;16050;40.35876;-2.39556
Cañaveruelas;Cuenca;16051;40.40066;-2.63692
Cañete;Cuenca;16052;40.04266;-1.64814
Cañizares;Cuenca;16053;40.51935;-2.19109
Carboneras de Guadazaón;Cuenca;16055;39.89656;-1.80868
Cardenete;Cuenca;16056;39.76717;-1.68943
Carrascosa;Cuenca;16057;40.03662;-2.73659
Carrascosa de Haro;Cuenca;16058;39.59764;-2.5427
Casas de Benítez;Cuenca;16060;39.36112;-2.12837
Casas de Fernando Alonso;Cuenca;16061;39.35063;-2.32586
Casas de Garcimolina;Cuenca;16062;39.99729;-1.4178
Casas de Guijarro;Cuenca;16063;39.34532;-2.16406
Casas de Haro;Cuenca;16064;39.32577;-2.27166
Casas de los Pinos;Cuenca;16065;39.33223;-2.37087
Casasimarro;Cuenca;16066;39.38969;-2.03834
Castejón;Cuenca;16067;40.38157;-2.52165
Castillejo de Iniesta;Cuenca;16068;39.52552;-1.76179
Castillejo-Sierra;Cuenca;16070;40.37521;-2.14073
Castillo-Albaráñez;Cuenca;16071;40.29794;-2.39216
Castillo de Garcimuñoz;Cuenca;16072;39.65911;-2.38075
Cervera del Llano;Cuenca;16073;39.78261;-2.41964
Cierva, La;Cuenca;16074;40.05595;-1.85104
Cuenca;Cuenca;16078;40.07039;-2.13742
Cueva del Hierro;Cuenca;16079;40.58284;-2.0362
Chumillas;Cuenca;16081;39.77134;-2.03283
Enguídanos;Cuenca;16082;39.67364;-1.60628
Fresneda de Altarejos;Cuenca;16083;39.92579;-2.31508
Fresneda de la Sierra;Cuenca;16084;40.39175;-2.14196
Frontera, La;Cuenca;16085;40.4018;-2.2169
Fuente de Pedro Naharro;Cuenca;16086;39.92301;-3.01132
Fuentelespino de Haro;Cuenca;16087;39.68895;-2.66919
Fuentelespino de Moya;Cuenca;16088;39.91868;-1.46945
Fuentes;Cuenca;16089;39.95019;-2.02181
Fuertescusa;Cuenca;16091;40.47607;-2.17665
Gabaldón;Cuenca;16092;39.62614;-1.94507
Garaballa;Cuenca;16093;39.81441;-1.37647
Gascueña;Cuenca;16094;40.29879;-2.51794
Graja de Campalbo;Cuenca;16095;39.89917;-1.27165
Graja de Iniesta;Cuenca;16096;39.51717;-1.67
Henarejos;Cuenca;16097;39.8645;-1.48638
Herrumblar, El;Cuenca;16098;39.40137;-1.62387
Hinojosa, La;Cuenca;16099;39.72801;-2.41408
Hinojosos, Los;Cuenca;16100;39.60336;-2.82655
Hito, El;Cuenca;16101;39.85903;-2.71517
Honrubia;Cuenca;16102;39.61272;-2.28151
Hontanaya;Cuenca;16103;39.71596;-2.83465
Hontecillas;Cuenca;16104;39.69257;-2.18617
Horcajo de Santiago;Cuenca;16106;39.84371;-2.99881
Huélamo;Cuenca;16107;40.27594;-1.80959
Huelves;Cuenca;16108;40.04259;-2.88421
Huérguina;Cuenca;16109;40.04129;-1.6087
Huerta de la Obispalía;Cuenca;16110;39.9888;-2.47958
Huerta del Marquesado;Cuenca;16111;40.14518;-1.68761
Huete;Cuenca;16112;40.14357;-2.68969
Iniesta;Cuenca;16113;39.44084;-1.74925
Laguna del Marquesado;Cuenca;16115;40.17771;-1.67151
Lagunaseca;Cuenca;16116;40.53137;-2.01936
Landete;Cuenca;16117;39.90772;-1.36742
Ledaña;Cuenca;16118;39.35596;-1.71861
Leganiel;Cuenca;16119;40.16476;-2.94944
Majadas, Las;Cuenca;16121;40.29573;-2.02181
Mariana;Cuenca;16122;40.16704;-2.14564
Masegosa;Cuenca;16123;40.54776;-2.02671
Mesas, Las;Cuenca;16124;39.38778;-2.76429
Minglanilla;Cuenca;16125;39.53501;-1.59597
Mira;Cuenca;16126;39.71965;-1.43924
Monreal del Llano;Cuenca;16128;39.56847;-2.76087
Montalbanejo;Cuenca;16129;39.73394;-2.49937
Montalbo;Cuenca;16130;39.88125;-2.67106
Monteagudo de las Salinas;Cuenca;16131;39.80448;-1.89954
Mota de Altarejos;Cuenca;16132;39.8816;-2.30953
Mota del Cuervo;Cuenca;16133;39.50154;-2.87143
Motilla del Palancar;Cuenca;16134;39.56257;-1.91115
Moya;Cuenca;16135;39.94841;-1.36795
Narboneta;Cuenca;16137;39.75109;-1.4752
Olivares de Júcar;Cuenca;16139;39.76076;-2.35545
Olmeda de la Cuesta;Cuenca;16140;40.31117;-2.47587
Olmeda del Rey;Cuenca;16141;39.80777;-2.08307
Olmedilla de Alarcón;Cuenca;16142;39.61413;-2.10392
Olmedilla de Eliz;Cuenca;16143;40.30248;-2.41933
Osa de la Vega;Cuenca;16145;39.66172;-2.75931
Pajarón;Cuenca;16146;39.95763;-1.78279
Pajaroncillo;Cuenca;16147;39.94617;-1.73411
Palomares del Campo;Cuenca;16148;39.94582;-2.59784
Palomera;Cuenca;16149;40.06736;-2.04906
Paracuellos;Cuenca;16150;39.71772;-1.78827
Paredes;Cuenca;16151;40.06574;-2.85428
Parra de las Vegas, La;Cuenca;16152;39.86853;-2.20461
Pedernoso, El;Cuenca;16153;39.48392;-2.74439
Pedroñeras, Las;Cuenca;16154;39.448;-2.67603
Peral, El;Cuenca;16155;39.49819;-1.89649
Peraleja, La;Cuenca;16156;40.23543;-2.55509
Pesquera, La;Cuenca;16157;39.57263;-1.58506
Picazo, El;Cuenca;16158;39.44767;-2.09042
Pinarejo;Cuenca;16159;39.6156;-2.42643
Pineda de Gigüela;Cuenca;16160;40.08577;-2.54362
Piqueras del Castillo;Cuenca;16161;39.72152;-2.08307
Portalrubio de Guadamejud;Cuenca;16162;40.27266;-2.60342
Portilla;Cuenca;16163;40.28956;-2.08184
Poyatos;Cuenca;16165;40.4227;-2.04998
Pozoamargo;Cuenca;16166;39.36548;-2.19477
Pozorrubio de Santiago;Cuenca;16167;39.81132;-2.90761
Pozuelo, El;Cuenca;16169;40.36654;-3.32064
Priego;Cuenca;16170;40.44956;-2.31415
Provencio, El;Cuenca;16171;39.37597;-2.57134
Puebla de Almenara;Cuenca;16172;39.78404;-2.81409
Valle de Altomira, El;Cuenca;16173;40.22531;-2.75958
Puebla del Salvador;Cuenca;16174;39.56555;-1.67546
Quintanar del Rey;Cuenca;16175;39.34363;-1.92702
Rada de Haro;Cuenca;16176;39.57041;-2.6211
Reíllo;Cuenca;16177;39.9052;-1.87147
Rozalén del Monte;Cuenca;16181;39.99036;-2.806
Saceda-Trasierra;Cuenca;16185;40.15405;-2.85366
Saelices;Cuenca;16186;39.92049;-2.80413
Salinas del Manzano;Cuenca;16187;40.08944;-1.55416
Salmeroncillos;Cuenca;16188;40.50444;-2.52071
Salvacañete;Cuenca;16189;40.09907;-1.50332
San Clemente;Cuenca;16190;39.40165;-2.42828
San Lorenzo de la Parrilla;Cuenca;16191;39.8507;-2.36039
San Martín de Boniches;Cuenca;16192;39.88681;-1.57324
San Pedro Palmiches;Cuenca;16193;40.42934;-2.40555
Santa Cruz de Moya;Cuenca;16194;39.95553;-1.25571
Santa María del Campo Rus;Cuenca;16195;39.55825;-2.42211
Santa María de los Llanos;Cuenca;16196;39.49013;-2.80911
Santa María del Val;Cuenca;16197;40.5046;-2.04171
Sisante;Cuenca;16198;39.40742;-2.20276
Solera de Gabaldón;Cuenca;16199;39.74913;-1.97653
Talayuelas;Cuenca;16202;39.84956;-1.28309
Tarancón;Cuenca;16203;40.01052;-3.00745
Tébar;Cuenca;16204;39.49675;-2.16529
Tejadillos;Cuenca;16205;40.14082;-1.63418
Tinajas;Cuenca;16206;40.32546;-2.58111
Torralba;Cuenca;16209;40.30234;-2.28459
Torrejoncillo del Rey;Cuenca;16211;40.00793;-2.57305
Torrubia del Campo;Cuenca;16212;39.89796;-2.96193
Torrubia del Castillo;Cuenca;16213;39.65825;-2.31138
Tragacete;Cuenca;16215;40.3496;-1.85073
Tresjuncos;Cuenca;16216;39.7005;-2.75434
Tribaldos;Cuenca;16217;39.97271;-2.89825
Uclés;Cuenca;16218;39.97999;-2.86332
Uña;Cuenca;16219;40.2234;-1.97684
Valdemeca;Cuenca;16224;40.2249;-1.74354
Valdemorillo de la Sierra;Cuenca;16225;40.03847;-1.78036
Valdemoro-Sierra;Cuenca;16227;40.10175;-1.76788
Valdeolivas;Cuenca;16228;40.50535;-2.4462
Valhermoso de la Fuente;Cuenca;16231;39.55272;-2.01661
Valsalobre;Cuenca;16234;40.61737;-2.09318
Valverde de Júcar;Cuenca;16236;39.71959;-2.22244
Valverdejo;Cuenca;16237;39.61587;-2.02334
Vara de Rey;Cuenca;16238;39.42505;-2.29373
Vega del Codorno;Cuenca;16239;40.43242;-1.92886
Vellisca;Cuenca;16240;40.12852;-2.81222
Villaconejos de Trabaque;Cuenca;16242;40.40108;-2.31908
Villaescusa de Haro;Cuenca;16243;39.59989;-2.67292
Villagarcía del Llano;Cuenca;16244;39.32742;-1.84707
Villalba de la Sierra;Cuenca;16245;40.23516;-2.08981
Villalba del Rey;Cuenca;16246;40.34454;-2.6394
Villalgordo del Marquesado;Cuenca;16247;39.68222;-2.50804
Villalpardo;Cuenca;16248;39.47127;-1.62387
Villamayor de Santiago;Cuenca;16249;39.73288;-2.92548
Villanueva de Guadamejud;Cuenca;16250;40.22502;-2.50556
Villanueva de la Jara;Cuenca;16251;39.44031;-1.95513
Villar de Cañas;Cuenca;16253;39.77759;-2.56376
Villar de Domingo García;Cuenca;16254;40.23835;-2.29321
Villar de la Encina;Cuenca;16255;39.63809;-2.52165
Villar del Humo;Cuenca;16258;39.87031;-1.62811
Villar del Infantado;Cuenca;16259;40.45504;-2.47958
Villar de Olalla;Cuenca;16263;40.01502;-2.196
Villarejo de Fuentes;Cuenca;16264;39.7868;-2.69714
Villarejo de la Peñuela;Cuenca;16265;40.08734;-2.40945
Villarejo-Periesteban;Cuenca;16266;39.87184;-2.44157
Villares del Saz;Cuenca;16269;39.84256;-2.5037
Villarrubio;Cuenca;16270;39.94462;-2.89326
Villarta;Cuenca;16271;39.44242;-1.65057
Villas de la Ventosa;Cuenca;16272;40.22275;-2.40111
Villaverde y Pasaconsol;Cuenca;16273;39.77024;-2.26673
Víllora;Cuenca;16274;39.75348;-1.58718
Vindel;Cuenca;16275;40.58708;-2.38044
Yémeda;Cuenca;16276;39.76315;-1.72256
Zafra de Záncara;Cuenca;16277;39.89086;-2.55756
Zafrilla;Cuenca;16278;40.19412;-1.61901
Zarza de Tajo;Cuenca;16279;40.01888;-3.13123
Zarzuela;Cuenca;16280;40.25743;-2.12907
Campos del Paraíso;Cuenca;16901;40.01103;-2.71827
Valdetórtola;Cuenca;16902;39.93011;-2.1745
Valeras, Las;Cuenca;16903;40.07636;-2.13095
Fuentenava de Jábaga;Cuenca;16904;40.14255;-2.32216
Arcas;Cuenca;16905;39.98867;-2.11404
Valdecolmenas, Los;Cuenca;16906;40.11934;-2.49741
Pozorrubielos de la Mancha;Cuenca;16908;39.47901;-2.03712
Sotorribas;Cuenca;16909;40.26753;-2.20399
Villar y Velasco;Cuenca;16910;40.14094;-2.40111
Agullana;Girona;17001;42.39365;2.84587
Aiguaviva;Girona;17002;41.93844;2.76227
Albanyà;Girona;17003;42.30479;2.72045
Albons;Girona;17004;42.10485;3.08392
Far d'Empordà, El;Girona;17005;42.25209;2.99568
Alp;Girona;17006;42.37284;1.88612
Amer;Girona;17007;42.01042;2.6028
Anglès;Girona;17008;41.95605;2.63542
Arbúcies;Girona;17009;41.81658;2.51113
Argelaguer;Girona;17010;42.2161;2.64157
Armentera, L';Girona;17011;42.11895;3.13016
Avinyonet de Puigventós;Girona;17012;42.25054;2.91198
Begur;Girona;17013;41.95355;3.20256
Vajol, La;Girona;17014;42.40368;2.80008
Banyoles;Girona;17015;42.11818;2.76515
Bàscara;Girona;17016;42.15812;2.91073
Bellcaire d'Empordà;Girona;17018;42.0792;3.09582
Besalú;Girona;17019;42.20106;2.69217
Bescanó;Girona;17020;41.96576;2.74003
Beuda;Girona;17021;42.23732;2.70957
Bisbal d'Empordà, La;Girona;17022;41.95941;3.03745
Blanes;Girona;17023;41.676;2.79023
Bolvir;Girona;17024;42.418;1.87989
Bordils;Girona;17025;42.03886;2.91697
Borrassà;Girona;17026;42.22309;2.92571
Breda;Girona;17027;41.74971;2.55694
Brunyola i Sant Martí Sapresa;Girona;17028;41.90452;2.68419
Boadella i les Escaules;Girona;17029;42.33362;2.8627
Cabanes;Girona;17030;42.31053;2.97318
Cabanelles;Girona;17031;42.23035;2.82001
Cadaqués;Girona;17032;42.28876;3.27797
Caldes de Malavella;Girona;17033;41.83602;2.80845
Calonge i Sant Antoni;Girona;17034;41.86106;3.07609
Camós;Girona;17035;42.09415;2.76707
Campdevànol;Girona;17036;42.22198;2.16836
Campelles;Girona;17037;42.29486;2.14165
Campllong;Girona;17038;41.8937;2.83192
Camprodon;Girona;17039;42.31367;2.36514
Canet d'Adri;Girona;17040;42.03277;2.73749
Cantallops;Girona;17041;42.42211;2.92548
Capmany;Girona;17042;42.37338;2.91947
Queralbs;Girona;17043;42.34953;2.16283
Cassà de la Selva;Girona;17044;41.88625;2.87517
Castellfollit de la Roca;Girona;17046;42.21973;2.54889
Castelló d'Empúries;Girona;17047;42.26049;3.0739
Castell d'Aro, Platja d'Aro i s'Agaró;Girona;17048;41.81445;3.03219
Celrà;Girona;17049;42.02575;2.87904
Cervià de Ter;Girona;17050;42.06677;2.90948
Cistella;Girona;17051;42.26846;2.84805
Siurana;Girona;17052;42.20891;2.98987
Colera;Girona;17054;42.40408;3.15224
Colomers;Girona;17055;42.08452;2.98818
Cornellà del Terri;Girona;17056;42.08916;2.81601
Corçà;Girona;17057;41.98726;3.01444
Crespià;Girona;17058;42.18804;2.79852
Darnius;Girona;17060;42.36693;2.8334
Das;Girona;17061;42.36112;1.86995
Escala, L';Girona;17062;42.12484;3.13227
Espinelves;Girona;17063;41.86979;2.41747
Espolla;Girona;17064;42.39095;3.00069
Esponellà;Girona;17065;42.17795;2.7951
Figueres;Girona;17066;42.26551;2.9581
Flaçà;Girona;17067;42.0469;2.95428
Foixà;Girona;17068;42.03998;2.99752
Fontanals de Cerdanya;Girona;17069;42.38766;1.91969
Fontanilles;Girona;17070;42.00995;3.10804
Fontcoberta;Girona;17071;42.14263;2.78982
Fornells de la Selva;Girona;17073;41.93121;2.8116
Fortià;Girona;17074;42.24412;3.04135
Garrigàs;Girona;17075;42.19277;2.95444
Garrigoles;Girona;17076;42.10719;3.0304
Garriguella;Girona;17077;42.34442;3.06388
Ger;Girona;17078;42.4116;1.84586
Girona;Girona;17079;41.9794;2.82143
Gombrèn;Girona;17080;42.24776;2.09073
Gualta;Girona;17081;42.02639;3.10373
Guils de Cerdanya;Girona;17082;42.44913;1.87879
Hostalric;Girona;17083;41.74333;2.6277
Isòvol;Girona;17084;42.3781;1.81766
Jafre;Girona;17085;42.07281;3.01069
Jonquera, La;Girona;17086;42.41813;2.87392
Juià;Girona;17087;42.01765;2.90792
Lladó;Girona;17088;42.24804;2.81471
Llagostera;Girona;17089;41.82655;2.89302
Llambilles;Girona;17090;41.92134;2.85917
Llanars;Girona;17091;42.32053;2.34398
Llançà;Girona;17092;42.36159;3.14503
Llers;Girona;17093;42.29388;2.91141
Llívia;Girona;17094;42.46339;1.9802
Lloret de Mar;Girona;17095;41.7006;2.83982
Llosses, Les;Girona;17096;41.95669;2.80593
Madremanya;Girona;17097;41.99006;2.95725
Maià de Montcal;Girona;17098;42.22135;2.74466
Meranges;Girona;17099;42.44599;1.78706
Masarac i Vilarnadal;Girona;17100;42.35081;2.97287
Massanes;Girona;17101;41.76527;2.65302
Maçanet de Cabrenys;Girona;17102;42.38733;2.75246
Maçanet de la Selva;Girona;17103;41.77683;2.7325
Mieres;Girona;17105;42.12409;2.63992
Mollet de Peralada;Girona;17106;42.35993;3.00037
Molló;Girona;17107;42.34673;2.40499
Montagut i Oix;Girona;17109;42.27656;2.56933
Mont-ras;Girona;17110;41.90812;3.15172
Navata;Girona;17111;42.22409;2.86145
Ogassa;Girona;17112;42.26598;2.2778
Olot;Girona;17114;42.18221;2.48802
Ordis;Girona;17115;42.21864;2.90699
Osor;Girona;17116;41.94552;2.55663
Palafrugell;Girona;17117;41.91791;3.16296
Palamós;Girona;17118;41.85051;3.12982
Palau de Santa Eulàlia;Girona;17119;42.17743;2.96959
Palau-saverdera;Girona;17120;42.30748;3.14737
Palau-sator;Girona;17121;41.98879;3.10988
Palol de Revardit;Girona;17123;42.06968;2.79554
Pals;Girona;17124;41.97085;3.1472
Pardines;Girona;17125;42.31257;2.21414
Parlavà;Girona;17126;42.0222;3.03133
Pau;Girona;17128;42.31626;3.11682
Pedret i Marzà;Girona;17129;42.30853;3.07265
Pera, La;Girona;17130;42.01967;2.97412
Peralada;Girona;17132;42.30835;3.00944
Planes d'Hostoles, Les;Girona;17133;42.05639;2.53836
Planoles;Girona;17134;42.31618;2.10392
Pont de Molins;Girona;17135;42.31439;2.93039
Pontós;Girona;17136;42.18498;2.91732
Porqueres;Girona;17137;42.1202;2.74629
Portbou;Girona;17138;42.4272;3.15977
Preses, Les;Girona;17139;42.1464;2.45973
Port de la Selva, El;Girona;17140;42.33873;3.20496
Puigcerdà;Girona;17141;42.43354;1.92912
Quart;Girona;17142;41.9378;2.84107
Rabós;Girona;17143;42.37902;3.02776
Regencós;Girona;17144;41.95216;3.16974
Ribes de Freser;Girona;17145;42.30575;2.16836
Riells i Viabrea;Girona;17146;41.72767;2.54467
Ripoll;Girona;17147;42.19946;2.19076
Riudarenes;Girona;17148;41.82664;2.71387
Riudaura;Girona;17149;42.18885;2.40856
Riudellots de la Selva;Girona;17150;41.90101;2.80262
Riumors;Girona;17151;42.22747;3.04197
Roses;Girona;17152;42.26318;3.17819
Rupià;Girona;17153;42.02119;3.011
Sales de Llierca;Girona;17154;42.23569;2.65016
Salt;Girona;17155;41.9727;2.79194
Sant Andreu Salou;Girona;17157;41.87341;2.825
Sant Climent Sescebes;Girona;17158;42.36877;2.98119
Sant Feliu de Buixalleu;Girona;17159;41.79101;2.58576
Sant Feliu de Guíxols;Girona;17160;41.78502;3.03166
Sant Feliu de Pallerols;Girona;17161;42.07682;2.50865
Sant Ferriol;Girona;17162;42.19775;2.66873
Sant Gregori;Girona;17163;41.9894;2.76077
Sant Hilari Sacalm;Girona;17164;41.8784;2.51217
Sant Jaume de Llierca;Girona;17165;42.21106;2.6059
Sant Jordi Desvalls;Girona;17166;42.07183;2.95319
Sant Joan de les Abadesses;Girona;17167;42.23413;2.28631
Sant Joan de Mollet;Girona;17168;42.04616;2.94195
Sant Julià de Ramis;Girona;17169;42.02999;2.85381
Vallfogona de Ripollès;Girona;17170;42.19717;2.30503
Sant Llorenç de la Muga;Girona;17171;42.32253;2.78856
Sant Martí de Llémena;Girona;17172;42.03631;2.64716
Sant Martí Vell;Girona;17173;42.02018;2.93074
Sant Miquel de Campmajor;Girona;17174;42.12515;2.68755
Sant Miquel de Fluvià;Girona;17175;42.1758;2.99068
Sant Mori;Girona;17176;42.15515;2.99037
Sant Pau de Segúries;Girona;17177;42.26304;2.36717
Sant Pere Pescador;Girona;17178;42.18882;3.08141
Santa Coloma de Farners;Girona;17180;41.86243;2.66509
Santa Cristina d'Aro;Girona;17181;41.81378;2.9973
Santa Llogaia d'Àlguema;Girona;17182;42.23351;2.95194
Sant Aniol de Finestres;Girona;17183;42.0892;2.59087
Santa Pau;Girona;17184;42.14719;2.57031
Sant Joan les Fonts;Girona;17185;42.21223;2.51142
Sarrià de Ter;Girona;17186;42.01271;2.81476
Saus, Camallera i Llampaies;Girona;17187;42.1337;2.97256
Selva de Mar, La;Girona;17188;41.69955;2.85075
Cellera de Ter, La;Girona;17189;41.96854;2.62079
Serinyà;Girona;17190;42.1688;2.74412
Serra de Daró;Girona;17191;42.02761;3.07233
Setcases;Girona;17192;42.37634;2.30183
Sils;Girona;17193;41.8109;2.74329
Susqueda;Girona;17194;42.04053;2.50529
Tallada d'Empordà, La;Girona;17195;42.07892;3.05609
Terrades;Girona;17196;42.30994;2.83808
Torrent;Girona;17197;41.95247;3.12723
Torroella de Fluvià;Girona;17198;42.17544;3.03978
Torroella de Montgrí;Girona;17199;42.04191;3.12653
Tortellà;Girona;17200;42.23388;2.63195
Toses;Girona;17201;42.3216;2.01584
Tossa de Mar;Girona;17202;41.7225;2.93037
Ultramort;Girona;17203;42.03758;3.03446
Ullà;Girona;17204;42.05044;3.10835
Ullastret;Girona;17205;42.00081;3.06826
Urús;Girona;17206;42.35125;1.85317
Vall d'en Bas, La;Girona;17207;42.12138;2.4523
Vall de Bianya, La;Girona;17208;42.10697;3.15488
Vall-llobrega;Girona;17209;41.88083;3.12897
Ventalló;Girona;17210;42.14895;3.02695
Verges;Girona;17211;42.062;3.04573
Vidrà;Girona;17212;42.12391;2.31015
Vidreres;Girona;17213;41.79022;2.7776
Vilabertran;Girona;17214;42.28263;2.98131
Vilablareix;Girona;17215;41.95256;2.79534
Viladasens;Girona;17216;42.0956;2.92977
Viladamat;Girona;17217;42.13288;3.07453
Vilademuls;Girona;17218;42.13864;2.88796
Viladrau;Girona;17220;41.84778;2.39041
Vilafant;Girona;17221;42.24864;2.9382
Vilaür;Girona;17222;42.14373;2.95475
Vilajuïga;Girona;17223;42.32581;3.09332
Vilallonga de Ter;Girona;17224;42.33095;2.312
Vilamacolum;Girona;17225;42.19509;3.05449
Vilamalla;Girona;17226;42.21701;2.97068
Vilamaniscle;Girona;17227;42.37537;3.06732
Vilanant;Girona;17228;42.25512;2.8892
Vila-sacra;Girona;17230;42.2654;3.01821
Vilopriu;Girona;17232;42.10569;2.9935
Vilobí d'Onyar;Girona;17233;41.8889;2.74128
Biure;Girona;17234;42.33803;2.89544
Cruïlles, Monells i Sant Sadurní de l'Heura;Girona;17901;41.94015;2.99756
Forallac;Girona;17902;41.94768;3.08768
Sant Julià del Llor i Bonmatí;Girona;17903;41.97336;2.65367
Agrón;Granada;18001;37.03058;-3.82972
Alamedilla;Granada;18002;37.58174;-3.24431
Albolote;Granada;18003;37.23085;-3.65741
Albondón;Granada;18004;36.82729;-3.21081
Albuñán;Granada;18005;37.22719;-3.13389
Albuñol;Granada;18006;36.79125;-3.20349
Albuñuelas;Granada;18007;36.9282;-3.63147
Aldeire;Granada;18010;37.16264;-3.07249
Alfacar;Granada;18011;37.23657;-3.57065
Algarinejo;Granada;18012;37.32492;-4.15885
Alhama de Granada;Granada;18013;37.00252;-3.98839
Alhendín;Granada;18014;37.1076;-3.64558
Alicún de Ortega;Granada;18015;37.60968;-3.13799
Almegíjar;Granada;18016;36.90245;-3.2998
Almuñécar;Granada;18017;36.73454;-3.69074
Alquife;Granada;18018;37.17983;-3.11629
Arenas del Rey;Granada;18020;36.95771;-3.89432
Armilla;Granada;18021;37.1401;-3.61798
Atarfe;Granada;18022;37.2229;-3.68742
Baza;Granada;18023;37.49065;-2.77447
Beas de Granada;Granada;18024;37.21916;-3.48174
Beas de Guadix;Granada;18025;37.2794;-3.20598
Benalúa;Granada;18027;37.3503;-3.16904
Benalúa de las Villas;Granada;18028;37.42758;-3.68347
Benamaurel;Granada;18029;37.60913;-2.69921
Bérchules;Granada;18030;36.97672;-3.19038
Bubión;Granada;18032;36.94883;-3.35674
Busquístar;Granada;18033;36.93771;-3.29485
Cacín;Granada;18034;37.05995;-3.91689
Cádiar;Granada;18035;36.94673;-3.18055
Cájar;Granada;18036;37.13422;-3.57062
Calicasas;Granada;18037;37.27329;-3.6182
Campotéjar;Granada;18038;37.48131;-3.6165
Caniles;Granada;18039;37.43626;-2.7224
Cáñar;Granada;18040;36.92661;-3.42823
Capileira;Granada;18042;36.96122;-3.35865
Carataunas;Granada;18043;36.92287;-3.4082
Cástaras;Granada;18044;36.93169;-3.25373
Castilléjar;Granada;18045;37.7147;-2.64297
Castril;Granada;18046;37.79573;-2.77909
Cenes de la Vega;Granada;18047;37.15931;-3.53752
Cijuela;Granada;18048;37.19989;-3.8108
Cogollos de Guadix;Granada;18049;37.22443;-3.16134
Cogollos de la Vega;Granada;18050;37.27486;-3.57291
Colomera;Granada;18051;37.37206;-3.71382
Cortes de Baza;Granada;18053;37.65493;-2.76992
Cortes y Graena;Granada;18054;37.30363;-3.21878
Cúllar;Granada;18056;37.58368;-2.57628
Cúllar Vega;Granada;18057;37.15327;-3.67044
Chauchina;Granada;18059;37.20142;-3.77254
Chimeneas;Granada;18061;37.13137;-3.8232
Churriana de la Vega;Granada;18062;37.14777;-3.64595
Darro;Granada;18063;37.35002;-3.29253
Dehesas de Guadix;Granada;18064;37.58868;-3.10228
Dehesas Viejas;Granada;18065;37.475;-3.54964
Deifontes;Granada;18066;37.32524;-3.59448
Diezma;Granada;18067;37.32085;-3.33166
Dílar;Granada;18068;37.07499;-3.60162
Dólar;Granada;18069;37.18004;-2.98959
Dúdar;Granada;18070;37.18567;-3.48444
Dúrcal;Granada;18071;36.98793;-3.56616
Escúzar;Granada;18072;37.06251;-3.7615
Ferreira;Granada;18074;37.17229;-3.03608
Fonelas;Granada;18076;37.41344;-3.17334
Fornes;Granada;18077;;
Freila;Granada;18078;37.52869;-2.90679
Fuente Vaqueros;Granada;18079;37.21957;-3.78305
Galera;Granada;18082;37.74289;-2.55119
Gobernador;Granada;18083;37.47737;-3.32045
Gójar;Granada;18084;37.10443;-3.6062
Gor;Granada;18085;37.36952;-2.96944
Gorafe;Granada;18086;37.47902;-3.04427
Granada;Granada;18087;37.17649;-3.59793
Guadahortuna;Granada;18088;37.55655;-3.40071
Guadix;Granada;18089;37.3004;-3.13458
Gualchos;Granada;18093;36.74357;-3.38987
Güéjar Sierra;Granada;18094;37.15992;-3.43862
Güevéjar;Granada;18095;37.25698;-3.59768
Huélago;Granada;18096;37.4198;-3.26015
Huéneja;Granada;18097;37.17693;-2.9486
Huéscar;Granada;18098;37.80949;-2.53966
Huétor de Santillán;Granada;18099;37.21823;-3.5174
Huétor Tájar;Granada;18100;37.19463;-4.04714
Huétor Vega;Granada;18101;37.15238;-3.5759
Íllora;Granada;18102;37.28843;-3.87978
Ítrabo;Granada;18103;36.79948;-3.63871
Iznalloz;Granada;18105;37.3927;-3.52755
Játar;Granada;18106;;
Jayena;Granada;18107;36.94883;-3.82281
Jérez del Marquesado;Granada;18108;37.18385;-3.15987
Jete;Granada;18109;36.79732;-3.66815
Jun;Granada;18111;37.22064;-3.59443
Juviles;Granada;18112;36.94825;-3.22579
Calahorra, La;Granada;18114;37.22195;-3.64269
Láchar;Granada;18115;37.19508;-3.83406
Lanjarón;Granada;18116;36.91806;-3.48049
Lanteira;Granada;18117;37.1689;-3.13855
Lecrín;Granada;18119;36.9477;-3.55038
Lentegí;Granada;18120;36.8343;-3.67445
Lobras;Granada;18121;36.92786;-3.21231
Loja;Granada;18122;37.16884;-4.15147
Lugros;Granada;18123;37.23069;-3.24091
Lújar;Granada;18124;36.78755;-3.40165
Malahá, La;Granada;18126;37.15856;-3.61028
Maracena;Granada;18127;37.20568;-3.6368
Marchal;Granada;18128;37.2962;-3.20232
Moclín;Granada;18132;37.34158;-3.78642
Molvízar;Granada;18133;36.78689;-3.60752
Monachil;Granada;18134;37.13209;-3.53947
Montefrío;Granada;18135;37.32097;-4.01136
Montejícar;Granada;18136;37.57196;-3.5047
Montillana;Granada;18137;37.50127;-3.67242
Moraleda de Zafayona;Granada;18138;37.16977;-3.96515
Motril;Granada;18140;36.74467;-3.51672
Murtas;Granada;18141;36.88737;-3.10897
Nigüelas;Granada;18143;36.97741;-3.53932
Nívar;Granada;18144;37.25794;-3.57792
Ogíjares;Granada;18145;37.11991;-3.60794
Orce;Granada;18146;37.72141;-2.47945
Órgiva;Granada;18147;36.90224;-3.42399
Otívar;Granada;18148;36.81491;-3.6815
Villa de Otura;Granada;18149;37.07502;-3.65725
Padul;Granada;18150;37.02432;-3.62672
Pampaneira;Granada;18151;36.94004;-3.36134
Pedro Martínez;Granada;18152;37.50168;-3.23066
Peligros;Granada;18153;37.23122;-3.62941
Peza, La;Granada;18154;37.22236;-3.6382
Pinos Genil;Granada;18157;37.16339;-3.50264
Pinos Puente;Granada;18158;37.25146;-3.751
Píñar;Granada;18159;37.44337;-3.43942
Polícar;Granada;18161;37.25764;-3.2321
Polopos;Granada;18162;36.79553;-3.29713
Pórtugos;Granada;18163;36.94241;-3.31039
Puebla de Don Fadrique;Granada;18164;37.9579;-2.43508
Pulianas;Granada;18165;37.22264;-3.60816
Purullena;Granada;18167;37.31759;-3.19027
Quéntar;Granada;18168;37.19201;-3.46819
Rubite;Granada;18170;36.80884;-3.34804
Salar;Granada;18171;37.14882;-4.06773
Salobreña;Granada;18173;36.74626;-3.58711
Santa Cruz del Comercio;Granada;18174;37.06024;-3.97672
Santa Fe;Granada;18175;37.18936;-3.71908
Soportújar;Granada;18176;36.92839;-3.40513
Sorvilán;Granada;18177;36.79442;-3.26752
Torre-Cardela;Granada;18178;37.50457;-3.35602
Torvizcón;Granada;18179;36.87788;-3.29855
Trevélez;Granada;18180;37.00245;-3.26687
Turón;Granada;18181;36.86357;-3.05777
Ugíjar;Granada;18182;36.96075;-3.05475
Válor;Granada;18183;36.99589;-3.08312
Vélez de Benaudalla;Granada;18184;36.83195;-3.51621
Ventas de Huelma;Granada;18185;37.06853;-3.82213
Villanueva de las Torres;Granada;18187;37.55663;-3.09019
Villanueva Mesía;Granada;18188;37.2142;-4.01125
Víznar;Granada;18189;37.23108;-3.55383
Zafarraya;Granada;18192;36.97551;-4.14442
Zubia, La;Granada;18193;37.12877;-3.56759
Zújar;Granada;18194;37.54015;-2.84282
Taha, La;Granada;18901;37.16038;-3.60646
Valle, El;Granada;18902;37.15707;-3.57861
Nevada;Granada;18903;37.0;-3.01667
Alpujarra de la Sierra;Granada;18904;36.9815;-3.15713
Gabias, Las;Granada;18905;37.13461;-3.6693
Guájares, Los;Granada;18906;36.773;-3.56323
Valle del Zalabí;Granada;18907;37.28611;-3.00889
Villamena;Granada;18908;36.99035;-3.58894
Morelábor;Granada;18909;37.43111;-3.31028
Pinar, El;Granada;18910;37.44161;-3.43911
Vegas del Genil;Granada;18911;37.16667;-3.7
Cuevas del Campo;Granada;18912;37.60847;-2.93103
Zagra;Granada;18913;37.25303;-4.16813
Valderrubio;Granada;18914;37.23462;-3.81828
Domingo Pérez de Granada;Granada;18915;;
Torrenueva Costa;Granada;18916;;
Abánades;Guadalajara;19001;40.89222;-2.48576
Ablanque;Guadalajara;19002;40.89876;-2.22674
Adobes;Guadalajara;19003;40.67612;-1.6788
Alaminos;Guadalajara;19004;40.86281;-2.72635
Alarilla;Guadalajara;19005;40.84949;-3.10459
Albalate de Zorita;Guadalajara;19006;40.30847;-2.844
Albares;Guadalajara;19007;40.3087;-3.01194
Albendiego;Guadalajara;19008;41.22733;-3.05324
Alcocer;Guadalajara;19009;40.47;-2.60962
Alcolea de las Peñas;Guadalajara;19010;41.20932;-2.78514
Alcolea del Pinar;Guadalajara;19011;41.0364;-2.46721
Alcoroches;Guadalajara;19013;40.62598;-1.74597
Aldeanueva de Guadalajara;Guadalajara;19015;40.68149;-3.04698
Algar de Mesa;Guadalajara;19016;41.13484;-1.96002
Algora;Guadalajara;19017;40.96139;-2.66671
Alhóndiga;Guadalajara;19018;40.52601;-2.82344
Alique;Guadalajara;19019;40.58629;-2.6439
Almadrones;Guadalajara;19020;40.90123;-2.77381
Almoguera;Guadalajara;19021;40.298;-2.98193
Almonacid de Zorita;Guadalajara;19022;40.32875;-2.84898
Alocén;Guadalajara;19023;40.57445;-2.75029
Alovera;Guadalajara;19024;40.59554;-3.24705
Alustante;Guadalajara;19027;40.61391;-1.66028
Angón;Guadalajara;19031;41.06747;-2.85428
Anguita;Guadalajara;19032;41.02713;-2.36841
Anquela del Ducado;Guadalajara;19033;40.97124;-2.13091
Anquela del Pedregal;Guadalajara;19034;40.74277;-1.73502
Aranzueque;Guadalajara;19036;40.49287;-3.07703
Arbancón;Guadalajara;19037;40.96529;-3.11588
Arbeteta;Guadalajara;19038;40.66908;-2.40266
Argecilla;Guadalajara;19039;40.88337;-2.81721
Armallones;Guadalajara;19040;40.7354;-2.30306
Armuña de Tajuña;Guadalajara;19041;40.53097;-3.02946
Arroyo de las Fraguas;Guadalajara;19042;41.10318;-3.13145
Atanzón;Guadalajara;19043;40.66629;-2.99818
Atienza;Guadalajara;19044;41.19812;-2.8708
Auñón;Guadalajara;19045;40.51755;-2.79261
Azuqueca de Henares;Guadalajara;19046;40.56488;-3.26806
Baides;Guadalajara;19047;41.00579;-2.77518
Baños de Tajo;Guadalajara;19048;40.71779;-1.97072
Bañuelos;Guadalajara;19049;41.28611;-2.91447
Barriopedro;Guadalajara;19050;40.78981;-2.75278
Berninches;Guadalajara;19051;40.57132;-2.80133
Bodera, La;Guadalajara;19052;41.13489;-2.88702
Brihuega;Guadalajara;19053;40.76199;-2.86956
Budia;Guadalajara;19054;40.62758;-2.75714
Bujalaro;Guadalajara;19055;40.93663;-2.8839
Bustares;Guadalajara;19057;41.13641;-3.07202
Cabanillas del Campo;Guadalajara;19058;40.63785;-3.23071
Campillo de Dueñas;Guadalajara;19059;40.88263;-1.6864
Campillo de Ranas;Guadalajara;19060;41.0857;-3.31434
Campisábalos;Guadalajara;19061;41.26753;-3.14472
Canredondo;Guadalajara;19064;40.81243;-2.49442
Cantalojas;Guadalajara;19065;41.2359;-3.24516
Cañizar;Guadalajara;19066;40.76958;-3.06701
Cardoso de la Sierra, El;Guadalajara;19067;41.0967;-3.46467
Casa de Uceda;Guadalajara;19070;40.84326;-3.37227
Casar, El;Guadalajara;19071;40.62338;-3.15645
Casas de San Galindo;Guadalajara;19073;40.87227;-2.95819
Caspueñas;Guadalajara;19074;40.69372;-2.97849
Castejón de Henares;Guadalajara;19075;40.93839;-2.78607
Castellar de la Muela;Guadalajara;19076;40.81963;-1.75814
Castilforte;Guadalajara;19078;40.55744;-2.43168
Castilnuevo;Guadalajara;19079;40.81458;-1.85836
Cendejas de Enmedio;Guadalajara;19080;40.98292;-2.8733
Cendejas de la Torre;Guadalajara;19081;40.97843;-2.85085
Centenera;Guadalajara;19082;40.65211;-3.05574
Cifuentes;Guadalajara;19086;40.78367;-2.62265
Cincovillas;Guadalajara;19087;41.2049;-2.8183
Ciruelas;Guadalajara;19088;40.75257;-3.0883
Ciruelos del Pinar;Guadalajara;19089;41.00782;-2.22076
Cobeta;Guadalajara;19090;40.86504;-2.1395
Cogollor;Guadalajara;19091;40.84818;-2.74408
Cogolludo;Guadalajara;19092;40.94522;-3.08941
Condemios de Abajo;Guadalajara;19095;41.21804;-3.10741
Condemios de Arriba;Guadalajara;19096;41.21567;-3.12559
Congostrina;Guadalajara;19097;41.03682;-2.98621
Copernal;Guadalajara;19098;40.86718;-3.05699
Corduente;Guadalajara;19099;40.84202;-1.97714
Cubillo de Uceda, El;Guadalajara;19102;40.84032;-3.45935
Checa;Guadalajara;19103;40.5866;-1.78919
Chequilla;Guadalajara;19104;40.60663;-1.82787
Chiloeches;Guadalajara;19105;40.57183;-3.16353
Chillarón del Rey;Guadalajara;19106;40.59743;-2.69062
Driebes;Guadalajara;19107;40.2454;-3.04197
Durón;Guadalajara;19108;40.62578;-2.72604
Embid;Guadalajara;19109;40.97253;-1.71131
Escamilla;Guadalajara;19110;40.54986;-2.56252
Escariche;Guadalajara;19111;40.40786;-3.05668
Escopete;Guadalajara;19112;40.41552;-3.00725
Espinosa de Henares;Guadalajara;19113;40.90404;-3.07139
Esplegares;Guadalajara;19114;40.85738;-2.37026
Establés;Guadalajara;19115;41.00846;-2.02426
Estriégana;Guadalajara;19116;41.05784;-2.52413
Fontanar;Guadalajara;19117;40.72676;-3.17671
Fuembellida;Guadalajara;19118;40.75499;-1.99855
Fuencemillán;Guadalajara;19119;40.92281;-3.10083
Fuentelahiguera de Albatages;Guadalajara;19120;40.78571;-3.30805
Fuentelencina;Guadalajara;19121;40.51695;-2.88203
Fuentelsaz;Guadalajara;19122;41.07342;-1.83
Fuentelviejo;Guadalajara;19123;40.52579;-2.98443
Fuentenovilla;Guadalajara;19124;40.36515;-3.09457
Gajanejos;Guadalajara;19125;40.84233;-2.89326
Galápagos;Guadalajara;19126;40.69626;-3.33826
Galve de Sorbe;Guadalajara;19127;41.22256;-3.18361
Gascueña de Bornova;Guadalajara;19129;41.14248;-3.02039
Guadalajara;Guadalajara;19130;40.63249;-3.16017
Henche;Guadalajara;19132;40.7143;-2.70802
Heras de Ayuso;Guadalajara;19133;40.78895;-3.09958
Herrería;Guadalajara;19134;40.88842;-1.96063
Hiendelaencina;Guadalajara;19135;41.08411;-3.00444
Hijes;Guadalajara;19136;41.25133;-2.99944
Hita;Guadalajara;19138;40.82349;-3.04854
Hombrados;Guadalajara;19139;40.803;-1.68518
Hontoba;Guadalajara;19142;40.45598;-3.04166
Horche;Guadalajara;19143;40.56564;-3.06325
Hortezuela de Océn;Guadalajara;19145;40.95175;-2.41655
Huerce, La;Guadalajara;19146;41.15292;-3.17012
Huérmeces del Cerro;Guadalajara;19147;41.05284;-2.79603
Huertahernando;Guadalajara;19148;40.8243;-2.28705
Hueva;Guadalajara;19150;40.46189;-2.96037
Humanes;Guadalajara;19151;40.82748;-3.15546
Illana;Guadalajara;19152;40.1832;-2.90848
Iniéstola;Guadalajara;19153;40.994;-2.37056
Inviernas, Las;Guadalajara;19154;40.87169;-2.67044
Irueste;Guadalajara;19155;40.61196;-2.89076
Jadraque;Guadalajara;19156;40.92547;-2.92633
Jirueque;Guadalajara;19157;40.96486;-2.90231
Ledanca;Guadalajara;19159;40.86883;-2.84337
Loranca de Tajuña;Guadalajara;19160;40.44767;-3.11494
Lupiana;Guadalajara;19161;40.61033;-3.05324
Luzaga;Guadalajara;19162;40.97388;-2.44373
Luzón;Guadalajara;19163;41.02644;-2.2772
Majaelrayo;Guadalajara;19165;41.11247;-3.30176
Málaga del Fresno;Guadalajara;19166;40.78807;-3.24705
Malaguilla;Guadalajara;19167;40.82123;-3.25899
Mandayona;Guadalajara;19168;40.95565;-2.74998
Mantiel;Guadalajara;19169;40.61837;-2.66268
Maranchón;Guadalajara;19170;41.048;-2.20461
Marchamalo;Guadalajara;19171;40.66781;-3.20182
Masegoso de Tajuña;Guadalajara;19172;40.82563;-2.69528
Matarrubia;Guadalajara;19173;40.86701;-3.29295
Matillas;Guadalajara;19174;40.9534;-2.84337
Mazarete;Guadalajara;19175;41.00098;-2.15915
Mazuecos;Guadalajara;19176;40.26343;-3.01132
Medranda;Guadalajara;19177;40.98381;-2.9382
Megina;Guadalajara;19178;40.63894;-1.87056
Membrillera;Guadalajara;19179;40.94748;-2.97818
Miedes de Atienza;Guadalajara;19181;41.26732;-2.96318
Mierla, La;Guadalajara;19182;40.93834;-3.23605
Milmarcos;Guadalajara;19183;41.08589;-1.87696
Millana;Guadalajara;19184;40.50677;-2.5715
Miñosa, La;Guadalajara;19185;41.17931;-2.93227
Mirabueno;Guadalajara;19186;40.94366;-2.72387
Miralrío;Guadalajara;19187;40.88781;-2.94319
Mochales;Guadalajara;19188;41.09553;-2.01446
Mohernando;Guadalajara;19189;40.80335;-3.17483
Molina de Aragón;Guadalajara;19190;40.84347;-1.88506
Monasterio;Guadalajara;19191;40.98504;-3.09614
Mondéjar;Guadalajara;19192;40.32397;-3.10961
Montarrón;Guadalajara;19193;40.90979;-3.11588
Moratilla de los Meleros;Guadalajara;19194;40.50143;-2.94319
Morenilla;Guadalajara;19195;40.78623;-1.70706
Muduex;Guadalajara;19196;40.82928;-2.95943
Navas de Jadraque, Las;Guadalajara;19197;41.10486;-3.08862
Negredo;Guadalajara;19198;41.02739;-2.85833
Ocentejo;Guadalajara;19199;40.77275;-2.39679
Olivar, El;Guadalajara;19200;40.65362;-3.16183
Olmeda de Cobeta;Guadalajara;19201;40.85918;-2.18249
Olmeda de Jadraque, La;Guadalajara;19202;41.12652;-2.7413
Ordial, El;Guadalajara;19203;41.12772;-3.11462
Orea;Guadalajara;19204;40.55768;-1.72773
Pálmaces de Jadraque;Guadalajara;19208;41.0563;-2.91073
Pardos;Guadalajara;19209;40.94835;-1.92519
Paredes de Sigüenza;Guadalajara;19210;41.24256;-2.7335
Pareja;Guadalajara;19211;40.55649;-2.64902
Pastrana;Guadalajara;19212;40.41612;-2.92134
Pedregal, El;Guadalajara;19213;40.77931;-1.56991
Peñalén;Guadalajara;19214;40.666;-2.06928
Peñalver;Guadalajara;19215;40.58156;-2.88827
Peralejos de las Truchas;Guadalajara;19216;40.59294;-1.90931
Peralveche;Guadalajara;19217;40.61102;-2.4496
Pinilla de Jadraque;Guadalajara;19218;41.02022;-2.94319
Pinilla de Molina;Guadalajara;19219;40.68;-1.88032
Pioz;Guadalajara;19220;40.46353;-3.17483
Piqueras;Guadalajara;19221;40.66311;-1.72286
Pobo de Dueñas, El;Guadalajara;19222;40.77824;-1.64753
Poveda de la Sierra;Guadalajara;19223;40.64293;-2.02916
Pozo de Almoguera;Guadalajara;19224;40.34235;-3.02914
Pozo de Guadalajara;Guadalajara;19225;40.49514;-3.1811
Prádena de Atienza;Guadalajara;19226;41.17237;-3.00663
Prados Redondos;Guadalajara;19227;40.78493;-1.79345
Puebla de Beleña;Guadalajara;19228;40.89056;-3.21878
Puebla de Valles;Guadalajara;19229;40.92763;-3.3027
Quer;Guadalajara;19230;40.60705;-3.27754
Rebollosa de Jadraque;Guadalajara;19231;41.08947;-2.84213
Recuenco, El;Guadalajara;19232;40.61519;-2.33973
Renera;Guadalajara;19233;40.4916;-3.01663
Retiendas;Guadalajara;19234;40.97064;-3.27565
Riba de Saelices;Guadalajara;19235;40.91192;-2.29629
Rillo de Gallo;Guadalajara;19237;40.86733;-1.93741
Riofrío del Llano;Guadalajara;19238;41.13895;-2.82468
Robledillo de Mohernando;Guadalajara;19239;40.85353;-3.23385
Robledo de Corpes;Guadalajara;19240;41.11823;-2.94944
Romanillos de Atienza;Guadalajara;19241;41.27499;-2.89544
Romanones;Guadalajara;19242;40.57102;-2.99099
Rueda de la Sierra;Guadalajara;19243;40.91797;-1.85317
Sacecorbo;Guadalajara;19244;40.83302;-2.41778
Sacedón;Guadalajara;19245;40.48181;-2.73195
Saelices de la Sal;Guadalajara;19246;40.90698;-2.32278
Salmerón;Guadalajara;19247;40.54502;-2.49319
San Andrés del Congosto;Guadalajara;19248;41.00042;-3.02695
San Andrés del Rey;Guadalajara;19249;40.63874;-2.82063
Santiuste;Guadalajara;19250;41.08494;-2.8088
Saúca;Guadalajara;19251;41.03128;-2.52908
Sayatón;Guadalajara;19252;40.37612;-2.85304
Selas;Guadalajara;19254;40.95095;-2.10208
Setiles;Guadalajara;19255;40.73372;-1.61659
Sienes;Guadalajara;19256;41.20051;-2.65274
Sigüenza;Guadalajara;19257;41.06707;-2.64623
Solanillos del Extremo;Guadalajara;19258;40.75074;-2.6981
Somolinos;Guadalajara;19259;41.24631;-3.05918
Sotillo, El;Guadalajara;19260;40.61377;-3.12305
Sotodosos;Guadalajara;19261;40.92069;-2.39309
Tamajón;Guadalajara;19262;41.00053;-3.24812
Taragudo;Guadalajara;19263;40.82362;-3.07954
Taravilla;Guadalajara;19264;40.69757;-1.96767
Tartanedo;Guadalajara;19265;40.9919;-1.92336
Tendilla;Guadalajara;19266;40.54425;-2.95819
Terzaga;Guadalajara;19267;40.69577;-1.90443
Tierzo;Guadalajara;19268;40.7495;-1.93038
Toba, La;Guadalajara;19269;41.00469;-2.98381
Tordelrábano;Guadalajara;19270;41.21814;-2.75776
Tordellego;Guadalajara;19271;40.72092;-1.6706
Tordesilos;Guadalajara;19272;40.67131;-1.59294
Torija;Guadalajara;19274;40.74332;-3.03133
Torrecuadrada de Molina;Guadalajara;19277;40.74927;-1.80685
Torrecuadradilla;Guadalajara;19278;40.85365;-2.53186
Torre del Burgo;Guadalajara;19279;40.79422;-3.07985
Torrejón del Rey;Guadalajara;19280;40.64561;-3.337
Torremocha de Jadraque;Guadalajara;19281;41.01911;-2.89981
Torremocha del Campo;Guadalajara;19282;40.97663;-2.61812
Torremocha del Pinar;Guadalajara;19283;40.88949;-2.04508
Torremochuela;Guadalajara;19284;40.76488;-1.84128
Torrubia;Guadalajara;19285;40.96642;-1.90077
Tórtola de Henares;Guadalajara;19286;40.70598;-3.1259
Tortuera;Guadalajara;19287;40.97124;-1.79649
Tortuero;Guadalajara;19288;40.93627;-3.35306
Traíd;Guadalajara;19289;40.67141;-1.80259
Trijueque;Guadalajara;19290;40.77651;-2.99568
Trillo;Guadalajara;19291;40.70078;-2.59288
Uceda;Guadalajara;19293;40.84245;-3.46372
Ujados;Guadalajara;19294;41.23516;-3.006
Utande;Guadalajara;19296;40.84903;-2.92821
Valdarachas;Guadalajara;19297;40.51665;-3.12622
Valdearenas;Guadalajara;19298;40.80949;-2.99193
Valdeavellano;Guadalajara;19299;40.6648;-2.96974
Valdeaveruelo;Guadalajara;19300;40.63598;-3.31938
Valdeconcha;Guadalajara;19301;40.45573;-2.87673
Valdegrudas;Guadalajara;19302;40.71366;-3.01538
Valdelcubo;Guadalajara;19303;41.22634;-2.67571
Valdenuño Fernández;Guadalajara;19304;40.76213;-3.37984
Valdepeñas de la Sierra;Guadalajara;19305;40.90808;-3.38721
Valderrebollo;Guadalajara;19306;40.80998;-2.72915
Valdesotos;Guadalajara;19307;40.95779;-3.3285
Valfermoso de Tajuña;Guadalajara;19308;40.61926;-2.95319
Valhermoso;Guadalajara;19309;40.78601;-1.96063
Valtablado del Río;Guadalajara;19310;40.7147;-2.40266
Valverde de los Arroyos;Guadalajara;19311;41.12919;-3.23291
Viana de Jadraque;Guadalajara;19314;41.02576;-2.76989
Villanueva de Alcorón;Guadalajara;19317;40.67938;-2.25258
Villanueva de Argecilla;Guadalajara;19318;40.90245;-2.91323
Villanueva de la Torre;Guadalajara;19319;40.58637;-3.29919
Villares de Jadraque;Guadalajara;19321;41.10117;-3.0257
Villaseca de Henares;Guadalajara;19322;40.9608;-2.79852
Villaseca de Uceda;Guadalajara;19323;40.82114;-3.35086
Villel de Mesa;Guadalajara;19324;41.12424;-1.99182
Viñuelas;Guadalajara;19325;40.79485;-3.34335
Yebes;Guadalajara;19326;40.53357;-3.11117
Yebra;Guadalajara;19327;40.3564;-2.96631
Yélamos de Abajo;Guadalajara;19329;40.63055;-2.85709
Yélamos de Arriba;Guadalajara;19330;40.64009;-2.84306
Yunquera de Henares;Guadalajara;19331;40.75235;-3.16667
Yunta, La;Guadalajara;19332;40.91487;-1.68457
Zaorejas;Guadalajara;19333;40.76145;-2.20092
Zarzuela de Jadraque;Guadalajara;19334;41.06799;-3.04322
Zorita de los Canes;Guadalajara;19335;40.3319;-2.8892
Semillas;Guadalajara;19901;41.0584;-3.11964
Abaltzisketa;Gipuzkoa;20001;43.04844;-2.10545
Aduna;Gipuzkoa;20002;43.20393;-2.04906
Aizarnazabal;Gipuzkoa;20003;43.25514;-2.23658
Albiztur;Gipuzkoa;20004;43.12886;-2.13336
Alegia;Gipuzkoa;20005;43.09805;-2.09533
Alkiza;Gipuzkoa;20006;43.17259;-2.10913
Altzo;Gipuzkoa;20007;43.09948;-2.08307
Amezketa;Gipuzkoa;20008;43.04756;-2.08767
Andoain;Gipuzkoa;20009;43.21864;-2.0212
Anoeta;Gipuzkoa;20010;43.16214;-2.07073
Antzuola;Gipuzkoa;20011;43.09733;-2.38075
Arama;Gipuzkoa;20012;43.0631;-2.16559
Aretxabaleta;Gipuzkoa;20013;43.03226;-2.5037
Asteasu;Gipuzkoa;20014;43.19372;-2.09533
Ataun;Gipuzkoa;20015;43.00626;-2.17596
Aia;Gipuzkoa;20016;43.2369;-2.14855
Azkoitia;Gipuzkoa;20017;43.17764;-2.31092
Azpeitia;Gipuzkoa;20018;43.1826;-2.26673
Beasain;Gipuzkoa;20019;43.04575;-2.20031
Beizama;Gipuzkoa;20020;43.13456;-2.2
Belauntza;Gipuzkoa;20021;43.13577;-2.05304
Berastegi;Gipuzkoa;20022;43.12499;-1.97714
Berrobi;Gipuzkoa;20023;43.14534;-2.02548
Bidania-Goiatz;Gipuzkoa;20024;43.13968;-2.16959
Zegama;Gipuzkoa;20025;42.9766;-2.29074
Zerain;Gipuzkoa;20026;43.01127;-2.27258
Zestoa;Gipuzkoa;20027;43.24079;-2.25935
Zizurkil;Gipuzkoa;20028;43.19864;-2.07418
Deba;Gipuzkoa;20029;43.2963;-2.35237
Eibar;Gipuzkoa;20030;43.18321;-2.47154
Elduain;Gipuzkoa;20031;43.13972;-2.001
Elgoibar;Gipuzkoa;20032;43.21571;-2.41282
Elgeta;Gipuzkoa;20033;43.13622;-2.48948
Eskoriatza;Gipuzkoa;20034;43.01656;-2.52784
Ezkio-Itsaso;Gipuzkoa;20035;43.08437;-2.27289
Hondarribia;Gipuzkoa;20036;43.37084;-1.80015
Gaintza;Gipuzkoa;20037;43.05279;-2.13306
Gabiria;Gipuzkoa;20038;43.05058;-2.27935
Getaria;Gipuzkoa;20039;43.30773;-2.20215
Hernani;Gipuzkoa;20040;43.2678;-1.9747
Hernialde;Gipuzkoa;20041;43.15517;-2.08552
Ibarra;Gipuzkoa;20042;43.13226;-2.06629
Idiazabal;Gipuzkoa;20043;43.01172;-2.23412
Ikaztegieta;Gipuzkoa;20044;43.09389;-2.12354
Irun;Gipuzkoa;20045;43.33815;-1.78885
Irura;Gipuzkoa;20046;43.16758;-2.06836
Itsasondo;Gipuzkoa;20047;43.06765;-2.16529
Larraul;Gipuzkoa;20048;43.18784;-2.10238
Lazkao;Gipuzkoa;20049;43.04352;-2.19047
Leaburu;Gipuzkoa;20050;43.12366;-2.05304
Legazpi;Gipuzkoa;20051;43.05236;-2.33151
Legorreta;Gipuzkoa;20052;43.08485;-2.14798
Lezo;Gipuzkoa;20053;43.32236;-1.8998
Lizartza;Gipuzkoa;20054;43.10279;-2.03405
Arrasate/Mondragón;Gipuzkoa;20055;43.06489;-2.49021
Mutriku;Gipuzkoa;20056;43.30593;-2.38728
Mutiloa;Gipuzkoa;20057;43.02202;-2.27205
Olaberria;Gipuzkoa;20058;43.02689;-2.20338
Oñati;Gipuzkoa;20059;43.03411;-2.41717
Orexa;Gipuzkoa;20060;43.09439;-2.01171
Orio;Gipuzkoa;20061;43.27953;-2.12907
Ormaiztegi;Gipuzkoa;20062;43.04406;-2.25627
Oiartzun;Gipuzkoa;20063;43.29884;-1.86242
Pasaia;Gipuzkoa;20064;43.32547;-1.93014
Soraluze-Placencia de las Armas;Gipuzkoa;20065;43.174;-2.41266
Errezil;Gipuzkoa;20066;43.16531;-2.17481
Errenteria;Gipuzkoa;20067;43.30811;-1.89128
Leintz-Gatzaga;Gipuzkoa;20068;42.98682;-2.5684
Donostia/San Sebastián;Gipuzkoa;20069;43.31833;-1.98123
Segura;Gipuzkoa;20070;43.00893;-2.25258
Tolosa;Gipuzkoa;20071;43.13475;-2.07509
Urnieta;Gipuzkoa;20072;43.24763;-1.99223
Usurbil;Gipuzkoa;20073;43.27144;-2.04985
Bergara;Gipuzkoa;20074;43.12593;-2.42321
Villabona;Gipuzkoa;20075;43.18693;-2.05255
Ordizia;Gipuzkoa;20076;43.05421;-2.17819
Urretxu;Gipuzkoa;20077;43.09053;-2.31729
Zaldibia;Gipuzkoa;20078;43.03881;-2.15055
Zarautz;Gipuzkoa;20079;43.28244;-2.16713
Zumarraga;Gipuzkoa;20080;43.08595;-2.31477
Zumaia;Gipuzkoa;20081;43.29882;-2.25689
Mendaro;Gipuzkoa;20901;43.25625;-2.39124
Lasarte-Oria;Gipuzkoa;20902;43.26844;-2.01781
Astigarraga;Gipuzkoa;20903;43.28093;-1.94841
Baliarrain;Gipuzkoa;20904;43.06955;-2.12845
Orendain;Gipuzkoa;20905;43.0795;-2.11496
Altzaga;Gipuzkoa;20906;43.06452;-2.15454
Gaztelu;Gipuzkoa;20907;43.11599;-2.02395
Alájar;Huelva;21001;37.87439;-6.66608
Aljaraque;Huelva;21002;37.27111;-7.02158
Almendro, El;Huelva;21003;37.26493;-6.92565
Almonaster la Real;Huelva;21004;37.87181;-6.7879
Almonte;Huelva;21005;37.26254;-6.51724
Alosno;Huelva;21006;37.54936;-7.11543
Aracena;Huelva;21007;37.89417;-6.56121
Aroche;Huelva;21008;37.94426;-6.95427
Arroyomolinos de León;Huelva;21009;38.02604;-6.4211
Ayamonte;Huelva;21010;37.21466;-7.40982
Beas;Huelva;21011;37.42592;-6.79299
Berrocal;Huelva;21012;38.0;-6.88333
Bollullos Par del Condado;Huelva;21013;37.33615;-6.53576
Bonares;Huelva;21014;37.3219;-6.6807
Cabezas Rubias;Huelva;21015;37.7265;-7.08745
Cala;Huelva;21016;37.97217;-6.31649
Calañas;Huelva;21017;37.65482;-6.87868
Campillo, El;Huelva;21018;37.26205;-6.95561
Campofrío;Huelva;21019;37.76776;-6.5731
Cañaveral de León;Huelva;21020;38.01454;-6.52781
Cartaya;Huelva;21021;37.28314;-7.15498
Castaño del Robledo;Huelva;21022;37.8951;-6.70394
Cerro de Andévalo, El;Huelva;21023;37.26272;-6.93105
Corteconcepción;Huelva;21024;37.89585;-6.50588
Cortegana;Huelva;21025;37.90937;-6.82062
Cortelazor;Huelva;21026;37.93554;-6.62477
Cumbres de Enmedio;Huelva;21027;38.07224;-6.69288
Cumbres de San Bartolomé;Huelva;21028;38.07691;-6.74334
Cumbres Mayores;Huelva;21029;38.0637;-6.64707
Chucena;Huelva;21030;37.36157;-6.39395
Encinasola;Huelva;21031;38.13522;-6.87214
Escacena del Campo;Huelva;21032;37.41033;-6.38956
Fuenteheridos;Huelva;21033;37.90327;-6.66066
Galaroza;Huelva;21034;37.92757;-6.70922
Gibraleón;Huelva;21035;37.37495;-6.97014
Granada de Río-Tinto, La;Huelva;21036;37.76882;-6.50864
Granado, El;Huelva;21037;37.26482;-6.92638
Higuera de la Sierra;Huelva;21038;37.83819;-6.44758
Hinojales;Huelva;21039;38.00843;-6.58915
Hinojos;Huelva;21040;37.29273;-6.37625
Huelva;Huelva;21041;37.2571;-6.94956
Isla Cristina;Huelva;21042;37.19943;-7.32525
Jabugo;Huelva;21043;37.91671;-6.72908
Lepe;Huelva;21044;37.25432;-7.20335
Linares de la Sierra;Huelva;21045;37.88009;-6.621
Lucena del Puerto;Huelva;21046;37.30394;-6.73009
Manzanilla;Huelva;21047;37.38773;-6.42942
Marines, Los;Huelva;21048;37.90288;-6.62173
Minas de Riotinto;Huelva;21049;37.69391;-6.59185
Moguer;Huelva;21050;37.27469;-6.83659
Nava, La;Huelva;21051;37.25631;-6.93204
Nerva;Huelva;21052;37.69511;-6.55063
Niebla;Huelva;21053;37.3601;-6.6792
Palma del Condado, La;Huelva;21054;37.38676;-6.55299
Palos de la Frontera;Huelva;21055;37.2282;-6.89343
Paterna del Campo;Huelva;21056;37.42096;-6.40143
Paymogo;Huelva;21057;37.74063;-7.34599
Puebla de Guzmán;Huelva;21058;37.61144;-7.24583
Puerto Moral;Huelva;21059;37.89208;-6.47877
Punta Umbría;Huelva;21060;37.18248;-6.96715
Rociana del Condado;Huelva;21061;37.30781;-6.59867
Rosal de la Frontera;Huelva;21062;37.9678;-7.22053
San Bartolomé de la Torre;Huelva;21063;37.44596;-7.10668
San Juan del Puerto;Huelva;21064;37.31416;-6.84078
Sanlúcar de Guadiana;Huelva;21065;37.47318;-7.46786
San Silvestre de Guzmán;Huelva;21066;37.3884;-7.3503
Santa Ana la Real;Huelva;21067;37.86396;-6.72445
Santa Bárbara de Casa;Huelva;21068;37.79655;-7.18863
Santa Olalla del Cala;Huelva;21069;37.90651;-6.22962
Trigueros;Huelva;21070;37.38319;-6.83375
Valdelarco;Huelva;21071;37.95044;-6.68322
Valverde del Camino;Huelva;21072;37.57339;-6.75338
Villablanca;Huelva;21073;37.30373;-7.3419
Villalba del Alcor;Huelva;21074;37.39729;-6.47659
Villanueva de las Cruces;Huelva;21075;37.62762;-7.02452
Villanueva de los Castillejos;Huelva;21076;37.50046;-7.27244
Villarrasa;Huelva;21077;37.38945;-6.60691
Zalamea la Real;Huelva;21078;37.67891;-6.66058
Zufre;Huelva;21079;37.83384;-6.33861
Zarza-Perrunal, La;Huelva;21902;;
Abiego;Huesca;22001;42.12121;-0.07103
Abizanda;Huesca;22002;42.24253;0.19622
Adahuesca;Huesca;22003;42.14478;-0.00745
Agüero;Huesca;22004;42.35485;-0.79458
Aisa;Huesca;22006;42.68278;0.61694
Albalate de Cinca;Huesca;22007;41.72295;0.14582
Albalatillo;Huesca;22008;41.73671;-0.15059
Albelda;Huesca;22009;41.86542;0.46115
Albero Alto;Huesca;22011;42.05005;-0.33747
Albero Bajo;Huesca;22012;42.0252;-0.38136
Alberuela de Tubo;Huesca;22013;41.9088;-0.21366
Alcalá de Gurrea;Huesca;22014;42.06782;-0.68561
Alcalá del Obispo;Huesca;22015;42.07784;-0.2931
Alcampell;Huesca;22016;41.9059;0.43189
Alcolea de Cinca;Huesca;22017;41.71719;0.11801
Alcubierre;Huesca;22018;41.8068;-0.45146
Alerre;Huesca;22019;42.16312;-0.4629
Alfántega;Huesca;22020;41.82908;0.14778
Almudévar;Huesca;22021;42.03736;-0.57963
Almunia de San Juan;Huesca;22022;41.93567;0.24484
Almuniente;Huesca;22023;41.94961;-0.41048
Alquézar;Huesca;22024;42.17119;0.02404
Altorricón;Huesca;22025;41.80322;0.41314
Angüés;Huesca;22027;42.11126;-0.15356
Ansó;Huesca;22028;42.75754;-0.82812
Antillón;Huesca;22029;42.0359;-0.16231
Aragüés del Puerto;Huesca;22032;42.70673;-0.67008
Arén;Huesca;22035;42.25887;0.72092
Argavieso;Huesca;22036;42.05301;-0.27907
Arguis;Huesca;22037;42.31468;-0.43857
Ayerbe;Huesca;22039;42.27497;-0.68875
Azanuy-Alins;Huesca;22040;41.9738;0.31168
Azara;Huesca;22041;42.06894;-0.03141
Azlor;Huesca;22042;42.09446;-0.04393
Baélls;Huesca;22043;41.95377;0.45963
Bailo;Huesca;22044;42.51;-0.81138
Baldellou;Huesca;22045;41.91793;0.54681
Ballobar;Huesca;22046;41.62202;0.19119
Banastás;Huesca;22047;42.18112;-0.45048
Barbastro;Huesca;22048;42.0348;0.12398
Barbués;Huesca;22049;41.97961;-0.41916
Barbuñales;Huesca;22050;42.02539;-0.08751
Bárcabo;Huesca;22051;42.24125;0.06947
Belver de Cinca;Huesca;22052;41.68973;0.17844
Benabarre;Huesca;22053;42.10639;0.47918
Benasque;Huesca;22054;42.60514;0.52397
Berbegal;Huesca;22055;41.96134;-0.00155
Bielsa;Huesca;22057;42.6338;0.21848
Bierge;Huesca;22058;42.16133;-0.08297
Biescas;Huesca;22059;42.62798;-0.3247
Binaced;Huesca;22060;41.82656;0.20102
Binéfar;Huesca;22061;41.85286;0.29372
Bisaurri;Huesca;22062;42.4967;0.50704
Biscarrués;Huesca;22063;42.22821;-0.7515
Blecua y Torres;Huesca;22064;42.05741;-0.18703
Boltaña;Huesca;22066;42.44247;0.06982
Bonansa;Huesca;22067;42.4271;0.66764
Borau;Huesca;22068;42.65874;-0.58816
Broto;Huesca;22069;42.60481;-0.12355
Caldearenas;Huesca;22072;42.39699;-0.49996
Campo;Huesca;22074;42.40875;0.39401
Camporrélls;Huesca;22075;41.95886;0.5219
Canal de Berdún;Huesca;22076;42.60377;-0.85847
Candasnos;Huesca;22077;41.50383;0.06415
Canfranc;Huesca;22078;42.71557;-0.52565
Capdesaso;Huesca;22079;41.84393;-0.18542
Capella;Huesca;22080;42.19704;0.39619
Casbas de Huesca;Huesca;22081;42.15627;-0.14041
Castejón del Puente;Huesca;22082;41.96238;0.15692
Castejón de Monegros;Huesca;22083;41.61756;-0.23991
Castejón de Sos;Huesca;22084;42.5132;0.4931
Castelflorite;Huesca;22085;41.80238;-0.0216
Castiello de Jaca;Huesca;22086;42.6319;-0.5506
Castigaleu;Huesca;22087;42.20435;0.57833
Castillazuelo;Huesca;22088;42.06716;0.06542
Castillonroy;Huesca;22089;41.88442;0.51419
Colungo;Huesca;22090;42.17274;0.06455
Chalamera;Huesca;22094;41.66556;0.16192
Chía;Huesca;22095;42.52047;0.46571
Chimillas;Huesca;22096;42.17066;-0.4508
Esplús;Huesca;22099;41.79845;0.27432
Estada;Huesca;22102;42.07153;0.23483
Estadilla;Huesca;22103;42.056;0.24394
Estopiñán del Castillo;Huesca;22105;41.99734;0.54289
Fago;Huesca;22106;42.73519;-0.86544
Fanlo;Huesca;22107;42.58699;-0.02118
Fiscal;Huesca;22109;42.49565;-0.12115
Fonz;Huesca;22110;42.01005;0.25832
Foradada del Toscar;Huesca;22111;42.41026;0.35078
Fraga;Huesca;22112;41.52243;0.34893
Fueva, La;Huesca;22113;42.41252;0.15197
Gistaín;Huesca;22114;42.59116;0.33606
Grado, El;Huesca;22115;42.15181;0.223
Grañén;Huesca;22116;41.93995;-0.3692
Graus;Huesca;22117;42.19274;0.33891
Gurrea de Gállego;Huesca;22119;42.01335;-0.76215
Hoz de Jaca;Huesca;22122;42.69039;-0.30629
Huerto;Huesca;22124;41.93188;-0.16663
Huesca;Huesca;22125;42.1401;-0.4089
Ibieca;Huesca;22126;42.16119;-0.20779
Igriés;Huesca;22127;42.21444;-0.43156
Ilche;Huesca;22128;41.95788;0.0574
Isábena;Huesca;22129;42.31;0.527
Jaca;Huesca;22130;42.57101;-0.54945
Jasa;Huesca;22131;42.69462;-0.66535
Labuerda;Huesca;22133;42.452;0.13469
Laluenga;Huesca;22135;42.00335;-0.04645
Lalueza;Huesca;22136;41.84184;-0.25554
Lanaja;Huesca;22137;41.77214;-0.32952
Laperdiguera;Huesca;22139;41.99125;-0.04647
Lascellas-Ponzano;Huesca;22141;42.06499;-0.07522
Lascuarre;Huesca;22142;42.19926;0.51598
Laspaúles;Huesca;22143;42.47078;0.5985
Laspuña;Huesca;22144;42.50342;0.15369
Loarre;Huesca;22149;42.31464;-0.62492
Loporzano;Huesca;22150;42.16131;-0.32403
Loscorrales;Huesca;22151;42.25349;-0.64088
Monesma y Cajigar;Huesca;22155;42.26012;0.5973
Monflorite-Lascasas;Huesca;22156;42.09462;-0.35634
Montanuy;Huesca;22157;42.46497;0.69565
Monzón;Huesca;22158;41.91031;0.19464
Naval;Huesca;22160;42.1935;0.15227
Novales;Huesca;22162;42.03196;-0.28841
Nueno;Huesca;22163;42.26603;-0.44022
Olvena;Huesca;22164;42.10948;0.25963
Ontiñena;Huesca;22165;41.67529;0.08848
Osso de Cinca;Huesca;22167;41.66531;0.19145
Palo;Huesca;22168;42.32282;0.24378
Panticosa;Huesca;22170;42.72368;-0.28212
Peñalba;Huesca;22172;41.50001;-0.03844
Peñas de Riglos, Las;Huesca;22173;42.34854;-0.72644
Peralta de Alcofea;Huesca;22174;41.93196;-0.06644
Peralta de Calasanz;Huesca;22175;42.01811;0.39367
Peraltilla;Huesca;22176;42.05527;-0.017
Perarrúa;Huesca;22177;42.26766;0.35144
Pertusa;Huesca;22178;42.00211;-0.12733
Piracés;Huesca;22181;42.00398;-0.3173
Plan;Huesca;22182;42.56667;-0.33333
Poleñino;Huesca;22184;41.87049;-0.3096
Pozán de Vero;Huesca;22186;42.08028;0.03362
Puebla de Castro, La;Huesca;22187;42.14394;0.28725
Puente de Montañana;Huesca;22188;42.15042;0.69352
Puértolas;Huesca;22189;42.54812;0.13243
Pueyo de Araguás, El;Huesca;22190;42.47327;0.1614
Pueyo de Santa Cruz;Huesca;22193;41.85814;0.1572
Quicena;Huesca;22195;42.14807;-0.35855
Robres;Huesca;22197;41.86637;-0.46091
Sabiñánigo;Huesca;22199;42.5197;-0.36508
Sahún;Huesca;22200;42.57606;0.46481
Salas Altas;Huesca;22201;42.11472;0.07129
Salas Bajas;Huesca;22202;42.09966;0.08363
Salillas;Huesca;22203;41.99313;-0.22478
Sallent de Gállego;Huesca;22204;42.77204;-0.33478
San Esteban de Litera;Huesca;22205;41.90414;0.32585
Sangarrén;Huesca;22206;42.01752;-0.4312
San Juan de Plan;Huesca;22207;42.5874;0.34452
Santa Cilia;Huesca;22208;42.56117;-0.71364
Santa Cruz de la Serós;Huesca;22209;42.52251;-0.67436
Santaliestra y San Quílez;Huesca;22212;42.30676;0.36542
Sariñena;Huesca;22213;41.79218;-0.15724
Secastilla;Huesca;22214;42.18098;0.26676
Seira;Huesca;22215;42.48045;0.42989
Sena;Huesca;22217;41.71468;-0.04375
Senés de Alcubierre;Huesca;22218;41.90733;-0.49048
Sesa;Huesca;22220;41.99627;-0.24549
Sesué;Huesca;22221;42.55166;0.47273
Siétamo;Huesca;22222;42.12341;-0.27965
Sopeira;Huesca;22223;42.31677;0.74683
Tamarite de Litera;Huesca;22225;41.86698;0.42201
Tardienta;Huesca;22226;41.97935;-0.53892
Tella-Sin;Huesca;22227;42.58333;0.2
Tierz;Huesca;22228;42.13257;-0.35338
Tolva;Huesca;22229;42.11551;0.56399
Torla-Ordesa;Huesca;22230;42.68798;-0.13078
Torralba de Aragón;Huesca;22232;41.93518;-0.51066
Torre la Ribera;Huesca;22233;42.37292;0.52682
Torrente de Cinca;Huesca;22234;41.47287;0.3349
Torres de Alcanadre;Huesca;22235;41.968;-0.11097
Torres de Barbués;Huesca;22236;41.95996;-0.43237
Tramaced;Huesca;22239;41.97267;-0.29766
Valfarta;Huesca;22242;41.55791;-0.13384
Valle de Bardají;Huesca;22243;42.43333;0.46667
Valle de Lierp;Huesca;22244;42.38;0.489
Velilla de Cinca;Huesca;22245;41.587;0.26146
Beranuy;Huesca;22246;42.36694;0.59422
Viacamp y Litera;Huesca;22247;42.12725;0.61597
Vicién;Huesca;22248;42.0555;-0.4402
Villanova;Huesca;22249;42.54668;0.46186
Villanúa;Huesca;22250;42.67982;-0.5308
Villanueva de Sigena;Huesca;22251;41.71533;-0.00887
Yebra de Basa;Huesca;22252;42.48631;-0.28203
Yésero;Huesca;22253;42.61928;-0.24973
Zaidín;Huesca;22254;41.60407;0.26609
Valle de Hecho;Huesca;22901;42.7395;-0.75031
Puente la Reina de Jaca;Huesca;22902;42.56241;-0.78735
San Miguel del Cinca;Huesca;22903;41.82222;0.07611
Sotonera, La;Huesca;22904;42.24753;-0.60398
Lupiñén-Ortilla;Huesca;22905;42.17545;-0.58076
Santa María de Dulcis;Huesca;22906;42.12139;0.02389
Aínsa-Sobrarbe;Huesca;22907;42.41556;0.14691
Hoz y Costean;Huesca;22908;42.13334;0.13333
Vencillón;Huesca;22909;41.7051;0.32196
Albanchez de Mágina;Jaén;23001;37.79165;-3.46828
Alcalá la Real;Jaén;23002;37.46358;-3.92508
Alcaudete;Jaén;23003;37.59106;-4.08674
Aldeaquemada;Jaén;23004;38.41182;-3.37177
Andújar;Jaén;23005;38.03675;-4.05439
Arjona;Jaén;23006;37.93648;-4.05489
Arjonilla;Jaén;23007;37.97355;-4.10703
Arquillos;Jaén;23008;38.18201;-3.43089
Baeza;Jaén;23009;37.99343;-3.46924
Bailén;Jaén;23010;38.09588;-3.77486
Baños de la Encina;Jaén;23011;38.17133;-3.77426
Beas de Segura;Jaén;23012;38.25238;-2.88988
Begíjar;Jaén;23014;37.98452;-3.53483
Bélmez de la Moraleda;Jaén;23015;37.7239;-3.38222
Benatae;Jaén;23016;38.35257;-2.65087
Cabra del Santo Cristo;Jaén;23017;37.70535;-3.28611
Cambil;Jaén;23018;37.67691;-3.56563
Campillo de Arenas;Jaén;23019;37.55593;-3.63579
Canena;Jaén;23020;38.04868;-3.48217
Carboneros;Jaén;23021;38.22952;-3.63152
Carolina, La;Jaén;23024;37.75825;-3.79542
Castellar;Jaén;23025;38.25621;-3.13192
Castillo de Locubín;Jaén;23026;37.52826;-3.94368
Cazalilla;Jaén;23027;37.9846;-3.88223
Cazorla;Jaén;23028;37.91055;-3.00217
Chiclana de Segura;Jaén;23029;38.31147;-3.04219
Chilluévar;Jaén;23030;38.00106;-3.0311
Escañuela;Jaén;23031;37.87872;-4.03328
Espeluy;Jaén;23032;38.03308;-3.8618
Frailes;Jaén;23033;37.48515;-3.83821
Fuensanta de Martos;Jaén;23034;37.64784;-3.906
Fuerte del Rey;Jaén;23035;37.87396;-3.88459
Génave;Jaén;23037;38.43014;-2.73277
Guardia de Jaén, La;Jaén;23038;37.76468;-3.77025
Guarromán;Jaén;23039;38.18151;-3.6865
Lahiguera;Jaén;23040;37.97049;-3.98916
Higuera de Calatrava;Jaén;23041;37.7969;-4.15494
Hinojares;Jaén;23042;37.71555;-2.9992
Hornos;Jaén;23043;38.21679;-2.72025
Huelma;Jaén;23044;37.64524;-3.45543
Huesa;Jaén;23045;37.76411;-3.07817
Ibros;Jaén;23046;38.02261;-3.50237
Iruela, La;Jaén;23047;37.80406;-3.78148
Iznatoraf;Jaén;23048;38.15744;-3.03291
Jabalquinto;Jaén;23049;38.01932;-3.7247
Jaén;Jaén;23050;37.76574;-3.78952
Jamilena;Jaén;23051;37.74709;-3.9123
Jimena;Jaén;23052;37.84158;-3.47653
Jódar;Jaén;23053;37.84398;-3.35255
Larva;Jaén;23054;37.75892;-3.20015
Linares;Jaén;23055;38.09362;-3.63584
Lopera;Jaén;23056;37.94367;-4.21469
Lupión;Jaén;23057;37.99656;-3.54694
Mancha Real;Jaén;23058;37.78617;-3.61239
Marmolejo;Jaén;23059;38.04433;-4.17061
Martos;Jaén;23060;37.72278;-3.96626
Mengíbar;Jaén;23061;37.96833;-3.80881
Montizón;Jaén;23062;38.34243;-3.1034
Navas de San Juan;Jaén;23063;38.18464;-3.31537
Noalejo;Jaén;23064;37.52939;-3.65367
Orcera;Jaén;23065;38.31738;-2.66491
Peal de Becerro;Jaén;23066;37.91332;-3.12166
Pegalajar;Jaén;23067;37.73797;-3.6511
Porcuna;Jaén;23069;37.87086;-4.18472
Pozo Alcón;Jaén;23070;37.70512;-2.93436
Puente de Génave;Jaén;23071;38.35323;-2.80441
Puerta de Segura, La;Jaén;23072;37.79805;-3.78096
Quesada;Jaén;23073;37.8451;-3.06759
Rus;Jaén;23074;38.04807;-3.46205
Sabiote;Jaén;23075;38.06915;-3.3066
Santa Elena;Jaén;23076;38.33911;-3.53924
Santiago de Calatrava;Jaén;23077;37.75299;-4.16911
Santisteban del Puerto;Jaén;23079;38.24746;-3.20643
Santo Tomé;Jaén;23080;38.02818;-3.10184
Segura de la Sierra;Jaén;23081;38.29776;-2.65151
Siles;Jaén;23082;38.38734;-2.58131
Sorihuela del Guadalimar;Jaén;23084;38.23954;-3.05415
Torreblascopedro;Jaén;23085;37.99618;-3.63892
Torredelcampo;Jaén;23086;37.80721;-3.92665
Torredonjimeno;Jaén;23087;37.76543;-3.95926
Torreperogil;Jaén;23088;38.0345;-3.2876
Torres;Jaén;23090;37.78608;-3.51003
Torres de Albánchez;Jaén;23091;38.41451;-2.67705
Úbeda;Jaén;23092;38.00809;-3.36852
Valdepeñas de Jaén;Jaén;23093;37.59034;-3.81964
Vilches;Jaén;23094;38.20467;-3.50766
Villacarrillo;Jaén;23095;38.11541;-3.08719
Villanueva de la Reina;Jaén;23096;38.00499;-3.91951
Villanueva del Arzobispo;Jaén;23097;38.16934;-3.0101
Villardompardo;Jaén;23098;37.83969;-4.00129
Villares, Los;Jaén;23099;37.68739;-3.81847
Villarrodrigo;Jaén;23101;38.48793;-2.63627
Cárcheles;Jaén;23901;37.6533;-3.6358
Bedmar y Garcíez;Jaén;23902;37.82271;-3.41176
Villatorres;Jaén;23903;37.9313;-3.69275
Santiago-Pontones;Jaén;23904;38.1;-2.55
Arroyo del Ojanco;Jaén;23905;38.32092;-2.89498
Acebedo;León;24001;43.0394;-5.1165
Algadefe;León;24002;42.21941;-5.5847
Alija del Infantado;León;24003;42.13871;-5.83407
Almanza;León;24004;42.65762;-5.0358
Antigua, La;León;24005;42.17883;-5.69083
Ardón;León;24006;42.43661;-5.55976
Arganza;León;24007;42.64166;-6.68821
Astorga;León;24008;42.45493;-6.05325
Balboa;León;24009;42.70563;-6.92259
Bañeza, La;León;24010;42.60746;-5.57001
Barjas;León;24011;42.61112;-6.97824
Barrios de Luna, Los;León;24012;42.83501;-5.87007
Bembibre;León;24014;42.61736;-6.41617
Benavides;León;24015;42.50262;-5.89816
Benuza;León;24016;42.3999;-6.70949
Bercianos del Páramo;León;24017;42.3805;-5.70432
Bercianos del Real Camino;León;24018;42.38738;-5.14386
Berlanga del Bierzo;León;24019;42.73045;-6.60036
Boca de Huérgano;León;24020;42.97263;-4.92536
Boñar;León;24021;42.86619;-5.32353
Borrenes;León;24022;42.49152;-6.72599
Brazuelo;León;24023;42.49668;-6.15601
Burgo Ranero, El;León;24024;42.42575;-5.20859
Burón;León;24025;43.02417;-5.05011
Bustillo del Páramo;León;24026;42.44107;-5.79122
Cabañas Raras;León;24027;42.62031;-6.63745
Cabreros del Río;León;24028;42.40197;-5.54139
Cabrillanes;León;24029;42.95313;-6.14972
Cacabelos;León;24030;42.59867;-6.72591
Calzada del Coto;León;24031;42.38777;-5.08004
Campazas;León;24032;42.14138;-5.49286
Campo de Villavidel;León;24033;42.43942;-5.52695
Camponaraya;León;24034;42.57846;-6.6674
Valle de Ancares;León;24036;42.81687;-6.72833
Cármenes;León;24037;42.95853;-5.57682
Carracedelo;León;24038;42.55592;-6.7327
Carrizo;León;24039;42.58396;-5.82928
Carrocera;León;24040;42.7964;-5.74348
Carucedo;León;24041;42.49004;-6.76144
Castilfalé;León;24042;42.21988;-5.42079
Castrillo de Cabrera;León;24043;42.3404;-6.54452
Castrillo de la Valduerna;León;24044;42.32448;-6.13435
Castrocalbón;León;24046;42.19696;-5.98127
Castrocontrigo;León;24047;42.1834;-6.19049
Castropodame;León;24049;42.58206;-6.46833
Castrotierra de Valmadrigal;León;24050;42.34714;-5.2469
Cea;León;24051;42.46183;-5.0124
Cebanico;León;24052;42.7248;-5.02637
Cebrones del Río;León;24053;42.2566;-5.82549
Cimanes de la Vega;León;24054;42.11835;-5.59981
Cimanes del Tejar;León;24055;42.6182;-5.80506
Cistierna;León;24056;42.80397;-5.12887
Congosto;León;24057;42.61813;-6.52031
Corbillos de los Oteros;León;24058;42.40744;-5.45911
Corullón;León;24059;42.57874;-6.81969
Crémenes;León;24060;42.90357;-5.14386
Cuadros;León;24061;42.70874;-5.63988
Cubillas de los Oteros;León;24062;42.37167;-5.50859
Cubillas de Rueda;León;24063;42.65595;-5.17612
Cubillos del Sil;León;24064;42.62363;-6.56409
Chozas de Abajo;León;24065;42.50745;-5.68722
Destriana;León;24066;42.32724;-6.09546
Encinedo;León;24067;42.27115;-6.59402
Ercina, La;León;24068;42.80958;-5.21213
Escobar de Campos;León;24069;42.31329;-4.96594
Fabero;León;24070;42.7674;-6.62373
Folgoso de la Ribera;León;24071;42.64385;-6.32007
Fresno de la Vega;León;24073;42.34582;-5.53614
Fuentes de Carbajal;León;24074;42.17681;-5.44699
Garrafe de Torío;León;24076;42.7327;-5.52302
Gordaliza del Pino;León;24077;42.34379;-5.15819
Gordoncillo;León;24078;42.13525;-5.40207
Gradefes;León;24079;42.62464;-5.22732
Grajal de Campos;León;24080;42.32045;-5.0202
Gusendos de los Oteros;León;24081;42.37755;-5.43029
Hospital de Órbigo;León;24082;42.46272;-5.88155
Igüeña;León;24083;42.72797;-6.27677
Izagre;León;24084;42.2238;-5.25734
Joarilla de las Matas;León;24086;42.28765;-5.17775
Laguna Dalga;León;24087;42.33211;-5.75236
Laguna de Negrillos;León;24088;42.23845;-5.66026
León;León;24089;42.60232;-5.57504
Lucillo;León;24090;42.40915;-6.30334
Luyego;León;24091;42.37562;-6.23797
Llamas de la Ribera;León;24092;42.63457;-5.82497
Magaz de Cepeda;León;24093;42.54017;-6.07388
Mansilla de las Mulas;León;24094;42.49795;-5.41621
Mansilla Mayor;León;24095;42.50968;-5.44362
Maraña;León;24096;43.05002;-5.17645
Matadeón de los Oteros;León;24097;42.33777;-5.36975
Matallana de Torío;León;24098;42.86661;-5.5204
Matanza;León;24099;42.24057;-5.37423
Molinaseca;León;24100;42.53769;-6.51898
Murias de Paredes;León;24101;42.85049;-6.19182
Noceda del Bierzo;León;24102;42.70547;-6.38644
Oencia;León;24103;42.54733;-6.97158
Omañas, Las;León;24104;42.60322;-5.59084
Onzonilla;León;24105;42.52475;-5.5809
Oseja de Sajambre;León;24106;43.138;-5.03777
Pajares de los Oteros;León;24107;42.32926;-5.47188
Palacios de la Valduerna;León;24108;42.32747;-5.93965
Palacios del Sil;León;24109;42.87599;-6.4337
Páramo del Sil;León;24110;42.82056;-6.49098
Peranzanes;León;24112;42.87701;-6.63342
Pobladura de Pelayo García;León;24113;42.30607;-5.68393
Pola de Gordón, La;León;24114;42.85438;-5.67143
Ponferrada;León;24115;42.55;-6.59826
Posada de Valdeón;León;24116;43.15184;-4.91789
Pozuelo del Páramo;León;24117;42.17087;-5.77014
Prado de la Guzpeña;León;24118;42.78343;-5.02589
Priaranza del Bierzo;León;24119;42.51061;-6.67116
Prioro;León;24120;42.89396;-4.96236
Puebla de Lillo;León;24121;43.00801;-5.27432
Puente de Domingo Flórez;León;24122;42.41178;-6.81993
Quintana del Castillo;León;24123;42.65986;-6.04873
Quintana del Marco;León;24124;42.20681;-5.84989
Quintana y Congosto;León;24125;42.25578;-6.03655
Regueras de Arriba;León;24127;42.29286;-5.8611
Reyero;León;24129;42.94875;-5.19829
Riaño;León;24130;42.97642;-5.0059
Riego de la Vega;León;24131;42.38838;-5.9826
Riello;León;24132;42.77394;-5.94526
Rioseco de Tapia;León;24133;42.73049;-5.78991
Robla, La;León;24134;42.80445;-5.62625
Roperuelos del Páramo;León;24136;42.23668;-5.782
Sabero;León;24137;42.83709;-5.14972
Sahagún;León;24139;42.37096;-5.02995
San Adrián del Valle;León;24141;42.12989;-5.72801
San Andrés del Rabanedo;León;24142;42.61127;-5.61754
Sancedo;León;24143;42.66751;-6.63642
San Cristóbal de la Polantera;León;24144;42.39106;-5.9073
San Emiliano;León;24145;42.97109;-5.99978
San Esteban de Nogales;León;24146;42.15846;-5.92908
San Justo de la Vega;León;24148;42.45334;-6.01631
San Millán de los Caballeros;León;24149;42.28446;-5.56107
San Pedro Bercianos;León;24150;42.39004;-5.70958
Santa Colomba de Curueño;León;24151;42.75106;-5.41261
Santa Colomba de Somoza;León;24152;42.4454;-6.2449
Santa Cristina de Valmadrigal;León;24153;42.3553;-5.3096
Santa Elena de Jamuz;León;24154;42.2599;-5.88716
Santa María de la Isla;León;24155;42.3568;-5.92974
Santa María del Monte de Cea;León;24156;42.49178;-5.11748
Santa María del Páramo;León;24157;42.35588;-5.7481
Santa María de Ordás;León;24158;42.72667;-5.82319
Santa Marina del Rey;León;24159;42.51215;-5.8611
Santas Martas;León;24160;42.46;-5.38678
Santiago Millas;León;24161;42.38277;-6.1065
Santovenia de la Valdoncina;León;24162;42.54364;-5.6228
Sariegos;León;24163;42.6525;-5.63439
Sena de Luna;León;24164;42.92901;-5.95253
Sobrado;León;24165;42.51989;-6.85282
Soto de la Vega;León;24166;42.33227;-5.88222
Soto y Amío;León;24167;42.77701;-5.88584
Toral de los Guzmanes;León;24168;42.24295;-5.56829
Toreno;León;24169;42.69697;-6.51564
Torre del Bierzo;León;24170;42.59568;-6.32226
Trabadelo;León;24171;42.64968;-6.88168
Truchas;León;24172;42.26086;-6.43503
Turcia;León;24173;42.53398;-5.87628
Urdiales del Páramo;León;24174;42.3703;-5.77344
Valdefresno;León;24175;42.59421;-5.49318
Valdefuentes del Páramo;León;24176;42.32386;-5.83077
Valdelugueros;León;24177;42.98873;-5.4149
Valdemora;León;24178;42.19497;-5.42734
Valdepiélago;León;24179;42.87087;-5.4
Valdepolo;León;24180;42.57707;-5.22602
Valderas;León;24181;42.07557;-5.43847
Valderrey;León;24182;42.39365;-6.02227
Valderrueda;León;24183;42.81566;-4.94726
Valdesamario;León;24184;42.72063;-5.95253
Val de San Lorenzo;León;24185;42.41778;-6.12156
Valdevimbre;León;24187;42.41951;-5.61786
Valencia de Don Juan;León;24188;42.29253;-5.51912
Valverde de la Virgen;León;24189;42.56871;-5.68375
Valverde-Enrique;León;24190;42.30422;-5.29914
Vallecillo;León;24191;42.3561;-5.21166
Vecilla, La;León;24193;42.35314;-5.88196
Vegacervera;León;24194;42.88656;-5.53483
Vega de Espinareda;León;24196;42.72549;-6.65446
Vega de Infanzones;León;24197;42.48099;-5.53333
Vega de Valcarce;León;24198;42.66409;-6.9454
Vegaquemada;León;24199;42.81871;-5.33215
Vegas del Condado;León;24201;42.68296;-5.36451
Villablino;León;24202;42.94157;-6.32765
Villabraz;León;24203;42.24576;-5.44568
Villadangos del Páramo;León;24205;42.51687;-5.76714
Toral de los Vados;León;24206;42.54444;-6.78139
Villademor de la Vega;León;24207;42.26998;-5.56829
Villafranca del Bierzo;León;24209;42.60839;-6.80855
Villagatón;León;24210;42.63525;-6.16165
Villamandos;León;24211;42.17959;-5.5939
Villamañán;León;24212;42.32079;-5.58405
Villamartín de Don Sancho;León;24213;42.56983;-5.06052
Villamejil;León;24214;42.5623;-6.02491
Villamol;León;24215;42.42806;-5.04913
Villamontán de la Valduerna;León;24216;42.30914;-5.99714
Villamoratiel de las Matas;León;24217;42.39742;-5.30045
Villanueva de las Manzanas;León;24218;42.471;-5.48106
Villaobispo de Otero;León;24219;42.50097;-6.05832
Villaquejida;León;24221;42.14558;-5.59718
Villaquilambre;León;24222;42.64129;-5.55772
Villarejo de Órbigo;León;24223;42.44508;-5.90465
Villares de Órbigo;León;24224;42.4705;-5.90994
Villasabariego;León;24225;42.53174;-5.41294
Villaselán;León;24226;42.56092;-5.04783
Villaturiel;León;24227;42.51847;-5.4863
Villazala;León;24228;42.36074;-5.85319
Villazanzo de Valderaduey;León;24229;42.53491;-4.96431
Zotes del Páramo;León;24230;42.27273;-5.73674
Villamanín;León;24901;42.93891;-5.65565
Villaornate y Castro;León;24902;42.19191;-5.53023
Abella de la Conca;Lleida;25001;42.16151;1.092
Àger;Lleida;25002;42.00079;0.76101
Agramunt;Lleida;25003;41.78719;1.09798
Alamús, Els;Lleida;25004;41.61502;0.74021
Alàs i Cerc;Lleida;25005;42.32449;1.54023
Albagés, L';Lleida;25006;41.60325;0.64166
Albatàrrec;Lleida;25007;41.57338;0.60739
Albesa;Lleida;25008;41.75254;0.65952
Albi, L';Lleida;25009;41.60925;0.66636
Alcanó;Lleida;25010;41.4815;0.61746
Alcarràs;Lleida;25011;41.56325;0.52442
Alcoletge;Lleida;25012;41.64764;0.69472
Alfarràs;Lleida;25013;41.8301;0.56952
Alfés;Lleida;25014;41.52086;0.61923
Algerri;Lleida;25015;41.81483;0.63819
Alguaire;Lleida;25016;41.73677;0.5849
Alins;Lleida;25017;42.54862;1.3177
Almacelles;Lleida;25019;41.72869;0.44198
Almatret;Lleida;25020;41.3058;0.42371
Almenar;Lleida;25021;41.79705;0.56809
Alòs de Balaguer;Lleida;25022;41.91266;0.96007
Alpicat;Lleida;25023;41.66593;0.55533
Alt Àneu;Lleida;25024;42.683;1.07777
Naut Aran;Lleida;25025;42.74282;0.94385
Anglesola;Lleida;25027;41.65719;1.08376
Arbeca;Lleida;25029;41.54262;0.92347
Pont de Bar, El;Lleida;25030;42.37155;1.60213
Arres;Lleida;25031;42.75457;0.71142
Arsèguel;Lleida;25032;42.35005;1.58294
Artesa de Lleida;Lleida;25033;41.55305;0.70337
Artesa de Segre;Lleida;25034;41.89566;1.04724
Sentiu de Sió, La;Lleida;25035;41.80517;0.87884
Aspa;Lleida;25036;41.49415;0.67432
Avellanes i Santa Linya, Les;Lleida;25037;41.92847;0.80071
Aitona;Lleida;25038;41.49349;0.45908
Baix Pallars;Lleida;25039;42.3301;1.03946
Balaguer;Lleida;25040;41.79193;0.80604
Barbens;Lleida;25041;41.67759;1.01608
Baronia de Rialb, La;Lleida;25042;41.9279;1.19807
Vall de Boí, La;Lleida;25043;42.52822;0.84845
Bassella;Lleida;25044;42.01691;1.29588
Bausen;Lleida;25045;42.83444;0.71676
Belianes;Lleida;25046;41.56053;1.01434
Bellcaire d'Urgell;Lleida;25047;41.75834;0.90447
Bell-lloc d'Urgell;Lleida;25048;41.63034;0.77913
Bellmunt d'Urgell;Lleida;25049;41.77399;0.95197
Bellpuig;Lleida;25050;41.62543;1.01195
Bellver de Cerdanya;Lleida;25051;42.37286;1.77491
Bellvís;Lleida;25052;41.67433;0.81869
Benavent de Segrià;Lleida;25053;41.6973;0.63285
Biosca;Lleida;25055;41.84183;1.35808
Bovera;Lleida;25056;41.32613;0.63878
Bòrdes, Es;Lleida;25057;42.7386;0.72328
Borges Blanques, Les;Lleida;25058;41.59849;0.64242
Bossòst;Lleida;25059;42.7855;0.69213
Cabanabona;Lleida;25060;41.85086;1.21664
Cabó;Lleida;25061;42.23889;1.24714
Camarasa;Lleida;25062;41.87454;0.87742
Canejan;Lleida;25063;42.83856;0.73932
Castellar de la Ribera;Lleida;25064;42.02231;1.41554
Castelldans;Lleida;25067;41.49749;0.76635
Castellnou de Seana;Lleida;25068;41.64798;0.97043
Castelló de Farfanya;Lleida;25069;41.81742;0.72655
Castellserà;Lleida;25070;41.74584;0.98744
Cava;Lleida;25071;42.32529;1.60552
Cervera;Lleida;25072;41.67146;1.27225
Cervià de les Garrigues;Lleida;25073;41.4274;0.86096
Ciutadilla;Lleida;25074;41.56124;1.1395
Clariana de Cardener;Lleida;25075;41.93313;1.62614
Cogul, El;Lleida;25076;42.11;1.63944
Coll de Nargó;Lleida;25077;42.17382;1.3162
Corbins;Lleida;25078;41.6901;0.69273
Cubells;Lleida;25079;41.85424;0.95758
Espluga Calba, L';Lleida;25081;41.49504;1.00418
Espot;Lleida;25082;42.57583;1.08795
Estaràs;Lleida;25085;41.69161;1.37836
Esterri d'Àneu;Lleida;25086;42.62692;1.12271
Esterri de Cardós;Lleida;25087;42.59274;1.26173
Estamariu;Lleida;25088;42.37316;1.52283
Farrera;Lleida;25089;42.49702;1.27195
Floresta, La;Lleida;25092;41.50426;0.9243
Fondarella;Lleida;25093;41.63435;0.87409
Foradada;Lleida;25094;41.87689;1.013
Fuliola, La;Lleida;25096;41.7151;1.01673
Fulleda;Lleida;25097;41.46329;1.02421
Gavet de la Conca;Lleida;25098;42.12286;0.92102
Golmés;Lleida;25099;41.63247;0.93225
Gósol;Lleida;25100;42.23722;1.65967
Granadella, La;Lleida;25101;41.59906;0.64179
Granja d'Escarp, La;Lleida;25102;41.41881;0.35307
Granyanella;Lleida;25103;41.64801;1.22325
Granyena de Segarra;Lleida;25104;41.62376;1.24639
Granyena de les Garrigues;Lleida;25105;41.43286;0.64915
Guimerà;Lleida;25109;41.56327;1.18511
Guissona;Lleida;25110;41.78452;1.29031
Guixers;Lleida;25111;42.13753;1.64235
Ivars de Noguera;Lleida;25112;41.84981;0.58654
Ivars d'Urgell;Lleida;25113;41.68048;0.98804
Ivorra;Lleida;25114;41.77204;1.39506
Isona i Conca Dellà;Lleida;25115;42.11849;1.04659
Juncosa;Lleida;25118;41.37072;0.77616
Juneda;Lleida;25119;41.54707;0.82345
Lleida;Lleida;25120;41.6207;0.63267
Les;Lleida;25121;42.81161;0.71171
Linyola;Lleida;25122;41.71107;0.90208
Lladorre;Lleida;25123;42.62041;1.2497
Lladurs;Lleida;25124;42.04439;1.50669
Llardecans;Lleida;25125;41.37421;0.55001
Llavorsí;Lleida;25126;42.49585;1.21003
Lles de Cerdanya;Lleida;25127;42.39099;1.68731
Llimiana;Lleida;25128;42.07484;0.9167
Llobera;Lleida;25129;41.94976;1.47232
Maldà;Lleida;25130;41.55037;1.03861
Massalcoreig;Lleida;25131;41.45696;0.35954
Massoteres;Lleida;25132;41.79735;1.31018
Maials;Lleida;25133;41.36377;0.50334
Menàrguens;Lleida;25134;41.73211;0.74496
Miralcamp;Lleida;25135;41.60408;0.87824
Molsosa, La;Lleida;25136;41.78034;1.53055
Mollerussa;Lleida;25137;41.62874;0.89418
Montgai;Lleida;25138;41.79974;0.96079
Montellà i Martinet;Lleida;25139;42.35421;1.70455
Montferrer i Castellbò;Lleida;25140;42.36628;1.34692
Montoliu de Segarra;Lleida;25141;41.59013;1.27075
Montoliu de Lleida;Lleida;25142;41.56099;0.58845
Montornès de Segarra;Lleida;25143;41.60116;1.23106
Nalec;Lleida;25145;41.56022;1.11552
Navès;Lleida;25146;41.99118;1.63949
Odèn;Lleida;25148;42.13277;1.45479
Oliana;Lleida;25149;42.06697;1.31439
Oliola;Lleida;25150;41.87613;1.1746
Olius;Lleida;25151;42.00893;1.56461
Oluges, Les;Lleida;25152;41.69729;1.31995
Omellons, Els;Lleida;25153;41.6141;0.62576
Omells de na Gaia, Els;Lleida;25154;41.50064;1.07598
Organyà;Lleida;25155;42.21195;1.32781
Os de Balaguer;Lleida;25156;41.87334;0.72062
Ossó de Sió;Lleida;25157;41.75327;1.1584
Palau d'Anglesola, El;Lleida;25158;41.65015;0.88123
Conca de Dalt;Lleida;25161;42.21216;1.00119
Coma i la Pedra, La;Lleida;25163;42.17594;1.5887
Penelles;Lleida;25164;41.75722;0.96594
Peramola;Lleida;25165;42.06186;1.27282
Pinell de Solsonès;Lleida;25166;41.9708;1.40015
Pinós;Lleida;25167;41.82725;1.5419
Poal, El;Lleida;25168;41.67842;0.85619
Pobla de Cérvoles, La;Lleida;25169;41.36632;0.91559
Bellaguarda;Lleida;25170;41.33683;0.73606
Pobla de Segur, La;Lleida;25171;42.24772;0.96758
Ponts;Lleida;25172;41.9148;1.18451
Pont de Suert, El;Lleida;25173;41.61141;0.6366
Portella, La;Lleida;25174;41.60767;0.64412
Prats i Sansor;Lleida;25175;42.36442;1.83671
Preixana;Lleida;25176;41.60774;1.03827
Preixens;Lleida;25177;41.79379;1.05083
Prullans;Lleida;25179;42.37886;1.73867
Puiggròs;Lleida;25180;41.55096;0.88837
Puigverd d'Agramunt;Lleida;25181;41.77696;1.12151
Puigverd de Lleida;Lleida;25182;41.54336;0.73294
Rialp;Lleida;25183;42.44292;1.1347
Ribera d'Urgellet;Lleida;25185;42.28659;1.42414
Riner;Lleida;25186;41.94135;1.56378
Rosselló;Lleida;25189;41.69384;0.59496
Salàs de Pallars;Lleida;25190;42.21305;0.93161
Sanaüja;Lleida;25191;41.87561;1.30954
Sant Guim de Freixenet;Lleida;25192;41.65603;1.42052
Sant Llorenç de Morunys;Lleida;25193;42.13582;1.58809
Sant Ramon;Lleida;25194;41.72582;1.36441
Sant Esteve de la Sarga;Lleida;25196;42.07979;0.76421
Sant Guim de la Plana;Lleida;25197;41.76268;1.32433
Sarroca de Lleida;Lleida;25200;41.45928;0.56065
Sarroca de Bellera;Lleida;25201;42.36003;0.88092
Senterada;Lleida;25202;42.32437;0.93659
Seu d'Urgell, La;Lleida;25203;42.35758;1.45555
Seròs;Lleida;25204;41.46366;0.41075
Sidamon;Lleida;25205;41.62686;0.83297
Soleràs, El;Lleida;25206;41.41359;0.68027
Solsona;Lleida;25207;41.9927;1.51723
Soriguera;Lleida;25208;42.37041;1.18105
Sort;Lleida;25209;42.41109;1.13014
Soses;Lleida;25210;41.53399;0.48681
Sudanell;Lleida;25211;41.5561;0.56716
Sunyer;Lleida;25212;41.52351;0.59082
Talarn;Lleida;25215;42.18616;0.9
Talavera;Lleida;25216;41.58189;1.33758
Tàrrega;Lleida;25217;41.64808;1.14094
Tarrés;Lleida;25218;41.42267;1.01943
Tarroja de Segarra;Lleida;25219;41.7315;1.27616
Térmens;Lleida;25220;41.71707;0.7616
Tírvia;Lleida;25221;42.51511;1.24489
Tiurana;Lleida;25222;41.97567;1.25594
Torà;Lleida;25223;41.81054;1.40362
Torms, Els;Lleida;25224;41.39425;0.72032
Tornabous;Lleida;25225;41.69984;1.05263
Torrebesses;Lleida;25226;41.42658;0.59378
Torre de Cabdella, La;Lleida;25227;42.47354;0.99162
Torrefarrera;Lleida;25228;41.67352;0.60866
Torregrossa;Lleida;25230;41.58039;0.82926
Torrelameu;Lleida;25231;41.70436;0.704
Torres de Segre;Lleida;25232;41.53408;0.51417
Torre-serona;Lleida;25233;41.67177;0.62937
Tremp;Lleida;25234;42.16691;0.89493
Vallbona de les Monges;Lleida;25238;41.5252;1.08885
Valls de Valira, Les;Lleida;25239;42.36001;1.45936
Vallfogona de Balaguer;Lleida;25240;41.75154;0.81631
Verdú;Lleida;25242;41.60926;1.1413
Vielha e Mijaran;Lleida;25243;42.72456;0.7723
Vilagrassa;Lleida;25244;41.64888;1.10593
Vilaller;Lleida;25245;42.47697;0.71706
Vilamòs;Lleida;25247;42.7477;0.72636
Vilanova de Bellpuig;Lleida;25248;41.61339;0.96176
Vilanova de l'Aguda;Lleida;25249;41.91005;1.2521
Vilanova de Meià;Lleida;25250;41.99384;1.01972
Vilanova de Segrià;Lleida;25251;41.71238;0.61679
Vila-sana;Lleida;25252;41.66332;0.92828
Vilosell, El;Lleida;25253;41.3826;0.94713
Vilanova de la Barca;Lleida;25254;41.68988;0.72834
Vinaixa;Lleida;25255;41.42901;0.9743
Vall de Cardós;Lleida;25901;42.56244;1.2261
Sant Martí de Riucorb;Lleida;25902;41.56629;1.06819
Guingueta d'Àneu, La;Lleida;25903;42.59455;1.13185
Castell de Mur;Lleida;25904;42.10466;0.85798
Ribera d'Ondara;Lleida;25905;41.62359;1.318
Valls d'Aguilar, Les;Lleida;25906;42.28881;1.23136
Torrefeta i Florejacs;Lleida;25907;41.76371;1.26022
Fígols i Alinyà;Lleida;25908;42.19819;1.39517
Vansa i Fórnols, La;Lleida;25909;42.25269;1.5154
Josa i Tuixén;Lleida;25910;42.25459;1.6081
Plans de Sió, Els;Lleida;25911;41.71918;1.23617
Gimenells i el Pla de la Font;Lleida;25912;41.66036;0.39367
Riu de Cerdanya;Lleida;25913;42.34511;1.82591
Ábalos;La Rioja;26001;42.5723;-2.71019
Agoncillo;La Rioja;26002;42.4475;-2.29332
Aguilar del Río Alhama;La Rioja;26003;41.96252;-1.99366
Ajamil de Cameros;La Rioja;26004;42.16745;-2.48757
Albelda de Iregua;La Rioja;26005;42.35792;-2.47415
Alberite;La Rioja;26006;42.40583;-2.43826
Alcanadre;La Rioja;26007;42.405;-2.1217
Aldeanueva de Ebro;La Rioja;26008;42.22669;-1.88683
Alesanco;La Rioja;26009;42.41427;-2.81609
Alesón;La Rioja;26010;42.40603;-2.68907
Alfaro;La Rioja;26011;42.1773;-1.75023
Almarza de Cameros;La Rioja;26012;42.21586;-2.59815
Anguciana;La Rioja;26013;42.57377;-2.90075
Anguiano;La Rioja;26014;42.26282;-2.76367
Arenzana de Abajo;La Rioja;26015;42.38498;-2.722
Arenzana de Arriba;La Rioja;26016;42.38748;-2.69404
Arnedillo;La Rioja;26017;42.21138;-2.23904
Arnedo;La Rioja;26018;42.22568;-2.10208
Arrúbal;La Rioja;26019;42.43445;-2.25196
Ausejo;La Rioja;26020;42.34266;-2.16836
Autol;La Rioja;26021;42.21272;-1.99916
Azofra;La Rioja;26022;42.4234;-2.80035
Badarán;La Rioja;26023;42.36814;-2.80911
Bañares;La Rioja;26024;42.46691;-2.91073
Baños de Rioja;La Rioja;26025;42.51231;-2.94538
Baños de Río Tobía;La Rioja;26026;42.33486;-2.7618
Berceo;La Rioja;26027;42.33819;-2.8521
Bergasa;La Rioja;26028;42.25286;-2.13214
Bergasillas Bajera;La Rioja;26029;42.24483;-2.15776
Bezares;La Rioja;26030;42.37083;-2.67044
Bobadilla;La Rioja;26031;42.3183;-2.75994
Brieva de Cameros;La Rioja;26032;42.16442;-2.79323
Briñas;La Rioja;26033;42.60238;-2.8334
Briones;La Rioja;26034;42.54369;-2.78457
Cabezón de Cameros;La Rioja;26035;42.19696;-2.51917
Calahorra;La Rioja;26036;42.30736;-1.96731
Camprovín;La Rioja;26037;42.35297;-2.72449
Canales de la Sierra;La Rioja;26038;42.14122;-3.02403
Canillas de Río Tuerto;La Rioja;26039;42.39869;-2.84088
Cañas;La Rioja;26040;42.39243;-2.84587
Cárdenas;La Rioja;26041;42.37348;-2.76616
Casalarreina;La Rioja;26042;42.54711;-2.91385
Castañares de Rioja;La Rioja;26043;42.51174;-2.93195
Castroviejo;La Rioja;26044;42.32956;-2.66081
Cellorigo;La Rioja;26045;42.6272;-2.99975
Cenicero;La Rioja;26046;42.48127;-2.64202
Cervera del Río Alhama;La Rioja;26047;42.00591;-1.95513
Cidamón;La Rioja;26048;42.495;-2.8786
Cihuri;La Rioja;26049;42.56466;-2.92197
Cirueña;La Rioja;26050;42.41174;-2.89607
Clavijo;La Rioja;26051;42.34796;-2.42643
Cordovín;La Rioja;26052;42.38522;-2.81409
Corera;La Rioja;26053;42.34356;-2.22
Cornago;La Rioja;26054;42.06466;-2.09656
Corporales;La Rioja;26055;42.43191;-2.99537
Cuzcurrita de Río Tirón;La Rioja;26056;42.54265;-2.9631
Daroca de Rioja;La Rioja;26057;42.37095;-2.58191
Enciso;La Rioja;26058;42.14912;-2.26858
Entrena;La Rioja;26059;42.38819;-2.53067
Estollo;La Rioja;26060;42.32835;-2.8521
Ezcaray;La Rioja;26061;42.32607;-3.01382
Foncea;La Rioja;26062;42.61518;-3.03853
Fonzaleche;La Rioja;26063;42.58193;-3.01194
Fuenmayor;La Rioja;26064;42.46678;-2.56257
Galbárruli;La Rioja;26065;42.62225;-2.96131
Galilea;La Rioja;26066;42.34778;-2.23648
Gallinero de Cameros;La Rioja;26067;42.17224;-2.618
Gimileo;La Rioja;26068;42.5497;-2.8225
Grañón;La Rioja;26069;42.44919;-3.02695
Grávalos;La Rioja;26070;42.10841;-1.99978
Haro;La Rioja;26071;42.57687;-2.85023
Herce;La Rioja;26072;42.214;-2.16651
Herramélluri;La Rioja;26073;42.50334;-3.01945
Hervías;La Rioja;26074;42.44788;-2.88702
Hormilla;La Rioja;26075;42.43777;-2.77425
Hormilleja;La Rioja;26076;42.45533;-2.73257
Hornillos de Cameros;La Rioja;26077;42.21052;-2.41871
Hornos de Moncalvillo;La Rioja;26078;42.39122;-2.58483
Huércanos;La Rioja;26079;42.42894;-2.69543
Igea;La Rioja;26080;42.06899;-2.00987
Jalón de Cameros;La Rioja;26081;42.21825;-2.48978
Laguna de Cameros;La Rioja;26082;42.1755;-2.54146
Lagunilla del Jubera;La Rioja;26083;42.33412;-2.32167
Lardero;La Rioja;26084;42.4277;-2.46165
Ledesma de la Cogolla;La Rioja;26086;42.32022;-2.71796
Leiva;La Rioja;26087;42.50262;-3.04698
Leza de Río Leza;La Rioja;26088;42.32902;-2.40574
Logroño;La Rioja;26089;42.46272;-2.44499
Lumbreras de Cameros;La Rioja;26091;42.10486;-2.62234
Manjarrés;La Rioja;26092;42.3916;-2.6754
Mansilla de la Sierra;La Rioja;26093;42.15356;-2.94444
Manzanares de Rioja;La Rioja;26094;42.3949;-2.89451
Matute;La Rioja;26095;42.29774;-2.79603
Medrano;La Rioja;26096;42.38328;-2.55509
Munilla;La Rioja;26098;42.18807;-2.29567
Murillo de Río Leza;La Rioja;26099;42.39981;-2.32465
Muro de Aguas;La Rioja;26100;42.13359;-2.11128
Muro en Cameros;La Rioja;26101;42.22467;-2.52951
Nájera;La Rioja;26102;42.41674;-2.72946
Nalda;La Rioja;26103;42.33437;-2.487
Navajún;La Rioja;26104;41.96529;-2.09932
Navarrete;La Rioja;26105;42.42981;-2.56196
Nestares;La Rioja;26106;42.26989;-2.61955
Nieva de Cameros;La Rioja;26107;42.21859;-2.66702
Ocón;La Rioja;26108;42.29877;-2.24392
Ochánduri;La Rioja;26109;42.52583;-3.00319
Ojacastro;La Rioja;26110;42.34661;-3.00444
Ollauri;La Rioja;26111;42.54176;-2.83403
Ortigosa de Cameros;La Rioja;26112;42.1767;-2.70522
Pazuengos;La Rioja;26113;42.31789;-2.92571
Pedroso;La Rioja;26114;42.29962;-2.71765
Pinillos;La Rioja;26115;42.19921;-2.59815
Pradejón;La Rioja;26117;42.33342;-2.06897
Pradillo;La Rioja;26118;42.17727;-2.64095
Préjano;La Rioja;26119;42.18662;-2.18003
Quel;La Rioja;26120;42.2289;-2.04975
Rabanera;La Rioja;26121;42.18903;-2.487
Rasillo de Cameros, El;La Rioja;26122;42.19601;-2.69714
Redal, El;La Rioja;26123;36.95387;-2.49226
Ribafrecha;La Rioja;26124;42.35698;-2.38848
Rincón de Soto;La Rioja;26125;42.22981;-1.85644
Robres del Castillo;La Rioja;26126;42.27442;-2.29198
Rodezno;La Rioja;26127;42.52493;-2.84587
Sajazarra;La Rioja;26128;42.58815;-2.96068
San Asensio;La Rioja;26129;42.49725;-2.74936
San Millán de la Cogolla;La Rioja;26130;42.32804;-2.86457
San Millán de Yécora;La Rioja;26131;42.54694;-3.09614
San Román de Cameros;La Rioja;26132;42.23307;-2.47402
Santa Coloma;La Rioja;26134;42.36749;-2.65554
Santa Engracia del Jubera;La Rioja;26135;42.30083;-2.29167
Santa Eulalia Bajera;La Rioja;26136;42.21014;-2.19139
Santo Domingo de la Calzada;La Rioja;26138;42.43694;-2.95506
San Torcuato;La Rioja;26139;42.48216;-2.88951
Santurde de Rioja;La Rioja;26140;42.39012;-2.97983
Santurdejo;La Rioja;26141;42.3762;-2.95319
San Vicente de la Sonsierra;La Rioja;26142;42.56317;-2.75931
Sojuela;La Rioja;26143;42.37121;-2.54518
Sorzano;La Rioja;26144;42.34269;-2.52846
Sotés;La Rioja;26145;42.3994;-2.60342
Soto en Cameros;La Rioja;26146;42.28577;-2.42604
Terroba;La Rioja;26147;42.25804;-2.44465
Tirgo;La Rioja;26148;42.54559;-2.94944
Tobía;La Rioja;26149;42.29868;-2.81456
Tormantos;La Rioja;26150;42.49362;-3.07421
Torrecilla en Cameros;La Rioja;26151;42.25609;-2.63071
Torrecilla sobre Alesanco;La Rioja;26152;42.40863;-2.83339
Torre en Cameros;La Rioja;26153;42.24136;-2.51794
Torremontalbo;La Rioja;26154;42.50151;-2.68565
Treviana;La Rioja;26155;42.55764;-3.05073
Tricio;La Rioja;26157;42.4023;-2.71703
Tudelilla;La Rioja;26158;42.29932;-2.1168
Uruñuela;La Rioja;26160;42.44428;-2.70709
Valdemadera;La Rioja;26161;41.98432;-2.07418
Valgañón;La Rioja;26162;42.31667;-3.06701
Ventosa;La Rioja;26163;42.4038;-2.62575
Ventrosa;La Rioja;26164;42.15746;-2.85054
Viguera;La Rioja;26165;42.30844;-2.53372
Villalba de Rioja;La Rioja;26166;42.60961;-2.88702
Villalobar de Rioja;La Rioja;26167;42.49003;-2.96568
Villamediana de Iregua;La Rioja;26168;42.42613;-2.41964
Villanueva de Cameros;La Rioja;26169;42.1678;-2.65026
Villar de Arnedo, El;La Rioja;26170;42.13638;-2.24211
Villar de Torre;La Rioja;26171;42.37107;-2.86457
Villarejo;La Rioja;26172;42.37327;-2.88733
Villarroya;La Rioja;26173;42.1316;-2.06805
Villarta-Quintana;La Rioja;26174;42.40261;-3.0476
Villavelayo;La Rioja;26175;42.13151;-2.98568
Villaverde de Rioja;La Rioja;26176;42.32107;-2.81067
Villoslada de Cameros;La Rioja;26177;42.11201;-2.67416
Viniegra de Abajo;La Rioja;26178;42.15188;-2.88889
Viniegra de Arriba;La Rioja;26179;42.09493;-2.83309
Zarratón;La Rioja;26180;42.51671;-2.88078
Zarzosa;La Rioja;26181;42.18127;-2.3422
Zorraquín;La Rioja;26183;42.32575;-3.0379
Abadín;Lugo;27001;43.36666;-7.48333
Alfoz;Lugo;27002;43.52817;-7.41444
Antas de Ulla;Lugo;27003;42.78225;-7.89108
Baleira;Lugo;27004;43.00167;-7.23917
Barreiros;Lugo;27005;43.53333;-7.23333
Becerreá;Lugo;27006;42.85341;-7.16215
Begonte;Lugo;27007;43.14534;-7.6802
Bóveda;Lugo;27008;42.62622;-7.47933
Carballedo;Lugo;27009;42.51667;-7.83333
Castro de Rei;Lugo;27010;43.20859;-7.40037
Castroverde;Lugo;27011;43.03097;-7.3271
Cervantes;Lugo;27012;42.86984;-7.06007
Cervo;Lugo;27013;43.68209;-7.44769
Corgo, O;Lugo;27014;42.94278;-7.43021
Cospeito;Lugo;27015;43.23597;-7.55882
Chantada;Lugo;27016;42.60867;-7.77347
Folgoso do Courel;Lugo;27017;42.58882;-7.19547
Fonsagrada, A;Lugo;27018;43.12471;-7.06886
Foz;Lugo;27019;43.56639;-7.25667
Friol;Lugo;27020;43.02889;-7.79354
Xermade;Lugo;27021;43.35552;-7.81355
Guitiriz;Lugo;27022;43.18174;-7.90018
Guntín;Lugo;27023;42.88778;-7.69722
Incio, O;Lugo;27024;42.65662;-7.36304
Xove;Lugo;27025;43.68557;-7.51242
Láncara;Lugo;27026;42.86206;-7.34824
Lourenzá;Lugo;27027;43.4711;-7.29789
Lugo;Lugo;27028;43.01208;-7.55585
Meira;Lugo;27029;43.2131;-7.29494
Mondoñedo;Lugo;27030;43.4281;-7.36285
Monforte de Lemos;Lugo;27031;42.5185;-7.51069
Monterroso;Lugo;27032;42.79319;-7.83653
Muras;Lugo;27033;43.46788;-7.723
Navia de Suarna;Lugo;27034;42.96486;-7.00387
Negueira de Muñiz;Lugo;27035;43.13335;-6.89302
Nogais, As;Lugo;27037;42.80922;-7.109
Ourol;Lugo;27038;43.55678;-7.63611
Outeiro de Rei;Lugo;27039;43.10213;-7.61517
Palas de Rei;Lugo;27040;42.87424;-7.86891
Pantón;Lugo;27041;42.51667;-7.6
Paradela;Lugo;27042;42.76667;-7.6
Páramo, O;Lugo;27043;42.95017;-7.29446
Pastoriza, A;Lugo;27044;43.30053;-7.3509
Pedrafita do Cebreiro;Lugo;27045;42.72624;-7.02123
Pol;Lugo;27046;43.15272;-7.33005
Pobra do Brollón, A;Lugo;27047;42.55731;-7.39327
Pontenova, A;Lugo;27048;42.84784;-8.02496
Portomarín;Lugo;27049;42.80775;-7.61552
Quiroga;Lugo;27050;42.47597;-7.27172
Ribadeo;Lugo;27051;43.53735;-7.04303
Ribas de Sil;Lugo;27052;42.44611;-7.29766
Ribeira de Piquín;Lugo;27053;43.19055;-7.1898
Riotorto;Lugo;27054;43.35972;-7.25444
Samos;Lugo;27055;42.73054;-7.32529
Rábade;Lugo;27056;43.12088;-7.62182
Sarria;Lugo;27057;42.77766;-7.41447
Saviñao, O;Lugo;27058;42.64709;-7.65481
Sober;Lugo;27059;42.46107;-7.58634
Taboada;Lugo;27060;42.71615;-7.7629
Trabada;Lugo;27061;43.44833;-7.19459
Triacastela;Lugo;27062;42.75665;-7.24044
Valadouro, O;Lugo;27063;43.55047;-7.44112
Vicedo, O;Lugo;27064;43.73324;-7.67399
Vilalba;Lugo;27065;43.29541;-7.68441
Viveiro;Lugo;27066;43.66143;-7.59453
Baralla;Lugo;27901;42.89286;-7.25313
Burela;Lugo;27902;43.65594;-7.36351
Acebeda, La;Madrid;28001;40.34056;-3.717
Ajalvir;Madrid;28002;40.53027;-3.48392
Alameda del Valle;Madrid;28003;40.91879;-3.8439
Álamo, El;Madrid;28004;40.23121;-3.99422
Alcalá de Henares;Madrid;28005;40.48198;-3.36354
Alcobendas;Madrid;28006;40.53725;-3.63722
Alcorcón;Madrid;28007;40.34685;-3.82784
Aldea del Fresno;Madrid;28008;40.32088;-4.19874
Algete;Madrid;28009;40.59646;-3.50165
Alpedrete;Madrid;28010;40.66216;-4.03117
Ambite;Madrid;28011;40.32837;-3.18236
Anchuelo;Madrid;28012;40.46473;-3.26905
Aranjuez;Madrid;28013;40.0305;-3.60405
Arganda del Rey;Madrid;28014;40.30645;-3.44791
Arroyomolinos;Madrid;28015;40.27833;-3.92155
Atazar, El;Madrid;28016;40.39885;-3.68614
Batres;Madrid;28017;40.20981;-3.91996
Becerril de la Sierra;Madrid;28018;40.71025;-3.9955
Belmonte de Tajo;Madrid;28019;40.13443;-3.33763
Berzosa del Lozoya;Madrid;28020;40.97555;-3.52367
Berrueco, El;Madrid;28021;40.88931;-3.56292
Boadilla del Monte;Madrid;28022;40.41228;-3.88877
Boalo, El;Madrid;28023;40.36599;-3.61611
Braojos;Madrid;28024;41.04026;-3.643
Brea de Tajo;Madrid;28025;40.22957;-3.10961
Brunete;Madrid;28026;40.40431;-3.99932
Buitrago del Lozoya;Madrid;28027;40.98982;-3.63831
Bustarviejo;Madrid;28028;40.85757;-3.70924
Cabanillas de la Sierra;Madrid;28029;40.81879;-3.62467
Cabrera, La;Madrid;28030;40.47253;-3.72044
Cadalso de los Vidrios;Madrid;28031;40.30159;-4.44265
Camarma de Esteruelas;Madrid;28032;40.54741;-3.37669
Campo Real;Madrid;28033;40.339;-3.38332
Canencia;Madrid;28034;40.90707;-3.7397
Carabaña;Madrid;28035;40.2567;-3.23762
Casarrubuelos;Madrid;28036;40.17094;-3.83182
Cenicientos;Madrid;28037;40.26247;-4.46581
Cercedilla;Madrid;28038;40.74065;-4.05685
Cervera de Buitrago;Madrid;28039;40.92186;-3.53004
Ciempozuelos;Madrid;28040;40.15796;-3.61925
Cobeña;Madrid;28041;40.56834;-3.50408
Colmenar del Arroyo;Madrid;28042;40.41761;-4.19874
Colmenar de Oreja;Madrid;28043;40.10988;-3.39055
Colmenarejo;Madrid;28044;40.56094;-4.01675
Colmenar Viejo;Madrid;28045;40.66265;-3.77105
Collado Mediano;Madrid;28046;40.69513;-4.02995
Collado Villalba;Madrid;28047;40.63088;-4.00556
Corpa;Madrid;28048;40.42544;-3.26402
Coslada;Madrid;28049;40.42605;-3.56516
Cubas de la Sagra;Madrid;28050;40.19151;-3.83722
Chapinería;Madrid;28051;40.37898;-4.21155
Chinchón;Madrid;28052;40.14027;-3.42217
Daganzo de Arriba;Madrid;28053;40.54503;-3.45741
Escorial, El;Madrid;28054;40.42412;-3.70377
Estremera;Madrid;28055;40.18365;-3.1071
Fresnedillas de la Oliva;Madrid;28056;40.4864;-4.17223
Fresno de Torote;Madrid;28057;40.59238;-3.4123
Fuenlabrada;Madrid;28058;40.29021;-3.80355
Fuente el Saz de Jarama;Madrid;28059;40.63521;-3.51079
Fuentidueña de Tajo;Madrid;28060;40.1189;-3.16165
Galapagar;Madrid;28061;40.57684;-4.0058
Garganta de los Montes;Madrid;28062;40.92204;-3.68578
Gargantilla del Lozoya y Pinilla de Buitrago;Madrid;28063;40.96483;-3.70797
Gascones;Madrid;28064;41.01827;-3.64173
Getafe;Madrid;28065;40.30825;-3.73239
Griñón;Madrid;28066;40.21461;-3.85694
Guadalix de la Sierra;Madrid;28067;40.786;-3.69529
Guadarrama;Madrid;28068;40.67318;-4.08755
Hiruela, La;Madrid;28069;40.47224;-3.71886
Horcajo de la Sierra-Aoslos;Madrid;28070;41.05513;-3.59679
Horcajuelo de la Sierra;Madrid;28071;41.06026;-3.54617
Hoyo de Manzanares;Madrid;28072;40.62264;-3.90827
Humanes de Madrid;Madrid;28073;40.26396;-3.8172
Leganés;Madrid;28074;40.33195;-3.76865
Loeches;Madrid;28075;40.38348;-3.41703
Lozoya;Madrid;28076;40.95533;-3.797
Madarcos;Madrid;28078;41.04767;-3.58206
Madrid;Madrid;28079;40.41678;-3.70379
Majadahonda;Madrid;28080;40.47376;-3.86831
Manzanares el Real;Madrid;28082;40.72629;-3.86469
Meco;Madrid;28083;40.55395;-3.3263
Mejorada del Campo;Madrid;28084;40.39665;-3.48771
Miraflores de la Sierra;Madrid;28085;40.81404;-3.76637
Molar, El;Madrid;28086;40.45272;-3.70687
Molinos, Los;Madrid;28087;40.45797;-3.70329
Montejo de la Sierra;Madrid;28088;41.05951;-3.52973
Moraleja de Enmedio;Madrid;28089;40.25962;-3.86068
Moralzarzal;Madrid;28090;40.67635;-3.97049
Morata de Tajuña;Madrid;28091;40.2299;-3.43721
Móstoles;Madrid;28092;40.32321;-3.86763
Navacerrada;Madrid;28093;40.72857;-4.01464
Navalafuente;Madrid;28094;40.82334;-3.67484
Navalagamella;Madrid;28095;40.46851;-4.12222
Navalcarnero;Madrid;28096;40.2856;-4.01665
Navarredonda y San Mamés;Madrid;28097;40.99065;-3.72603
Navas del Rey;Madrid;28099;40.38775;-4.25
Nuevo Baztán;Madrid;28100;40.3665;-3.24359
Olmeda de las Fuentes;Madrid;28101;40.36935;-3.22129
Orusco de Tajuña;Madrid;28102;40.28364;-3.20936
Paracuellos de Jarama;Madrid;28104;40.5056;-3.53021
Parla;Madrid;28106;40.23237;-3.76891
Patones;Madrid;28107;40.85447;-3.48392
Pedrezuela;Madrid;28108;40.74465;-3.60279
Pelayos de la Presa;Madrid;28109;40.35882;-4.3345
Perales de Tajuña;Madrid;28110;40.23241;-3.35149
Pezuela de las Torres;Madrid;28111;40.41897;-3.17608
Pinilla del Valle;Madrid;28112;40.9265;-3.82037
Pinto;Madrid;28113;40.23751;-3.69677
Piñuécar-Gandullas;Madrid;28114;41.02881;-3.59646
Pozuelo de Alarcón;Madrid;28115;40.444;-3.80565
Pozuelo del Rey;Madrid;28116;40.36654;-3.32064
Prádena del Rincón;Madrid;28117;41.04407;-3.54047
Puebla de la Sierra;Madrid;28118;41.0117;-3.4451
Quijorna;Madrid;28119;40.42902;-4.05677
Rascafría;Madrid;28120;40.90498;-3.87953
Redueña;Madrid;28121;40.81632;-3.60327
Ribatejada;Madrid;28122;40.66743;-3.39307
Rivas-Vaciamadrid;Madrid;28123;40.35191;-3.53573
Robledillo de la Jara;Madrid;28124;40.95258;-3.5253
Robledo de Chavela;Madrid;28125;40.50501;-4.23452
Robregordo;Madrid;28126;41.10675;-3.59345
Rozas de Madrid, Las;Madrid;28127;40.30924;-4.49221
Rozas de Puerto Real;Madrid;28128;40.30924;-4.49221
San Agustín del Guadalix;Madrid;28129;40.68097;-3.61545
San Fernando de Henares;Madrid;28130;40.4256;-3.53187
San Lorenzo de El Escorial;Madrid;28131;40.59324;-4.14757
San Martín de la Vega;Madrid;28132;40.2103;-3.57874
San Martín de Valdeiglesias;Madrid;28133;40.36356;-4.4035
San Sebastián de los Reyes;Madrid;28134;40.55897;-3.6262
Santa María de la Alameda;Madrid;28135;40.59633;-4.25961
Santorcaz;Madrid;28136;40.47207;-3.23385
Santos de la Humosa, Los;Madrid;28137;40.47294;-3.64942
Serna del Monte, La;Madrid;28138;40.47244;-3.71966
Serranillos del Valle;Madrid;28140;40.20562;-3.88335
Sevilla la Nueva;Madrid;28141;40.34733;-4.0274
Somosierra;Madrid;28143;41.133;-3.58241
Soto del Real;Madrid;28144;40.75286;-3.78161
Talamanca de Jarama;Madrid;28145;40.74517;-3.51115
Tielmes;Madrid;28146;40.24757;-3.31245
Titulcia;Madrid;28147;40.13776;-3.56988
Torrejón de Ardoz;Madrid;28148;40.45676;-3.4755
Torrejón de la Calzada;Madrid;28149;40.19695;-3.79813
Torrejón de Velasco;Madrid;28150;40.18748;-3.77526
Torrelaguna;Madrid;28151;40.82752;-3.53953
Torrelodones;Madrid;28152;40.57661;-3.92936
Torremocha de Jarama;Madrid;28153;40.84215;-3.49466
Torres de la Alameda;Madrid;28154;40.40547;-3.36156
Valdaracete;Madrid;28155;40.21065;-3.19491
Valdeavero;Madrid;28156;40.63362;-3.33511
Valdelaguna;Madrid;28157;40.16169;-3.36786
Valdemanco;Madrid;28158;40.8723;-3.66296
Valdemaqueda;Madrid;28159;40.51047;-4.29746
Valdemorillo;Madrid;28160;40.48829;-4.03378
Valdemoro;Madrid;28161;40.19124;-3.67402
Valdeolmos-Alalpardo;Madrid;28162;40.64108;-3.45302
Valdepiélagos;Madrid;28163;40.76086;-3.46561
Valdetorres de Jarama;Madrid;28164;40.69552;-3.51298
Valdilecha;Madrid;28165;40.29378;-3.30239
Valverde de Alcalá;Madrid;28166;40.41904;-3.29893
Velilla de San Antonio;Madrid;28167;40.36996;-3.48645
Vellón, El;Madrid;28168;40.47867;-3.73413
Venturada;Madrid;28169;40.79905;-3.62241
Villaconejos;Madrid;28170;40.10448;-3.48645
Villa del Prado;Madrid;28171;40.27744;-4.30483
Villalbilla;Madrid;28172;40.43296;-3.30056
Villamanrique de Tajo;Madrid;28173;40.06813;-3.23951
Villamanta;Madrid;28174;40.2986;-4.10917
Villamantilla;Madrid;28175;40.3418;-4.13027
Villanueva de la Cañada;Madrid;28176;40.44811;-3.99756
Villanueva del Pardillo;Madrid;28177;40.49321;-3.96489
Villanueva de Perales;Madrid;28178;40.34535;-4.10213
Villar del Olmo;Madrid;28179;40.33613;-3.23605
Villarejo de Salvanés;Madrid;28180;40.16815;-3.27597
Villaviciosa de Odón;Madrid;28181;40.36268;-3.91391
Villavieja del Lozoya;Madrid;28182;41.00634;-3.67111
Zarzalejo;Madrid;28183;40.54034;-4.15969
Lozoyuela-Navas-Sieteiglesias;Madrid;28901;40.9124;-3.61165
Puentes Viejas;Madrid;28902;40.96498;-3.5832
Tres Cantos;Madrid;28903;40.60073;-3.70797
Alameda;Málaga;29001;37.20783;-4.65807
Alcaucín;Málaga;29002;36.90263;-4.11415
Alfarnate;Málaga;29003;36.99511;-4.26066
Alfarnatejo;Málaga;29004;36.97935;-4.27253
Algarrobo;Málaga;29005;36.77216;-4.03931
Algatocín;Málaga;29006;36.57289;-5.27656
Alhaurín de la Torre;Málaga;29007;36.66836;-4.55297
Alhaurín el Grande;Málaga;29008;36.64186;-4.69145
Almáchar;Málaga;29009;36.80859;-4.21741
Almargen;Málaga;29010;37.00392;-5.02119
Almogía;Málaga;29011;36.82528;-4.54072
Álora;Málaga;29012;36.82264;-4.70671
Alozaina;Málaga;29013;36.72768;-4.85646
Alpandeire;Málaga;29014;36.63317;-5.20224
Antequera;Málaga;29015;37.01938;-4.56288
Árchez;Málaga;29016;36.83739;-3.99019
Archidona;Málaga;29017;37.09481;-4.38755
Ardales;Málaga;29018;36.87798;-4.84664
Arenas;Málaga;29019;36.81469;-4.04372
Arriate;Málaga;29020;36.79936;-5.14006
Atajate;Málaga;29021;36.63999;-5.24518
Benadalid;Málaga;29022;36.60577;-5.26894
Benahavís;Málaga;29023;36.52446;-5.04631
Benalauría;Málaga;29024;36.59402;-5.26116
Benalmádena;Málaga;29025;36.59523;-4.57337
Benamargosa;Málaga;29026;36.83208;-4.19239
Benamocarra;Málaga;29027;36.7912;-4.15997
Benaoján;Málaga;29028;36.71874;-5.25315
Benarrabá;Málaga;29029;36.55169;-5.27683
Borge, El;Málaga;29030;36.74111;-4.4202
Burgo, El;Málaga;29031;36.78993;-4.94641
Campillos;Málaga;29032;37.04541;-4.86153
Canillas de Aceituno;Málaga;29033;36.87345;-4.08204
Canillas de Albaida;Málaga;29034;36.84607;-3.98759
Cañete la Real;Málaga;29035;36.95146;-5.02431
Carratraca;Málaga;29036;36.85158;-4.81824
Cartajima;Málaga;29037;36.6454;-5.15393
Cártama;Málaga;29038;36.71131;-4.63074
Casabermeja;Málaga;29039;36.89404;-4.42898
Casarabonela;Málaga;29040;36.78524;-4.84217
Casares;Málaga;29041;36.44333;-5.27352
Coín;Málaga;29042;36.65871;-4.76034
Colmenar;Málaga;29043;36.90502;-4.33521
Comares;Málaga;29044;36.84872;-4.24706
Cómpeta;Málaga;29045;36.833;-3.97487
Cortes de la Frontera;Málaga;29046;36.61691;-5.34268
Cuevas Bajas;Málaga;29047;37.23587;-4.48964
Cuevas del Becerro;Málaga;29048;36.87637;-5.04573
Cuevas de San Marcos;Málaga;29049;37.26963;-4.41408
Cútar;Málaga;29050;36.83069;-4.22801
Estepona;Málaga;29051;36.42477;-5.1449
Faraján;Málaga;29052;36.6162;-5.18915
Frigiliana;Málaga;29053;36.79252;-3.89808
Fuengirola;Málaga;29054;36.53901;-4.62435
Fuente de Piedra;Málaga;29055;37.13463;-4.72966
Gaucín;Málaga;29056;36.5183;-5.31752
Genalguacil;Málaga;29057;36.54427;-5.23588
Guaro;Málaga;29058;36.65645;-4.83336
Humilladero;Málaga;29059;37.11469;-4.70346
Igualeja;Málaga;29060;36.63033;-5.12246
Istán;Málaga;29061;36.58216;-4.9494
Iznate;Málaga;29062;36.77612;-4.18356
Jimera de Líbar;Málaga;29063;36.65202;-5.27346
Jubrique;Málaga;29064;36.56432;-5.21525
Júzcar;Málaga;29065;36.62506;-5.17082
Macharaviaya;Málaga;29066;36.76239;-4.21398
Málaga;Málaga;29067;36.71965;-4.42002
Manilva;Málaga;29068;36.37706;-5.24927
Marbella;Málaga;29069;36.50994;-4.88635
Mijas;Málaga;29070;36.5957;-4.63762
Moclinejo;Málaga;29071;36.7712;-4.254
Mollina;Málaga;29072;37.12564;-4.65711
Monda;Málaga;29073;36.63018;-4.83112
Montejaque;Málaga;29074;36.73365;-5.25138
Nerja;Málaga;29075;36.74503;-3.87665
Ojén;Málaga;29076;36.56424;-4.85649
Parauta;Málaga;29077;36.65533;-5.12963
Periana;Málaga;29079;36.92694;-4.1873
Pizarra;Málaga;29080;36.76717;-4.70746
Pujerra;Málaga;29081;36.6127;-5.14942
Rincón de la Victoria;Málaga;29082;36.71566;-4.2755
Riogordo;Málaga;29083;36.91491;-4.29362
Ronda;Málaga;29084;36.74196;-5.16641
Salares;Málaga;29085;36.85496;-4.02439
Sayalonga;Málaga;29086;36.79799;-4.0119
Sedella;Málaga;29087;36.86289;-4.03307
Sierra de Yeguas;Málaga;29088;37.12461;-4.86874
Teba;Málaga;29089;36.98348;-4.92027
Tolox;Málaga;29090;36.68674;-4.90468
Torrox;Málaga;29091;36.75845;-3.95262
Totalán;Málaga;29092;36.76529;-4.29704
Valle de Abdalajís;Málaga;29093;36.93133;-4.68271
Vélez-Málaga;Málaga;29094;36.77864;-4.10067
Villanueva de Algaidas;Málaga;29095;37.18628;-4.45084
Villanueva del Rosario;Málaga;29096;36.99622;-4.36431
Villanueva del Trabuco;Málaga;29097;37.02825;-4.33839
Villanueva de Tapia;Málaga;29098;37.18035;-4.33598
Viñuela;Málaga;29099;36.8628;-4.14133
Yunquera;Málaga;29100;36.73168;-4.92087
Torremolinos;Málaga;29901;36.62179;-4.50027
Villanueva de la Concepción;Málaga;29902;36.93038;-4.53086
Montecorto;Málaga;29903;;
Serrato;Málaga;29904;;
Abanilla;Murcia;30001;38.20518;-1.04066
Abarán;Murcia;30002;38.20409;-1.4012
Águilas;Murcia;30003;37.41176;-1.58277
Albudeite;Murcia;30004;38.02789;-1.38612
Alcantarilla;Murcia;30005;37.96952;-1.21934
Aledo;Murcia;30006;37.79499;-1.57355
Alguazas;Murcia;30007;38.05257;-1.2494
Alhama de Murcia;Murcia;30008;37.8493;-1.42294
Archena;Murcia;30009;38.11677;-1.30114
Beniel;Murcia;30010;38.04631;-1.00187
Blanca;Murcia;30011;38.17806;-1.36983
Bullas;Murcia;30012;38.04334;-1.67364
Calasparra;Murcia;30013;38.22915;-1.70159
Campos del Río;Murcia;30014;38.04084;-1.35295
Caravaca de la Cruz;Murcia;30015;38.10419;-1.86092
Cartagena;Murcia;30016;37.62568;-0.99658
Cehegín;Murcia;30017;38.09313;-1.79406
Ceutí;Murcia;30018;38.08009;-1.27225
Cieza;Murcia;30019;38.24209;-1.42173
Fortuna;Murcia;30020;38.18066;-1.12451
Fuente Álamo de Murcia;Murcia;30021;37.72152;-1.17269
Jumilla;Murcia;30022;38.47635;-1.32219
Librilla;Murcia;30023;37.88722;-1.35536
Lorca;Murcia;30024;37.67359;-1.69684
Lorquí;Murcia;30025;38.08163;-1.2518
Mazarrón;Murcia;30026;37.59582;-1.31474
Molina de Segura;Murcia;30027;38.05168;-1.20733
Moratalla;Murcia;30028;38.18932;-1.89161
Mula;Murcia;30029;38.03971;-1.49217
Murcia;Murcia;30030;37.97479;-1.13152
Ojós;Murcia;30031;38.14768;-1.3424
Pliego;Murcia;30032;37.98872;-1.50513
Puerto Lumbreras;Murcia;30033;37.5623;-1.80868
Ricote;Murcia;30034;38.15369;-1.36561
San Javier;Murcia;30035;37.80547;-0.83793
San Pedro del Pinatar;Murcia;30036;37.83547;-0.79131
Torre-Pacheco;Murcia;30037;37.74424;-0.95363
Torres de Cotillas, Las;Murcia;30038;38.0275;-1.24338
Totana;Murcia;30039;37.77007;-1.49908
Ulea;Murcia;30040;38.14006;-1.32975
Unión, La;Murcia;30041;37.61556;-0.87535
Villanueva del Río Segura;Murcia;30042;38.13567;-1.32463
Yecla;Murcia;30043;38.61221;-1.11011
Santomera;Murcia;30901;38.06244;-1.05023
Alcázares, Los;Murcia;30902;37.75051;-0.84767
Abáigar;Navarra;31001;42.64792;-2.14196
Abárzuza/Abartzuza;Navarra;31002;42.72685;-2.02166
Abaurregaina/Abaurrea Alta;Navarra;31003;42.90308;-1.21033
Abaurrepea/Abaurrea Baja;Navarra;31004;42.90982;-1.21721
Aberin;Navarra;31005;42.61947;-2.00743
Ablitas;Navarra;31006;41.97614;-1.64086
Adiós;Navarra;31007;42.68655;-1.73624
Aguilar de Codés;Navarra;31008;42.61275;-2.39031
Aibar/Oibar;Navarra;31009;42.59314;-1.36019
Altsasu/Alsasua;Navarra;31010;42.89563;-2.17081
Allín/Allin;Navarra;31011;42.70855;-2.07674
Allo;Navarra;31012;42.56632;-2.01875
Améscoa Baja;Navarra;31013;42.77604;-2.11557
Ancín/Antzin;Navarra;31014;42.65974;-2.1892
Andosilla;Navarra;31015;42.37616;-1.94535
Ansoáin/Antsoain;Navarra;31016;42.83376;-1.64328
Anue;Navarra;31017;42.97934;-1.5887
Añorbe;Navarra;31018;42.65939;-1.71374
Aoiz/Agoitz;Navarra;31019;42.78608;-1.37097
Araitz;Navarra;31020;43.05067;-1.99794
Aranarache/Aranaratxe;Navarra;31021;42.77927;-2.2282
Arantza;Navarra;31022;43.19625;-1.72529
Aranguren;Navarra;31023;42.78917;-1.53611
Arano;Navarra;31024;43.19977;-1.89512
Arakil;Navarra;31025;42.91689;-1.8611
Aras;Navarra;31026;42.56174;-2.35607
Arbizu;Navarra;31027;42.91591;-2.03928
Arce/Artzi;Navarra;31028;42.87538;-1.34692
Arcos, Los;Navarra;31029;42.56849;-2.19165
Arellano;Navarra;31030;42.60563;-2.0463
Areso;Navarra;31031;43.0812;-1.95085
Arguedas;Navarra;31032;42.17593;-1.59695
Aria;Navarra;31033;42.95326;-1.26654
Aribe;Navarra;31034;42.94312;-1.26248
Armañanzas;Navarra;31035;42.55981;-2.28489
Arróniz;Navarra;31036;42.5895;-2.09226
Arruazu;Navarra;31037;42.92216;-2.00008
Artajona;Navarra;31038;42.58764;-1.76484
Artazu;Navarra;31039;42.69198;-1.83945
Atetz;Navarra;31040;42.9398;-1.70941
Ayegui/Aiegi;Navarra;31041;42.65708;-2.03861
Azagra;Navarra;31042;42.30975;-1.89497
Azuelo;Navarra;31043;42.6087;-2.34959
Bakaiku;Navarra;31044;42.89143;-2.10269
Barásoain;Navarra;31045;42.6041;-1.64571
Barbarin;Navarra;31046;42.60218;-2.10146
Bargota;Navarra;31047;42.56142;-2.31169
Barillas;Navarra;31048;41.9715;-1.6621
Basaburua;Navarra;31049;43.02523;-1.77336
Baztan;Navarra;31050;43.20388;-1.48215
Beire;Navarra;31051;42.45429;-1.62083
Belascoáin;Navarra;31052;42.74683;-1.82696
Berbinzana;Navarra;31053;42.52715;-1.83366
Bertizarana;Navarra;31054;43.13411;-1.62751
Betelu;Navarra;31055;43.02369;-1.97898
Biurrun-Olcoz;Navarra;31056;42.69043;-1.68093
Buñuel;Navarra;31057;41.97877;-1.44468
Auritz/Burguete;Navarra;31058;42.99047;-1.33547
Burgui/Burgi;Navarra;31059;42.72095;-1.00298
Burlada/Burlata;Navarra;31060;42.82648;-1.61563
Busto, El;Navarra;31061;42.55939;-2.23894
Cabanillas;Navarra;31062;42.03222;-1.52449
Cabredo;Navarra;31063;42.62908;-2.41408
Cadreita;Navarra;31064;42.21765;-1.69186
Caparroso;Navarra;31065;42.34145;-1.64814
Cárcar;Navarra;31066;42.3922;-1.97775
Carcastillo;Navarra;31067;42.37865;-1.44226
Cascante;Navarra;31068;41.99862;-1.67902
Cáseda;Navarra;31069;42.52444;-1.36742
Castejón;Navarra;31070;42.1708;-1.68943
Castillonuevo/Gazteluberri;Navarra;31071;42.67872;-1.04515
Cintruénigo;Navarra;31072;42.08009;-1.80624
Ziordia;Navarra;31073;42.87051;-2.22766
Cirauqui/Zirauki;Navarra;31074;42.67558;-1.89108
Ciriza/Ziritza;Navarra;31075;42.79077;-1.82508
Cizur;Navarra;31076;42.76305;-1.72469
Corella;Navarra;31077;42.11496;-1.78919
Cortes;Navarra;31078;41.92205;-1.42052
Desojo;Navarra;31079;42.58787;-2.27473
Dicastillo;Navarra;31080;42.59554;-2.02854
Donamaria;Navarra;31081;43.11195;-1.67334
Etxalar;Navarra;31082;43.23382;-1.63782
Echarri/Etxarri;Navarra;31083;42.7804;-1.82539
Etxarri Aranatz;Navarra;31084;42.90647;-2.06496
Etxauri;Navarra;31085;42.79439;-1.7898
Valle de Egüés/Eguesibar;Navarra;31086;42.82409;-1.54992
Elgorriaga;Navarra;31087;43.13901;-1.6867
Valle de Elorz/Elortzibar;Navarra;31088;42.76416;-1.63513
Enériz/Eneritz;Navarra;31089;42.67103;-1.72896
Eratsun;Navarra;31090;43.08281;-1.79619
Ergoiena;Navarra;31091;42.8753;-2.01752
Erro;Navarra;31092;42.94167;-1.45011
Ezcároz/Ezkaroze;Navarra;31093;42.88704;-1.09688
Eslava;Navarra;31094;42.56499;-1.45918
Esparza de Salazar/Espartza Zaraitzu;Navarra;31095;42.85446;-1.09992
Espronceda;Navarra;31096;42.59705;-2.30553
Estella-Lizarra;Navarra;31097;42.67209;-2.03245
Esteribar;Navarra;31098;42.95134;-1.5015
Etayo;Navarra;31099;42.6168;-2.15454
Eulate;Navarra;31100;42.77615;-2.20707
Ezcabarte;Navarra;31101;42.86201;-1.62751
Ezkurra;Navarra;31102;43.08448;-1.82513
Ezprogui;Navarra;31103;42.57099;-1.42207
Falces;Navarra;31104;42.38842;-1.79649
Fitero;Navarra;31105;42.05945;-1.85988
Fontellas;Navarra;31106;42.02655;-1.57779
Funes;Navarra;31107;42.31454;-1.80137
Fustiñana;Navarra;31108;42.02034;-1.48578
Galar;Navarra;31109;42.76175;-1.69899
Gallipienzo/Galipentzu;Navarra;31110;42.52519;-1.41198
Gallués/Galoze;Navarra;31111;42.78409;-1.09604
Garaioa;Navarra;31112;42.92978;-1.24489
Garde;Navarra;31113;42.78785;-0.92207
Garínoain;Navarra;31114;42.59984;-1.64389
Garralda;Navarra;31115;42.94726;-1.2873
Genevilla;Navarra;31116;42.64422;-2.39185
Goizueta;Navarra;31117;43.17229;-1.86415
Val de Goñi/Goñerri;Navarra;31118;42.85167;-1.90306
Güesa/Gorza;Navarra;31119;42.80637;-1.09471
Guesálaz/Gesalatz;Navarra;31120;42.75996;-1.91969
Guirguillano;Navarra;31121;42.71822;-1.87849
Huarte/Uharte;Navarra;31122;42.8297;-1.59038
Uharte Arakil;Navarra;31123;42.91934;-1.96919
Ibargoiti;Navarra;31124;42.66909;-1.45314
Igúzquiza;Navarra;31125;42.64652;-2.08552
Imotz;Navarra;31126;42.95704;-1.7831
Irañeta;Navarra;31127;42.92341;-1.94474
Isaba/Izaba;Navarra;31128;42.86068;-0.92415
Ituren;Navarra;31129;43.12902;-1.70736
Iturmendi;Navarra;31130;42.88992;-2.11864
Iza/Itza;Navarra;31131;42.83693;-1.72948
Izagaondoa;Navarra;31132;42.72823;-1.41448
Izalzu/Itzaltzu;Navarra;31133;42.91344;-1.05412
Jaurrieta;Navarra;31134;42.88678;-1.1371
Javier;Navarra;31135;42.59147;-1.20883
Juslapeña/Txulapain;Navarra;31136;42.91902;-1.72469
Beintza-Labaien;Navarra;31137;43.08697;-1.74189
Lakuntza;Navarra;31138;42.92261;-2.02609
Lana;Navarra;31139;42.71484;-2.25319
Lantz;Navarra;31140;42.99804;-1.61992
Lapoblación;Navarra;31141;42.60455;-2.46011
Larraga;Navarra;31142;42.55691;-1.85012
Larraona;Navarra;31143;42.77917;-2.25596
Larraun;Navarra;31144;42.9934;-1.93924
Lazagurría;Navarra;31145;42.49297;-2.24027
Leache/Leatxe;Navarra;31146;42.60789;-1.40664
Legarda;Navarra;31147;42.71197;-1.77183
Legaria;Navarra;31148;42.64855;-2.17388
Leitza;Navarra;31149;43.08481;-1.91603
Leoz/Leotz;Navarra;31150;42.64513;-1.51931
Lerga;Navarra;31151;42.56629;-1.5009
Lerín;Navarra;31152;42.48377;-1.97225
Lesaka;Navarra;31153;43.24739;-1.70219
Lezaun;Navarra;31154;42.77699;-1.99427
Liédena;Navarra;31155;42.6192;-1.27647
Lizoain-Arriasgoiti/Lizoainibar-Arriasgoiti;Navarra;31156;42.79865;-1.46739
Lodosa;Navarra;31157;42.42274;-2.0773
Lónguida/Longida;Navarra;31158;42.76822;-1.33728
Lumbier;Navarra;31159;42.65559;-1.30415
Luquin;Navarra;31160;42.61202;-2.09901
Mañeru;Navarra;31161;42.6693;-1.86232
Marañón;Navarra;31162;42.62947;-2.43909
Marcilla;Navarra;31163;42.32782;-1.73806
Mélida;Navarra;31164;42.35762;-1.54629
Mendavia;Navarra;31165;42.44397;-2.19933
Mendaza;Navarra;31166;42.64155;-2.23566
Mendigorria;Navarra;31167;42.62815;-1.83549
Metauten;Navarra;31168;42.67658;-2.12937
Milagro;Navarra;31169;42.24121;-1.76484
Mirafuentes;Navarra;31170;42.62235;-2.27935
Miranda de Arga;Navarra;31171;42.48312;-1.82635
Monreal/Elo;Navarra;31172;42.70481;-1.50705
Monteagudo;Navarra;31173;41.96298;-1.69429
Morentin;Navarra;31174;42.61231;-2.01446
Mues;Navarra;31175;42.60551;-2.22609
Murchante;Navarra;31176;42.03288;-1.65542
Murieta;Navarra;31177;42.65625;-2.15423
Murillo el Cuende;Navarra;31178;42.39778;-1.62972
Murillo el Fruto;Navarra;31179;42.39319;-1.45918
Muruzábal;Navarra;31180;42.68848;-1.77031
Navascués/Nabaskoze;Navarra;31181;42.71857;-1.11604
Nazar;Navarra;31182;42.63703;-2.27935
Obanos;Navarra;31183;42.68028;-1.78675
Oco;Navarra;31184;42.63863;-2.16498
Ochagavía/Otsagabia;Navarra;31185;42.90559;-1.09002
Odieta;Navarra;31186;42.93962;-1.64693
Oiz;Navarra;31187;43.07987;-1.69065
Olaibar;Navarra;31188;42.89644;-1.60325
Olazti/Olazagutía;Navarra;31189;42.87564;-2.19709
Olejua;Navarra;31190;42.62346;-2.14196
Olite/Erriberri;Navarra;31191;42.48143;-1.65098
Olóriz/Oloritz;Navarra;31192;42.63548;-1.61317
Cendea de Olza/Oltza Zendea;Navarra;31193;42.84448;-1.7808
Valle de Ollo/Ollaran;Navarra;31194;42.86733;-1.85836
Orbaizeta;Navarra;31195;42.97484;-1.22977
Orbara;Navarra;31196;42.96691;-1.24188
Orísoain;Navarra;31197;42.60041;-1.60385
Oronz/Orontze;Navarra;31198;42.86887;-1.09732
Oroz-Betelu/Orotz-Betelu;Navarra;31199;42.89551;-1.30381
Oteiza;Navarra;31200;42.61888;-1.95269
Pamplona/Iruña;Navarra;31201;42.81253;-1.64577
Peralta/Azkoien;Navarra;31202;42.33898;-1.7991
Petilla de Aragón;Navarra;31203;42.46144;-1.09245
Piedramillera;Navarra;31204;42.63176;-2.2043
Pitillas;Navarra;31205;42.42268;-1.62037
Puente la Reina/Gares;Navarra;31206;42.6723;-1.81359
Pueyo/Puiu;Navarra;31207;42.56673;-1.64753
Ribaforada;Navarra;31208;41.99646;-1.5136
Romanzado/Erromantzatua;Navarra;31209;42.67545;-1.239
Roncal/Erronkari;Navarra;31210;42.80962;-0.95566
Orreaga/Roncesvalles;Navarra;31211;43.00918;-1.31951
Sada;Navarra;31212;42.58691;-1.3987
Saldías;Navarra;31213;43.08847;-1.78092
Salinas de Oro/Jaitz;Navarra;31214;42.7755;-1.88932
San Adrián;Navarra;31215;42.33572;-1.9368
Sangüesa/Zangoza;Navarra;31216;42.57443;-1.28309
San Martín de Unx;Navarra;31217;42.52381;-1.56143
Sansol;Navarra;31219;42.55375;-2.26612
Santacara;Navarra;31220;42.37538;-1.55174
Doneztebe/Santesteban;Navarra;31221;43.13287;-1.67182
Sarriés/Sartze;Navarra;31222;42.83513;-1.10041
Sartaguda;Navarra;31223;42.38162;-2.05549
Sesma;Navarra;31224;42.47692;-2.08245
Sorlada;Navarra;31225;42.61503;-2.21537
Sunbilla;Navarra;31226;43.16438;-1.6706
Tafalla;Navarra;31227;42.5268;-1.67768
Tiebas-Muruarte de Reta;Navarra;31228;42.68122;-1.64207
Tirapu;Navarra;31229;42.6568;-1.7025
Torralba del Río;Navarra;31230;42.60876;-2.33141
Torres del Río;Navarra;31231;42.5524;-2.27227
Tudela;Navarra;31232;42.06138;-1.60632
Tulebras;Navarra;31233;41.97719;-1.67577
Ucar;Navarra;31234;42.6755;-1.70557
Ujué/Uxue;Navarra;31235;42.50624;-1.49969
Ultzama;Navarra;31236;43.0264;-1.69551
Unciti;Navarra;31237;42.74758;-1.5012
Unzué/Untzue;Navarra;31238;42.65314;-1.62624
Urdazubi/Urdax;Navarra;31239;43.26707;-1.50453
Urdiain;Navarra;31240;42.88898;-2.13643
Urraul Alto;Navarra;31241;42.79868;-1.23136
Urraul Bajo;Navarra;31242;42.69006;-1.33728
Urroz-Villa;Navarra;31243;42.77827;-1.45886
Urroz;Navarra;31244;42.77827;-1.45886
Urzainqui/Urzainki;Navarra;31245;42.83149;-0.94603
Uterga;Navarra;31246;42.7094;-1.76058
Uztárroz/Uztarroze;Navarra;31247;42.8919;-0.94065
Luzaide/Valcarlos;Navarra;31248;43.0916;-1.30175
Valtierra;Navarra;31249;42.1968;-1.63486
Bera;Navarra;31250;43.28085;-1.683
Viana;Navarra;31251;42.51545;-2.37272
Vidángoz/Bidankoze;Navarra;31252;42.80172;-1.01404
Bidaurreta;Navarra;31253;42.77514;-1.83505
Villafranca;Navarra;31254;42.27847;-1.74536
Villamayor de Monjardín;Navarra;31255;42.62904;-2.10514
Hiriberri/Villanueva de Aezkoa;Navarra;31256;42.94606;-1.23016
Villatuerta;Navarra;31257;42.6598;-1.99182
Villava/Atarrabia;Navarra;31258;42.83144;-1.61233
Igantzi;Navarra;31259;43.22564;-1.70098
Valle de Yerri/Deierri;Navarra;31260;42.66198;-1.99204
Yesa;Navarra;31261;42.62003;-1.19952
Zabalza/Zabaltza;Navarra;31262;42.77853;-1.79855
Zubieta;Navarra;31263;43.12455;-1.74232
Zugarramurdi;Navarra;31264;43.26992;-1.53993
Zúñiga;Navarra;31265;42.69375;-2.3006
Barañáin/Barañain;Navarra;31901;42.8041;-1.68461
Berrioplano/Berriobeiti;Navarra;31902;42.85438;-1.69036
Berriozar;Navarra;31903;42.83825;-1.67
Irurtzun;Navarra;31904;42.91925;-1.82757
Beriáin;Navarra;31905;42.73309;-1.6451
Orkoien;Navarra;31906;42.8235;-1.69595
Zizur Mayor/Zizur Nagusia;Navarra;31907;42.78556;-1.68822
Lekunberri;Navarra;31908;43.00505;-1.89649
Allariz;Ourense;32001;42.19012;-7.8016
Amoeiro;Ourense;32002;42.40992;-7.95432
Arnoia, A;Ourense;32003;42.25667;-8.14049
Avión;Ourense;32004;42.37632;-8.25087
Baltar;Ourense;32005;41.94975;-7.71681
Bande;Ourense;32006;42.03019;-7.97633
Baños de Molgas;Ourense;32007;42.24161;-7.67223
Barbadás;Ourense;32008;42.29916;-7.88758
Barco de Valdeorras, O;Ourense;32009;42.41643;-6.98557
Beade;Ourense;32010;42.33477;-8.14567
Beariz;Ourense;32011;42.4678;-8.27311
Blancos, Os;Ourense;32012;41.99841;-7.75055
Boborás;Ourense;32013;42.43336;-8.14297
Bola, A;Ourense;32014;42.15638;-7.91197
Bolo, O;Ourense;32015;42.44116;-8.00596
Calvos de Randín;Ourense;32016;41.94423;-7.89764
Carballeda de Valdeorras;Ourense;32017;42.37857;-6.88047
Carballeda de Avia;Ourense;32018;42.32087;-8.16442
Carballiño, O;Ourense;32019;42.43166;-8.07751
Cartelle;Ourense;32020;42.24883;-8.07029
Castrelo do Val;Ourense;32021;41.9929;-7.42577
Castrelo de Miño;Ourense;32022;42.28333;-8.11667
Castro Caldelas;Ourense;32023;42.37637;-7.41191
Celanova;Ourense;32024;42.15223;-7.95819
Cenlle;Ourense;32025;42.34312;-8.08799
Coles;Ourense;32026;42.40143;-7.83689
Cortegada;Ourense;32027;42.20771;-8.16905
Cualedro;Ourense;32028;41.99015;-7.59502
Chandrexa de Queixa;Ourense;32029;42.26029;-7.37977
Entrimo;Ourense;32030;41.93333;-8.11667
Esgos;Ourense;32031;42.32457;-7.69569
Xinzo de Limia;Ourense;32032;42.06366;-7.72441
Gomesende;Ourense;32033;42.16586;-8.10378
Gudiña, A;Ourense;32034;42.06057;-7.1393
Irixo, O;Ourense;32035;42.33927;-7.85475
Xunqueira de Ambía;Ourense;32036;42.20422;-7.73496
Xunqueira de Espadanedo;Ourense;32037;42.31957;-7.62932
Larouco;Ourense;32038;42.34745;-7.15935
Laza;Ourense;32039;42.06162;-7.46165
Leiro;Ourense;32040;42.36928;-8.12371
Lobeira;Ourense;32041;41.99889;-8.04306
Lobios;Ourense;32042;41.89356;-8.06834
Maceda;Ourense;32043;42.27217;-7.65007
Manzaneda;Ourense;32044;42.31055;-7.23543
Maside;Ourense;32045;42.41143;-8.02562
Melón;Ourense;32046;42.25759;-8.21776
Merca, A;Ourense;32047;42.33803;-7.85435
Mezquita, A;Ourense;32048;42.34008;-7.8536
Montederramo;Ourense;32049;42.27694;-7.50267
Monterrei;Ourense;32050;41.94715;-7.44949
Muíños;Ourense;32051;41.95426;-7.9856
Nogueira de Ramuín;Ourense;32052;42.41308;-7.72612
Oímbra;Ourense;32053;41.88543;-7.47204
Ourense;Ourense;32054;42.34001;-7.86464
Paderne de Allariz;Ourense;32055;42.2775;-7.74583
Padrenda;Ourense;32056;42.13334;-8.15
Parada de Sil;Ourense;32057;42.38281;-7.56853
Pereiro de Aguiar, O;Ourense;32058;42.34638;-7.79941
Peroxa, A;Ourense;32059;42.44086;-7.79397
Petín;Ourense;32060;42.38257;-7.12588
Piñor;Ourense;32061;42.49816;-8.00475
Porqueira;Ourense;32062;42.01787;-7.83951
Pobra de Trives, A;Ourense;32063;42.34577;-7.2577
Pontedeva;Ourense;32064;42.16861;-8.13917
Punxín;Ourense;32065;42.37028;-8.01195
Quintela de Leirado;Ourense;32066;42.13896;-8.10215
Rairiz de Veiga;Ourense;32067;42.08272;-7.83327
Ramirás;Ourense;32068;42.18779;-8.02235
Ribadavia;Ourense;32069;42.28755;-8.1435
San Xoán de Río;Ourense;32070;42.3706;-7.29888
Riós;Ourense;32071;41.97426;-7.28263
Rúa, A;Ourense;32072;42.31876;-7.8326
Rubiá;Ourense;32073;42.44963;-6.94819
San Amaro;Ourense;32074;42.37314;-8.07169
San Cibrao das Viñas;Ourense;32075;42.29727;-7.87334
San Cristovo de Cea;Ourense;32076;42.4728;-7.98532
Sandiás;Ourense;32077;42.11305;-7.75699
Sarreaus;Ourense;32078;42.08629;-7.60332
Taboadela;Ourense;32079;42.2409;-7.82533
Teixeira, A;Ourense;32080;42.38865;-7.26647
Toén;Ourense;32081;42.31652;-7.95485
Trasmiras;Ourense;32082;42.02463;-7.61657
Veiga, A;Ourense;32083;42.28757;-7.85218
Verea;Ourense;32084;42.1;-7.95
Verín;Ourense;32085;41.94045;-7.43912
Viana do Bolo;Ourense;32086;42.17919;-7.11275
Vilamarín;Ourense;32087;42.46451;-7.89281
Vilamartín de Valdeorras;Ourense;32088;42.41521;-7.05983
Vilar de Barrio;Ourense;32089;42.16056;-7.61233
Vilar de Santos;Ourense;32090;42.0871;-7.79469
Vilardevós;Ourense;32091;41.90748;-7.31403
Vilariño de Conso;Ourense;32092;42.17825;-7.17164
Allande;Asturias;33001;43.24884;-6.70659
Aller;Asturias;33002;43.1497;-5.68787
Amieva;Asturias;33003;43.24538;-5.09111
Avilés;Asturias;33004;43.55795;-5.92467
Belmonte de Miranda;Asturias;33005;43.25496;-6.25884
Bimenes;Asturias;33006;43.31937;-5.57223
Boal;Asturias;33007;43.42899;-6.81969
Cabrales;Asturias;33008;43.31603;-4.84605
Cabranes;Asturias;33009;43.40341;-5.42538
Candamo;Asturias;33010;43.44662;-6.0581
Cangas del Narcea;Asturias;33011;43.17738;-6.54984
Cangas de Onís;Asturias;33012;43.35063;-5.13101
Caravia;Asturias;33013;43.46526;-5.18756
Carreño;Asturias;33014;43.54856;-5.7932
Caso;Asturias;33015;43.16589;-5.35209
Castrillón;Asturias;33016;43.20448;-5.7451
Castropol;Asturias;33017;43.52477;-7.02777
Coaña;Asturias;33018;43.5167;-6.74668
Colunga;Asturias;33019;43.48491;-5.27122
Corvera de Asturias;Asturias;33020;43.51495;-5.88815
Cudillero;Asturias;33021;43.56;-6.14842
Degaña;Asturias;33022;42.93986;-6.56833
Franco, El;Asturias;33023;43.50652;-6.83765
Gijón;Asturias;33024;43.5322;-5.66112
Gozón;Asturias;33025;43.59377;-5.84593
Grado;Asturias;33026;43.38705;-6.07439
Grandas de Salime;Asturias;33027;43.21842;-6.8758
Ibias;Asturias;33028;43.01211;-6.79224
Illano;Asturias;33029;43.33295;-6.86492
Illas;Asturias;33030;43.49509;-5.96943
Langreo;Asturias;33031;43.30811;-5.69606
Laviana;Asturias;33032;43.25068;-5.56449
Lena;Asturias;33033;43.08427;-5.83538
Valdés;Asturias;33034;43.4942;-6.45034
Llanera;Asturias;33035;43.46535;-5.91984
Llanes;Asturias;33036;43.42115;-4.75622
Mieres;Asturias;33037;43.24972;-5.77853
Morcín;Asturias;33038;43.26392;-5.90928
Muros de Nalón;Asturias;33039;43.54362;-6.10626
Nava;Asturias;33040;43.35876;-5.50823
Navia;Asturias;33041;43.53975;-6.72457
Noreña;Asturias;33042;43.39415;-5.70661
Onís;Asturias;33043;43.30873;-4.96626
Oviedo;Asturias;33044;43.36191;-5.84939
Parres;Asturias;33045;43.40699;-4.77754
Peñamellera Alta;Asturias;33046;43.32931;-4.70706
Peñamellera Baja;Asturias;33047;43.32429;-4.5934
Pesoz;Asturias;33048;43.25711;-6.87632
Piloña;Asturias;33049;43.32025;-5.35209
Ponga;Asturias;33050;43.19385;-5.16406
Pravia;Asturias;33051;43.48757;-6.11149
Proaza;Asturias;33052;43.25536;-6.01343
Quirós;Asturias;33053;43.15506;-5.96211
Regueras, Las;Asturias;33054;43.34875;-5.86539
Ribadedeva;Asturias;33055;43.36365;-4.57276
Ribadesella;Asturias;33056;43.46308;-5.05614
Ribera de Arriba;Asturias;33057;43.30793;-5.87868
Riosa;Asturias;33058;43.20716;-5.88815
Salas;Asturias;33059;43.4093;-6.26216
San Martín del Rey Aurelio;Asturias;33060;43.27513;-5.60875
San Martín de Oscos;Asturias;33061;43.26509;-6.96161
Santa Eulalia de Oscos;Asturias;33062;43.2584;-7.01826
San Tirso de Abres;Asturias;33063;43.41021;-7.14229
Santo Adriano;Asturias;33064;43.28801;-6.05988
Sariego;Asturias;33065;43.41154;-5.55648
Siero;Asturias;33066;43.3915;-5.66082
Sobrescobio;Asturias;33067;43.18943;-5.4673
Somiedo;Asturias;33068;43.11873;-6.28009
Soto del Barco;Asturias;33069;43.53417;-6.07092
Tapia de Casariego;Asturias;33070;43.57023;-6.94391
Taramundi;Asturias;33071;43.36039;-7.10835
Teverga;Asturias;33072;43.16196;-6.09657
Tineo;Asturias;33073;43.33433;-6.41173
Vegadeo;Asturias;33074;43.46469;-7.0485
Villanueva de Oscos;Asturias;33075;43.31139;-6.9864
Villaviciosa;Asturias;33076;43.48172;-5.43557
Villayón;Asturias;33077;43.44808;-6.70492
Yernes y Tameza;Asturias;33078;43.25393;-6.0997
Abarca de Campos;Palencia;34001;42.0625;-4.84137
Abia de las Torres;Palencia;34003;42.42;-4.4211
Aguilar de Campoo;Palencia;34004;42.79319;-4.26221
Alar del Rey;Palencia;34005;42.65976;-4.309
Alba de Cerrato;Palencia;34006;41.8115;-4.36486
Amayuelas de Arriba;Palencia;34009;42.21089;-4.48835
Ampudia;Palencia;34010;41.91579;-4.78081
Amusco;Palencia;34011;42.17277;-4.47096
Antigüedad;Palencia;34012;41.94642;-4.11684
Arconada;Palencia;34015;42.32742;-4.49607
Astudillo;Palencia;34017;42.19256;-4.29476
Autilla del Pino;Palencia;34018;41.99119;-4.63083
Autillo de Campos;Palencia;34019;42.08721;-4.83327
Ayuela;Palencia;34020;42.62683;-4.65957
Baltanás;Palencia;34022;41.938;-4.24615
Venta de Baños;Palencia;34023;41.92093;-4.48874
Baquerín de Campos;Palencia;34024;42.01622;-4.78178
Bárcena de Campos;Palencia;34025;42.48434;-4.49865
Barruelo de Santullán;Palencia;34027;42.90667;-4.28591
Báscones de Ojeda;Palencia;34028;42.67151;-4.52699
Becerril de Campos;Palencia;34029;42.10942;-4.63858
Belmonte de Campos;Palencia;34031;41.94258;-4.98737
Berzosilla;Palencia;34032;42.78033;-4.0373
Boada de Campos;Palencia;34033;41.98933;-4.87767
Boadilla del Camino;Palencia;34034;42.2594;-4.34688
Boadilla de Rioseco;Palencia;34035;42.18;-4.96951
Brañosera;Palencia;34036;42.9368;-4.30836
Buenavista de Valdavia;Palencia;34037;42.63633;-4.6134
Bustillo de la Vega;Palencia;34038;42.4562;-4.74134
Bustillo del Páramo de Carrión;Palencia;34039;42.35568;-4.74004
Calahorra de Boedo;Palencia;34041;42.57439;-4.38542
Calzada de los Molinos;Palencia;34042;42.32735;-4.65214
Capillas;Palencia;34045;42.01319;-4.89032
Cardeñosa de Volpejera;Palencia;34046;42.23216;-4.70286
Carrión de los Condes;Palencia;34047;42.33734;-4.60243
Castil de Vela;Palencia;34048;41.9843;-4.95912
Castrejón de la Peña;Palencia;34049;42.80749;-4.59878
Castrillo de Don Juan;Palencia;34050;41.79128;-4.07018
Castrillo de Onielo;Palencia;34051;41.85861;-4.29938
Castrillo de Villavega;Palencia;34052;42.45436;-4.48191
Castromocho;Palencia;34053;42.03081;-4.8242
Cervatos de la Cueza;Palencia;34055;42.29058;-4.76981
Cervera de Pisuerga;Palencia;34056;42.86689;-4.49929
Cevico de la Torre;Palencia;34057;41.85136;-4.40921
Cevico Navero;Palencia;34058;41.86162;-4.18402
Cisneros;Palencia;34059;42.22106;-4.85855
Cobos de Cerrato;Palencia;34060;42.02775;-4.00251
Collazos de Boedo;Palencia;34061;42.61982;-4.48287
Congosto de Valdavia;Palencia;34062;42.71608;-4.63277
Cordovilla la Real;Palencia;34063;42.07905;-4.25961
Cubillas de Cerrato;Palencia;34066;41.79763;-4.46775
Dehesa de Montejo;Palencia;34067;42.81992;-4.51056
Dehesa de Romanos;Palencia;34068;42.63875;-4.4359
Dueñas;Palencia;34069;41.87321;-4.54393
Espinosa de Cerrato;Palencia;34070;41.967;-3.95341
Espinosa de Villagonzalo;Palencia;34071;42.47887;-4.37065
Frechilla;Palencia;34072;42.13808;-4.8404
Fresno del Río;Palencia;34073;42.68291;-4.81643
Frómista;Palencia;34074;42.26763;-4.40535
Fuentes de Nava;Palencia;34076;42.08374;-4.7834
Fuentes de Valdepero;Palencia;34077;42.07478;-4.50122
Grijota;Palencia;34079;42.05305;-4.58243
Guardo;Palencia;34080;42.78903;-4.84744
Guaza de Campos;Palencia;34081;42.13329;-4.90978
Hérmedes de Cerrato;Palencia;34082;41.81974;-4.17633
Herrera de Pisuerga;Palencia;34083;42.59537;-4.33211
Herrera de Valdecañas;Palencia;34084;42.04911;-4.20066
Hontoria de Cerrato;Palencia;34086;41.91063;-4.44107
Hornillos de Cerrato;Palencia;34087;41.98833;-4.27372
Husillos;Palencia;34088;42.08981;-4.52699
Itero de la Vega;Palencia;34089;42.28732;-4.25833
Lagartos;Palencia;34091;42.40614;-4.90427
Lantadilla;Palencia;34092;42.34068;-4.27757
Vid de Ojeda, La;Palencia;34093;42.65992;-4.38542
Ledigos;Palencia;34094;42.35446;-4.8647
Lomas;Palencia;34096;42.27362;-4.55148
Magaz de Pisuerga;Palencia;34098;41.98263;-4.42756
Manquillos;Palencia;34099;42.20557;-4.56857
Mantinos;Palencia;34100;42.75257;-4.84105
Marcilla de Campos;Palencia;34101;42.31774;-4.39699
Mazariegos;Palencia;34102;42.02668;-4.71547
Mazuecos de Valdeginate;Palencia;34103;42.1683;-4.83975
Melgar de Yuso;Palencia;34104;42.25425;-4.25449
Meneses de Campos;Palencia;34106;41.9427;-4.92016
Micieces de Ojeda;Palencia;34107;42.69112;-4.4626
Monzón de Campos;Palencia;34108;42.11591;-4.49398
Moratinos;Palencia;34109;42.36085;-4.92714
Mudá;Palencia;34110;42.87611;-4.39474
Nogal de las Huertas;Palencia;34112;42.39251;-4.64213
Olea de Boedo;Palencia;34113;42.60963;-4.45053
Olmos de Ojeda;Palencia;34114;42.72305;-4.42528
Osornillo;Palencia;34116;42.36963;-4.29168
Palencia;Palencia;34120;42.01571;-4.53414
Palenzuela;Palencia;34121;42.09611;-4.13027
Páramo de Boedo;Palencia;34122;42.57779;-4.40053
Paredes de Nava;Palencia;34123;42.1516;-4.69284
Payo de Ojeda;Palencia;34124;42.71974;-4.47933
Pedraza de Campos;Palencia;34125;41.98386;-4.73487
Pedrosa de la Vega;Palencia;34126;42.48171;-4.74651
Perales;Palencia;34127;42.194;-4.58082
Pino del Río;Palencia;34129;42.64546;-4.80736
Piña de Campos;Palencia;34130;42.21412;-4.43686
Población de Arroyo;Palencia;34131;42.33686;-4.87443
Población de Campos;Palencia;34132;42.27033;-4.44715
Población de Cerrato;Palencia;34133;41.79292;-4.42914
Polentinos;Palencia;34134;42.93814;-4.5257
Pomar de Valdivia;Palencia;34135;42.77442;-4.16833
Poza de la Vega;Palencia;34136;42.57865;-4.79829
Pozo de Urama;Palencia;34137;42.25338;-4.89421
Prádanos de Ojeda;Palencia;34139;42.68063;-4.34744
Puebla de Valdavia, La;Palencia;34140;42.67555;-4.60953
Quintana del Puente;Palencia;34141;42.08464;-4.20835
Quintanilla de Onsoña;Palencia;34143;42.46917;-4.66376
Reinoso de Cerrato;Palencia;34146;41.97675;-4.38414
Renedo de la Vega;Palencia;34147;42.45412;-4.70254
Requena de Campos;Palencia;34149;42.30751;-4.34303
Respenda de la Peña;Palencia;34151;42.76479;-4.68606
Revenga de Campos;Palencia;34152;42.28314;-4.48126
Revilla de Collazos;Palencia;34154;42.62969;-4.5038
Ribas de Campos;Palencia;34155;42.15311;-4.51668
Riberos de la Cueza;Palencia;34156;42.27887;-4.72581
Saldaña;Palencia;34157;42.51801;-4.74198
Salinas de Pisuerga;Palencia;34158;42.85153;-4.37771
San Cebrián de Campos;Palencia;34159;42.20183;-4.53086
San Cebrián de Mudá;Palencia;34160;42.89496;-4.38671
San Cristóbal de Boedo;Palencia;34161;42.54166;-4.35362
San Mamés de Campos;Palencia;34163;42.35415;-4.56567
San Román de la Cuba;Palencia;34165;42.2623;-4.8579
Santa Cecilia del Alcor;Palencia;34167;41.9338;-4.6586
Santa Cruz de Boedo;Palencia;34168;42.52558;-4.37418
Santervás de la Vega;Palencia;34169;42.50585;-4.79894
Santibáñez de Ecla;Palencia;34170;42.70858;-4.37382
Santibáñez de la Peña;Palencia;34171;42.80986;-4.73002
Santoyo;Palencia;34174;42.21487;-4.34255
Serna, La;Palencia;34175;42.01242;-4.55375
Sotobañado y Priorato;Palencia;34176;42.59055;-4.44201
Soto de Cerrato;Palencia;34177;41.95276;-4.42914
Tabanera de Cerrato;Palencia;34178;42.0247;-4.12387
Tabanera de Valdavia;Palencia;34179;42.6468;-4.69381
Támara de Campos;Palencia;34180;42.20349;-4.39314
Tariego de Cerrato;Palencia;34181;41.90368;-4.48191
Torquemada;Palencia;34182;42.03545;-4.31927
Torremormojón;Palencia;34184;41.96108;-4.77757
Triollo;Palencia;34185;42.92464;-4.68056
Valbuena de Pisuerga;Palencia;34186;42.14618;-4.2375
Valdeolmillos;Palencia;34189;42.04038;-4.40085
Valderrábano;Palencia;34190;42.60651;-4.65601
Valde-Ucieza;Palencia;34192;42.39131;-4.57276
Valle de Cerrato;Palencia;34196;41.87979;-4.36229
Velilla del Río Carrión;Palencia;34199;42.82581;-4.84786
Vertavillo;Palencia;34201;41.83404;-4.32633
Villabasta de Valdavia;Palencia;34202;42.55115;-4.61921
Villacidaler;Palencia;34204;42.22151;-4.9773
Villaconancio;Palencia;34205;41.87133;-4.22372
Villada;Palencia;34206;42.24897;-4.96821
Villaeles de Valdavia;Palencia;34208;42.56542;-4.58372
Villahán;Palencia;34210;42.05038;-4.13155
Villaherreros;Palencia;34211;42.38889;-4.4626
Villalaco;Palencia;34213;42.15553;-4.25961
Villalba de Guardo;Palencia;34214;42.72165;-4.8229
Villalcázar de Sirga;Palencia;34215;42.317;-4.54246
Villalcón;Palencia;34216;42.29314;-4.8553
Villalobón;Palencia;34217;42.02999;-4.50336
Villaluenga de la Vega;Palencia;34218;42.52258;-4.76463
Villamartín de Campos;Palencia;34220;42.0152;-4.66376
Villamediana;Palencia;34221;42.04803;-4.36229
Villameriel;Palencia;34222;42.5281;-4.47547
Villamoronta;Palencia;34223;42.40279;-4.69866
Villamuera de la Cueza;Palencia;34224;42.25828;-4.68832
Villamuriel de Cerrato;Palencia;34225;41.94817;-4.5154
Villanueva del Rebollar;Palencia;34227;42.24097;-4.74295
Villanuño de Valdavia;Palencia;34228;42.50775;-4.51829
Villaprovedo;Palencia;34229;42.51644;-4.39699
Villarmentero de Campos;Palencia;34230;42.29778;-4.49994
Villarrabé;Palencia;34231;42.42101;-4.78437
Villarramiel;Palencia;34232;42.04372;-4.91303
Villasarracino;Palencia;34233;42.41271;-4.49672
Villasila de Valdavia;Palencia;34234;42.53183;-4.5586
Villaturde;Palencia;34236;42.37845;-4.67119
Villaumbrales;Palencia;34237;42.08884;-4.6134
Villaviudas;Palencia;34238;41.96233;-4.34046
Villerías de Campos;Palencia;34240;41.94416;-4.8566
Villodre;Palencia;34241;42.21118;-4.24583
Villodrigo;Palencia;34242;42.14422;-4.09574
Villoldo;Palencia;34243;42.24604;-4.59534
Villota del Páramo;Palencia;34245;42.55259;-4.84715
Villovieco;Palencia;34246;42.29544;-4.48126
Osorno la Mayor;Palencia;34901;42.36948;-4.37707
Valle del Retortillo;Palencia;34902;42.23502;-4.78987
Loma de Ucieza;Palencia;34903;42.46977;-4.57276
Pernía, La;Palencia;34904;42.02134;-4.54065
Agaete;Las Palmas;35001;28.10026;-15.69967
Agüimes;Las Palmas;35002;27.90183;-15.44635
Antigua;Las Palmas;35003;28.41529;-14.01106
Arrecife;Las Palmas;35004;28.96517;-13.55504
Artenara;Las Palmas;35005;28.0211;-15.64697
Arucas;Las Palmas;35006;28.12014;-15.52106
Betancuria;Las Palmas;35007;28.42472;-14.05683
Firgas;Las Palmas;35008;28.10689;-15.56341
Gáldar;Las Palmas;35009;28.14635;-15.65152
Haría;Las Palmas;35010;29.14667;-13.49833
Ingenio;Las Palmas;35011;27.91828;-15.43317
Mogán;Las Palmas;35012;27.88393;-15.72328
Moya;Las Palmas;35013;28.10963;-15.58282
Oliva, La;Las Palmas;35014;28.61008;-13.92673
Pájara;Las Palmas;35015;28.35089;-14.10812
Palmas de Gran Canaria, Las;Las Palmas;35016;28.12355;-15.43626
Puerto del Rosario;Las Palmas;35017;28.50082;-13.86284
San Bartolomé;Las Palmas;35018;29.00105;-13.61176
San Bartolomé de Tirajana;Las Palmas;35019;27.92495;-15.57303
Aldea de San Nicolás, La;Las Palmas;35020;28.10382;-15.42178
Santa Brígida;Las Palmas;35021;28.03585;-15.49751
Santa Lucía de Tirajana;Las Palmas;35022;27.91014;-15.54014
Santa María de Guía de Gran Canaria;Las Palmas;35023;28.13967;-15.63312
Teguise;Las Palmas;35024;29.05995;-13.5596
Tejeda;Las Palmas;35025;27.99622;-15.61523
Telde;Las Palmas;35026;27.99553;-15.41737
Teror;Las Palmas;35027;28.06165;-15.54597
Tías;Las Palmas;35028;28.95325;-13.65306
Tinajo;Las Palmas;35029;29.0655;-13.67601
Tuineje;Las Palmas;35030;28.3258;-14.04714
Valsequillo de Gran Canaria;Las Palmas;35031;27.99567;-15.47284
Valleseco;Las Palmas;35032;28.05021;-15.57509
Vega de San Mateo;Las Palmas;35033;28.01069;-15.53239
Yaiza;Las Palmas;35034;28.95222;-13.76472
Arbo;Pontevedra;36001;42.1145;-8.31931
Barro;Pontevedra;36002;42.525;-8.64722
Baiona;Pontevedra;36003;42.11809;-8.84958
Bueu;Pontevedra;36004;42.31977;-8.79013
Caldas de Reis;Pontevedra;36005;42.6055;-8.64331
Cambados;Pontevedra;36006;42.5138;-8.81289
Campo Lameiro;Pontevedra;36007;42.54222;-8.54278
Cangas;Pontevedra;36008;42.26471;-8.78285
Cañiza, A;Pontevedra;36009;42.21289;-8.27298
Catoira;Pontevedra;36010;42.66665;-8.72251
Covelo;Pontevedra;36013;42.23195;-8.36333
Crecente;Pontevedra;36014;42.15374;-8.22306
Cuntis;Pontevedra;36015;42.63263;-8.56346
Dozón;Pontevedra;36016;42.57058;-8.04944
Estrada, A;Pontevedra;36017;42.42704;-8.63097
Forcarei;Pontevedra;36018;42.59233;-8.3509
Fornelos de Montes;Pontevedra;36019;42.34055;-8.45317
Agolada;Pontevedra;36020;42.76227;-8.01942
Gondomar;Pontevedra;36021;42.11078;-8.76147
Grove, O;Pontevedra;36022;42.496;-8.86514
Guarda, A;Pontevedra;36023;41.90747;-8.86523
Lalín;Pontevedra;36024;42.66137;-8.11096
Lama, A;Pontevedra;36025;42.39704;-8.44236
Marín;Pontevedra;36026;42.39147;-8.69985
Meaño;Pontevedra;36027;42.45;-8.78333
Meis;Pontevedra;36028;42.51667;-8.7
Moaña;Pontevedra;36029;42.28551;-8.74941
Mondariz;Pontevedra;36030;42.23425;-8.45533
Mondariz-Balneario;Pontevedra;36031;42.22697;-8.46582
Moraña;Pontevedra;36032;42.56186;-8.56033
Mos;Pontevedra;36033;42.19545;-8.65439
Neves, As;Pontevedra;36034;42.08788;-8.41467
Nigrán;Pontevedra;36035;42.1452;-8.80706
Oia;Pontevedra;36036;42.00307;-8.87522
Pazos de Borbén;Pontevedra;36037;42.29383;-8.5316
Pontevedra;Pontevedra;36038;42.43362;-8.64805
Porriño, O;Pontevedra;36039;42.16085;-8.61773
Portas;Pontevedra;36040;42.58333;-8.66667
Poio;Pontevedra;36041;42.44446;-8.71508
Ponteareas;Pontevedra;36042;42.17637;-8.50238
Ponte Caldelas;Pontevedra;36043;42.38924;-8.50311
Pontecesures;Pontevedra;36044;42.71667;-8.65
Redondela;Pontevedra;36045;42.28379;-8.60742
Ribadumia;Pontevedra;36046;42.51466;-8.75759
Rodeiro;Pontevedra;36047;42.64951;-7.94982
Rosal, O;Pontevedra;36048;42.41903;-8.66038
Salceda de Caselas;Pontevedra;36049;42.10196;-8.55838
Salvaterra de Miño;Pontevedra;36050;42.08197;-8.499
Sanxenxo;Pontevedra;36051;42.39948;-8.80693
Silleda;Pontevedra;36052;42.69791;-8.24838
Soutomaior;Pontevedra;36053;42.333;-8.567
Tomiño;Pontevedra;36054;41.98744;-8.74558
Tui;Pontevedra;36055;42.04621;-8.64377
Valga;Pontevedra;36056;42.69431;-8.63942
Vigo;Pontevedra;36057;42.23136;-8.71245
Vilaboa;Pontevedra;36058;42.34724;-8.64633
Vila de Cruces;Pontevedra;36059;42.79403;-8.17001
Vilagarcía de Arousa;Pontevedra;36060;42.59387;-8.76596
Vilanova de Arousa;Pontevedra;36061;42.56221;-8.82772
Illa de Arousa, A;Pontevedra;36901;42.5618;-8.86815
Cerdedo-Cotobade;Pontevedra;36902;;
Abusejo;Salamanca;37001;40.70906;-6.14143
Agallas;Salamanca;37002;40.44846;-6.44169
Ahigal de los Aceiteros;Salamanca;37003;40.87313;-6.74739
Ahigal de Villarino;Salamanca;37004;41.15894;-6.38046
Alameda de Gardón, La;Salamanca;37005;40.6506;-6.7581
Alamedilla, La;Salamanca;37006;40.96676;-5.65637
Alaraz;Salamanca;37007;40.74813;-5.28804
Alba de Tormes;Salamanca;37008;40.82476;-5.51187
Alba de Yeltes;Salamanca;37009;40.67182;-6.31663
Alberca, La;Salamanca;37010;40.97054;-5.67324
Alberguería de Argañán, La;Salamanca;37011;40.41313;-6.81433
Alconada;Salamanca;37012;40.91054;-5.36321
Aldeacipreste;Salamanca;37013;40.38101;-5.89805
Aldeadávila de la Ribera;Salamanca;37014;41.21775;-6.61398
Aldea del Obispo;Salamanca;37015;40.70723;-6.79357
Aldealengua;Salamanca;37016;40.98098;-5.55057
Aldeanueva de Figueroa;Salamanca;37017;41.14743;-5.52367
Aldeanueva de la Sierra;Salamanca;37018;40.61518;-6.10036
Aldearrodrigo;Salamanca;37019;41.11155;-5.80704
Aldearrubia;Salamanca;37020;41.00792;-5.50007
Aldeaseca de Alba;Salamanca;37021;40.81898;-5.44764
Aldeaseca de la Frontera;Salamanca;37022;40.94165;-5.20644
Aldeatejada;Salamanca;37023;40.92561;-5.69088
Aldeavieja de Tormes;Salamanca;37024;40.58403;-5.61623
Aldehuela de la Bóveda;Salamanca;37025;40.84389;-6.04873
Aldehuela de Yeltes;Salamanca;37026;40.66189;-6.24357
Almenara de Tormes;Salamanca;37027;41.06306;-5.82286
Almendra;Salamanca;37028;41.23;-6.34055
Anaya de Alba;Salamanca;37029;40.72783;-5.49286
Añover de Tormes;Salamanca;37030;41.13615;-5.91522
Arabayona de Mógica;Salamanca;37031;41.04843;-5.38741
Arapiles;Salamanca;37032;40.89338;-5.64382
Arcediano;Salamanca;37033;41.09356;-5.56107
Arco, El;Salamanca;37034;41.11313;-5.82549
Armenteros;Salamanca;37035;40.59333;-5.4483
San Miguel del Robledo;Salamanca;37036;40.53689;-6.04525
Atalaya, La;Salamanca;37037;40.97764;-5.60934
Babilafuente;Salamanca;37038;40.97618;-5.42669
Bañobárez;Salamanca;37039;40.81877;-6.63175
Barbadillo;Salamanca;37040;40.9319;-5.8809
Barbalos;Salamanca;37041;40.67682;-5.94262
Barceo;Salamanca;37042;41.06125;-6.45201
Barruecopardo;Salamanca;37044;41.072;-6.66515
Bastida, La;Salamanca;37045;40.5854;-6.05898
Béjar;Salamanca;37046;40.38712;-5.76422
Beleña;Salamanca;37047;40.75071;-5.62772
Bermellar;Salamanca;37049;40.99891;-6.67049
Berrocal de Huebra;Salamanca;37050;40.71896;-6.00111
Berrocal de Salvatierra;Salamanca;37051;40.63359;-5.68985
Boada;Salamanca;37052;40.81566;-6.30533
Bodón, El;Salamanca;37054;40.97505;-5.67535
Bogajo;Salamanca;37055;40.9069;-6.53231
Bouza, La;Salamanca;37056;40.83631;-6.79558
Bóveda del Río Almar;Salamanca;37057;40.85699;-5.21166
Brincones;Salamanca;37058;41.11309;-6.34853
Buenamadre;Salamanca;37059;40.85709;-6.25021
Buenavista;Salamanca;37060;40.76729;-5.6113
Cabaco, El;Salamanca;37061;40.56479;-6.12586
Cabezabellosa de la Calzada;Salamanca;37062;41.04427;-5.48892
Cabeza de Béjar, La;Salamanca;37063;40.49561;-5.66223
Cabeza del Caballo;Salamanca;37065;41.1302;-6.55766
Cabrerizos;Salamanca;37067;40.97614;-5.61163
Cabrillas;Salamanca;37068;40.73991;-6.17855
Calvarrasa de Abajo;Salamanca;37069;40.94688;-5.5532
Calvarrasa de Arriba;Salamanca;37070;40.90564;-5.59252
Calzada de Béjar, La;Salamanca;37071;40.97441;-5.67571
Calzada de Don Diego;Salamanca;37072;40.90572;-5.90069
Calzada de Valdunciel;Salamanca;37073;41.08603;-5.70235
Campillo de Azaba;Salamanca;37074;40.51106;-6.68921
Campo de Peñaranda, El;Salamanca;37077;40.9699;-5.64975
Candelario;Salamanca;37078;40.36829;-5.74432
Canillas de Abajo;Salamanca;37079;40.92318;-5.92842
Cantagallo;Salamanca;37080;40.37298;-5.81824
Cantalapiedra;Salamanca;37081;41.12558;-5.18362
Cantalpino;Salamanca;37082;41.05362;-5.32986
Cantaracillo;Salamanca;37083;40.90327;-5.16341
Carbajosa de la Sagrada;Salamanca;37085;40.93276;-5.64974
Carpio de Azaba;Salamanca;37086;40.59638;-6.64711
Carrascal de Barregas;Salamanca;37087;40.97851;-5.76125
Carrascal del Obispo;Salamanca;37088;40.76329;-5.99846
Casafranca;Salamanca;37089;40.59243;-5.7606
Casas del Conde, Las;Salamanca;37090;40.5076;-6.04159
Casillas de Flores;Salamanca;37091;40.38115;-6.75408
Castellanos de Moriscos;Salamanca;37092;41.01925;-5.59127
Castillejo de Martín Viejo;Salamanca;37096;40.70065;-6.64644
Castraz;Salamanca;37097;40.70531;-6.33357
Cepeda;Salamanca;37098;40.46764;-6.03947
Cereceda de la Sierra;Salamanca;37099;40.56661;-6.09142
Cerezal de Peñahorcada;Salamanca;37100;41.13094;-6.65379
Cerralbo;Salamanca;37101;40.97353;-6.58768
Cerro, El;Salamanca;37102;40.97406;-5.67844
Cespedosa de Tormes;Salamanca;37103;40.54394;-5.58076
Cilleros de la Bastida;Salamanca;37104;40.5763;-6.06047
Cipérez;Salamanca;37106;40.96133;-6.26548
Ciudad Rodrigo;Salamanca;37107;40.59973;-6.53298
Coca de Alba;Salamanca;37108;40.87766;-5.36582
Colmenar de Montemayor;Salamanca;37109;40.40082;-5.95749
Cordovilla;Salamanca;37110;40.95134;-5.40639
Cristóbal;Salamanca;37112;40.4684;-5.88947
Cubo de Don Sancho, El;Salamanca;37113;40.89123;-6.30533
Chagarcía Medianero;Salamanca;37114;40.64963;-5.38152
Dios le Guarde;Salamanca;37115;40.64214;-6.31315
Doñinos de Ledesma;Salamanca;37116;41.012;-6.03417
Doñinos de Salamanca;Salamanca;37117;40.9602;-5.74381
Éjeme;Salamanca;37118;40.76639;-5.53843
Encina, La;Salamanca;37119;41.0133;-6.09308
Encina de San Silvestre;Salamanca;37120;41.0133;-6.09308
Encinas de Abajo;Salamanca;37121;40.93447;-5.47057
Encinas de Arriba;Salamanca;37122;40.77119;-5.55681
Encinasola de los Comendadores;Salamanca;37123;41.03005;-6.53231
Endrinal;Salamanca;37124;40.59119;-5.8044
Escurial de la Sierra;Salamanca;37125;40.61637;-5.95616
Espadaña;Salamanca;37126;41.06169;-6.28507
Espeja;Salamanca;37127;40.5652;-6.71595
Espino de la Orbada;Salamanca;37128;41.10699;-5.42407
Florida de Liébana;Salamanca;37129;41.02472;-5.76092
Forfoleda;Salamanca;37130;41.09808;-5.75039
Frades de la Sierra;Salamanca;37131;40.65611;-5.78398
Fregeneda, La;Salamanca;37132;40.95532;-5.70355
Fresnedoso;Salamanca;37133;40.43699;-5.71142
Fresno Alhándiga;Salamanca;37134;40.71308;-5.6152
Fuente de San Esteban, La;Salamanca;37135;40.8016;-6.25715
Fuenteguinaldo;Salamanca;37136;40.4282;-6.67584
Fuenteliante;Salamanca;37137;40.87443;-6.57233
Fuenterroble de Salvatierra;Salamanca;37138;40.56435;-5.73327
Fuentes de Béjar;Salamanca;37139;40.50807;-5.69248
Fuentes de Oñoro;Salamanca;37140;40.58991;-6.81232
Gajates;Salamanca;37141;40.78186;-5.36451
Galindo y Perahuy;Salamanca;37142;40.94274;-5.87199
Galinduste;Salamanca;37143;40.66304;-5.53942
Galisancho;Salamanca;37144;40.74413;-5.55484
Gallegos de Argañán;Salamanca;37145;40.63173;-6.70258
Gallegos de Solmirón;Salamanca;37146;40.53758;-5.4483
Garcibuey;Salamanca;37147;40.51562;-5.99449
Garcihernández;Salamanca;37148;40.86055;-5.4352
Garcirrey;Salamanca;37149;40.90097;-6.1305
Gejuelo del Barro;Salamanca;37150;41.07631;-6.1242
Golpejas;Salamanca;37151;41.00105;-5.90597
Gomecello;Salamanca;37152;41.04321;-5.53745
Guadramiro;Salamanca;37154;41.01717;-6.49365
Guijo de Ávila;Salamanca;37155;40.53093;-5.63988
Guijuelo;Salamanca;37156;40.55901;-5.67472
Herguijuela de Ciudad Rodrigo;Salamanca;37157;40.45792;-6.52164
Herguijuela de la Sierra;Salamanca;37158;40.44521;-6.07421
Herguijuela del Campo;Salamanca;37159;40.63092;-5.86341
Hinojosa de Duero;Salamanca;37160;40.98653;-6.79625
Horcajo de Montemayor;Salamanca;37161;40.42185;-5.89409
Horcajo Medianero;Salamanca;37162;40.63901;-5.40574
Hoya, La;Salamanca;37163;40.40719;-5.69873
Huerta;Salamanca;37164;40.96838;-5.46778
Iruelos;Salamanca;37165;41.14183;-6.32726
Ituero de Azaba;Salamanca;37166;40.4849;-6.69255
Juzbado;Salamanca;37167;41.07738;-5.86242
Lagunilla;Salamanca;37168;40.32464;-5.96872
Larrodrigo;Salamanca;37169;40.73693;-5.44876
Ledesma;Salamanca;37170;41.08715;-6.00177
Ledrada;Salamanca;37171;40.46926;-5.72077
Linares de Riofrío;Salamanca;37172;40.57844;-5.91852
Lumbrales;Salamanca;37173;40.93698;-6.71997
Macotera;Salamanca;37174;40.83156;-5.28542
Machacón;Salamanca;37175;40.92561;-5.52433
Madroñal;Salamanca;37176;40.46419;-6.06296
Maíllo, El;Salamanca;37177;40.57062;-6.22295
Malpartida;Salamanca;37178;40.76272;-5.23124
Mancera de Abajo;Salamanca;37179;40.83992;-5.19862
Manzano, El;Salamanca;37180;40.97871;-5.65189
Martiago;Salamanca;37181;40.45331;-6.49098
Martinamor;Salamanca;37182;40.80606;-5.59915
Martín de Yeltes;Salamanca;37183;40.77604;-6.29204
Masueco;Salamanca;37184;41.20408;-6.59035
Castellanos de Villiquera;Salamanca;37185;41.05225;-5.69433
Mata de Ledesma, La;Salamanca;37186;41.00052;-5.97103
Matilla de los Caños del Río;Salamanca;37187;40.82484;-5.94229
Maya, La;Salamanca;37188;40.9922;-5.70915
Membribe de la Sierra;Salamanca;37189;40.68979;-5.80572
Mieza;Salamanca;37190;41.16252;-6.68831
Milano, El;Salamanca;37191;40.96738;-5.67231
Miranda de Azán;Salamanca;37192;40.88712;-5.68145
Miranda del Castañar;Salamanca;37193;40.48419;-5.99666
Mogarraz;Salamanca;37194;40.49268;-6.05171
Molinillo;Salamanca;37195;40.4697;-5.9446
Monforte de la Sierra;Salamanca;37196;40.48293;-6.05634
Monleón;Salamanca;37197;40.5843;-5.84692
Monleras;Salamanca;37198;41.18617;-6.22631
Monsagro;Salamanca;37199;40.50379;-6.27112
Montejo;Salamanca;37200;40.63181;-5.6228
Montemayor del Río;Salamanca;37201;40.34944;-5.89409
Monterrubio de Armuña;Salamanca;37202;41.02852;-5.6425
Monterrubio de la Sierra;Salamanca;37203;40.75606;-5.69248
Morasverdes;Salamanca;37204;40.60327;-6.27544
Morille;Salamanca;37205;40.80681;-5.69971
Moríñigo;Salamanca;37206;40.96984;-5.41425
Moriscos;Salamanca;37207;41.00838;-5.58208
Moronta;Salamanca;37208;40.97672;-6.43103
Mozárbez;Salamanca;37209;40.85957;-5.65237
Narros de Matalayegua;Salamanca;37211;40.69879;-5.9271
Navacarros;Salamanca;37212;40.39655;-5.71485
Nava de Béjar;Salamanca;37213;40.47454;-5.67801
Nava de Francia;Salamanca;37214;40.53611;-6.11725
Nava de Sotrobal;Salamanca;37215;40.88956;-5.28542
Navales;Salamanca;37216;40.78781;-5.47975
Navalmoral de Béjar;Salamanca;37217;40.42303;-5.78323
Navamorales;Salamanca;37218;40.47655;-5.47844
Navarredonda de la Rinconada;Salamanca;37219;40.60691;-6.01069
Navasfrías;Salamanca;37221;40.29722;-6.82103
Negrilla de Palencia;Salamanca;37222;41.09204;-5.59258
Olmedo de Camaces;Salamanca;37223;40.88034;-6.62306
Orbada, La;Salamanca;37224;41.10354;-5.48368
Pajares de la Laguna;Salamanca;37225;41.08849;-5.5099
Palacios del Arzobispo;Salamanca;37226;41.16765;-5.88749
Palaciosrubios;Salamanca;37228;41.05227;-5.19405
Palencia de Negrilla;Salamanca;37229;41.09417;-5.60046
Parada de Arriba;Salamanca;37230;40.98662;-5.79386
Parada de Rubiales;Salamanca;37231;41.14844;-5.43651
Paradinas de San Juan;Salamanca;37232;40.983;-5.15336
Pastores;Salamanca;37233;40.51469;-6.50931
Payo, El;Salamanca;37234;40.28745;-6.72732
Pedraza de Alba;Salamanca;37235;40.75479;-5.37629
Pedrosillo de Alba;Salamanca;37236;40.8221;-5.39461
Pedrosillo de los Aires;Salamanca;37237;40.71499;-5.70563
Pedrosillo el Ralo;Salamanca;37238;41.06274;-5.54926
Pedroso de la Armuña, El;Salamanca;37239;41.1071;-5.43336
Pelabravo;Salamanca;37240;40.93681;-5.57945
Pelarrodríguez;Salamanca;37241;40.8868;-6.21304
Pelayos;Salamanca;37242;40.65055;-5.57551
Peña, La;Salamanca;37243;40.73335;-5.93284
Peñacaballera;Salamanca;37244;40.34446;-5.86081
Peñaparda;Salamanca;37245;40.32129;-6.66983
Peñaranda de Bracamonte;Salamanca;37246;40.8996;-5.20318
Peñarandilla;Salamanca;37247;40.88394;-5.3933
Peralejos de Abajo;Salamanca;37248;41.00443;-6.36183
Peralejos de Arriba;Salamanca;37249;41.00471;-6.33391
Pereña de la Ribera;Salamanca;37250;41.23791;-6.52364
Peromingo;Salamanca;37251;40.4635;-5.77278
Pinedas;Salamanca;37252;40.44512;-5.96013
Pino de Tormes, El;Salamanca;37253;41.03947;-5.79254
Pitiegua;Salamanca;37254;41.06232;-5.46599
Pizarral;Salamanca;37255;40.61522;-5.65171
Poveda de las Cintas;Salamanca;37256;41.04614;-5.25996
Pozos de Hinojo;Salamanca;37257;40.91371;-6.41106
Puebla de Azaba;Salamanca;37258;40.44728;-6.74572
Puebla de San Medel;Salamanca;37259;40.51126;-5.73689
Puebla de Yeltes;Salamanca;37260;40.62605;-6.18121
Puente del Congosto;Salamanca;37261;40.48813;-5.52827
Puertas;Salamanca;37262;41.09667;-6.28772
Puerto de Béjar;Salamanca;37263;40.34971;-5.83868
Puerto Seguro;Salamanca;37264;40.82702;-6.76077
Rágama;Salamanca;37265;40.99735;-5.12887
Redonda, La;Salamanca;37266;41.01854;-5.67333
Retortillo;Salamanca;37267;40.80166;-6.3595
Rinconada de la Sierra, La;Salamanca;37268;40.61302;-6.02094
Robleda;Salamanca;37269;40.38465;-6.6057
Robliza de Cojos;Salamanca;37270;40.86777;-5.97731
Rollán;Salamanca;37271;40.96206;-5.91852
Saelices el Chico;Salamanca;37272;40.67052;-6.63241
Sagrada, La;Salamanca;37273;40.97925;-5.65233
Salamanca;Salamanca;37274;40.97223;-5.64899
Saldeana;Salamanca;37275;41.02144;-6.63909
Salmoral;Salamanca;37276;40.80112;-5.21949
Salvatierra de Tormes;Salamanca;37277;40.58938;-5.59718
San Cristóbal de la Cuesta;Salamanca;37278;41.02737;-5.6182
Sancti-Spíritus;Salamanca;37279;40.7071;-6.39842
Sanchón de la Ribera;Salamanca;37280;41.08816;-6.41373
Sanchón de la Sagrada;Salamanca;37281;40.74391;-6.02524
Sanchotello;Salamanca;37282;40.43784;-5.75302
Sando;Salamanca;37283;40.96774;-6.11096
San Esteban de la Sierra;Salamanca;37284;40.50624;-5.90597
San Felices de los Gallegos;Salamanca;37285;40.84837;-6.70793
San Martín del Castañar;Salamanca;37286;40.5218;-6.06428
San Miguel de Valero;Salamanca;37287;40.54284;-5.92116
San Morales;Salamanca;37288;40.9933;-5.50335
San Muñoz;Salamanca;37289;40.78304;-6.12685
San Pedro del Valle;Salamanca;37290;41.03349;-5.8611
San Pedro de Rozados;Salamanca;37291;40.78985;-5.73656
San Pelayo de Guareña;Salamanca;37292;41.11654;-5.85715
Santa María de Sando;Salamanca;37293;40.97933;-6.12951
Santa Marta de Tormes;Salamanca;37294;40.94973;-5.62628
Santiago de la Puebla;Salamanca;37296;40.80152;-5.2802
Santibáñez de Béjar;Salamanca;37297;40.48874;-5.60992
Santibáñez de la Sierra;Salamanca;37298;40.49435;-5.91522
Santiz;Salamanca;37299;41.20661;-5.89739
Santos, Los;Salamanca;37300;40.96223;-5.65277
Sardón de los Frailes;Salamanca;37301;41.21251;-6.27145
Saucelle;Salamanca;37302;41.04738;-6.75408
Sahugo, El;Salamanca;37303;40.41494;-6.54165
Sepulcro-Hilario;Salamanca;37304;40.699;-6.18784
Sequeros;Salamanca;37305;40.51244;-6.02524
Serradilla del Arroyo;Salamanca;37306;40.52173;-6.36017
Serradilla del Llano;Salamanca;37307;40.50001;-6.35784
Sierpe, La;Salamanca;37309;40.96365;-5.66867
Sieteiglesias de Tormes;Salamanca;37310;40.74143;-5.57814
Sobradillo;Salamanca;37311;40.91868;-6.79625
Sorihuela;Salamanca;37312;40.44408;-5.67801
Sotoserrano;Salamanca;37313;40.435;-6.03285
Tabera de Abajo;Salamanca;37314;40.91024;-6.0021
Tala, La;Salamanca;37315;40.58981;-5.53686
Tamames;Salamanca;37316;40.65722;-6.10632
Tarazona de Guareña;Salamanca;37317;41.17209;-5.25082
Tardáguila;Salamanca;37318;41.11426;-5.5742
Tejado, El;Salamanca;37319;40.96446;-5.67132
Tejeda y Segoyuela;Salamanca;37320;40.63159;-6.0226
Tenebrón;Salamanca;37321;40.62457;-6.35418
Terradillos;Salamanca;37322;40.83785;-5.54139
Topas;Salamanca;37323;41.15714;-5.63397
Tordillos;Salamanca;37324;40.85113;-5.3534
Tornadizo, El;Salamanca;37325;40.54246;-5.89145
Torresmenudas;Salamanca;37327;41.10205;-5.78398
Trabanca;Salamanca;37328;41.23347;-6.3845
Tremedal de Tormes;Salamanca;37329;41.07452;-6.18121
Valdecarros;Salamanca;37330;40.76973;-5.42145
Valdefuentes de Sangusín;Salamanca;37331;40.46627;-5.83143
Valdehijaderos;Salamanca;37332;40.41911;-5.84791
Valdelacasa;Salamanca;37333;40.50588;-5.76224
Valdelageve;Salamanca;37334;40.36856;-5.99185
Valdelosa;Salamanca;37335;41.17083;-5.78433
Valdemierque;Salamanca;37336;40.82202;-5.58208
Valderrodrigo;Salamanca;37337;41.06529;-6.50831
Valdunciel;Salamanca;37338;41.08561;-5.67275
Valero;Salamanca;37339;40.53483;-5.94163
Valsalabroso;Salamanca;37340;41.10948;-6.50298
Valverde de Valdelacasa;Salamanca;37341;40.48147;-5.78134
Valverdón;Salamanca;37342;41.04694;-5.76883
Vallejera de Riofrío;Salamanca;37343;40.40866;-5.72044
Vecinos;Salamanca;37344;40.77849;-5.87825
Vega de Tirados;Salamanca;37345;41.02587;-5.88749
Veguillas, Las;Salamanca;37346;40.97136;-5.67318
Vellés, La;Salamanca;37347;40.9675;-5.67131
Ventosa del Río Almar;Salamanca;37348;40.92758;-5.34882
Vídola, La;Salamanca;37349;41.15424;-6.48698
Vilvestre;Salamanca;37350;41.10619;-6.72398
Villaflores;Salamanca;37351;41.08251;-5.23385
Villagonzalo de Tormes;Salamanca;37352;40.89292;-5.49679
Villalba de los Llanos;Salamanca;37353;40.79984;-5.97467
Villamayor;Salamanca;37354;41.00166;-5.69379
Villanueva del Conde;Salamanca;37355;40.50966;-6.01169
Villar de Argañán;Salamanca;37356;40.673;-6.72063
Villar de Ciervo;Salamanca;37357;40.7373;-6.73881
Villar de Gallimazo;Salamanca;37358;40.95301;-5.28869
Villar de la Yegua;Salamanca;37359;40.72754;-6.70525
Villar de Peralonso;Salamanca;37360;41.03148;-6.22299
Villar de Samaniego;Salamanca;37361;41.12417;-6.44801
Villares de la Reina;Salamanca;37362;41.00836;-5.64711
Villares de Yeltes;Salamanca;37363;40.86581;-6.41239
Villarino de los Aires;Salamanca;37364;41.26857;-6.46766
Villarmayor;Salamanca;37365;41.01451;-5.974
Villarmuerto;Salamanca;37366;41.05584;-6.36316
Villasbuenas;Salamanca;37367;41.06154;-6.59636
Villasdardo;Salamanca;37368;41.00428;-6.16231
Villaseco de los Gamitos;Salamanca;37369;41.03545;-6.11361
Villaseco de los Reyes;Salamanca;37370;41.16208;-6.18518
Villasrubias;Salamanca;37371;40.33822;-6.64043
Villaverde de Guareña;Salamanca;37372;41.06387;-5.52564
Villavieja de Yeltes;Salamanca;37373;40.87587;-6.46899
Villoria;Salamanca;37374;40.99373;-5.37433
Villoruela;Salamanca;37375;41.00784;-5.39526
Vitigudino;Salamanca;37376;41.00842;-6.43703
Yecla de Yeltes;Salamanca;37377;40.95969;-6.48832
Zamarra;Salamanca;37378;40.51884;-6.45234
Zamayón;Salamanca;37379;41.14798;-5.83077
Zarapicos;Salamanca;37380;41.03843;-5.84429
Zarza de Pumareda, La;Salamanca;37381;41.16127;-6.62765
Zorita de la Frontera;Salamanca;37382;41.01444;-5.19666
Adeje;Santa Cruz de Tenerife;38001;28.12206;-16.73382
Agulo;Santa Cruz de Tenerife;38002;28.18794;-17.19498
Alajeró;Santa Cruz de Tenerife;38003;28.06336;-17.23783
Arafo;Santa Cruz de Tenerife;38004;28.33859;-16.42145
Arico;Santa Cruz de Tenerife;38005;28.1926;-16.51127
Arona;Santa Cruz de Tenerife;38006;28.09972;-16.68056
Barlovento;Santa Cruz de Tenerife;38007;28.82789;-17.80434
Breña Alta;Santa Cruz de Tenerife;38008;28.66298;-17.7917
Breña Baja;Santa Cruz de Tenerife;38009;28.6413;-17.77247
Buenavista del Norte;Santa Cruz de Tenerife;38010;28.3728;-16.85176
Candelaria;Santa Cruz de Tenerife;38011;28.35568;-16.37172
Fasnia;Santa Cruz de Tenerife;38012;28.23651;-16.44022
Frontera;Santa Cruz de Tenerife;38013;27.75432;-18.00931
Fuencaliente de la Palma;Santa Cruz de Tenerife;38014;28.5071;-17.84654
Garachico;Santa Cruz de Tenerife;38015;28.37325;-16.76401
Garafía;Santa Cruz de Tenerife;38016;28.79065;-17.91763
Granadilla de Abona;Santa Cruz de Tenerife;38017;28.12227;-16.57689
Guancha, La;Santa Cruz de Tenerife;38018;28.29156;-16.62913
Guía de Isora;Santa Cruz de Tenerife;38019;28.21111;-16.77833
Güímar;Santa Cruz de Tenerife;38020;28.31059;-16.41257
Hermigua;Santa Cruz de Tenerife;38021;28.16599;-17.19757
Icod de los Vinos;Santa Cruz de Tenerife;38022;28.36714;-16.71376
San Cristóbal de La Laguna;Santa Cruz de Tenerife;38023;28.4874;-16.31591
Llanos de Aridane, Los;Santa Cruz de Tenerife;38024;28.65772;-17.9122
Matanza de Acentejo, La;Santa Cruz de Tenerife;38025;28.44787;-16.45807
Orotava, La;Santa Cruz de Tenerife;38026;28.47121;-16.27511
Paso, El;Santa Cruz de Tenerife;38027;28.65528;-17.88949
Puerto de la Cruz;Santa Cruz de Tenerife;38028;28.41141;-16.54496
Puntagorda;Santa Cruz de Tenerife;38029;28.77426;-17.97767
Puntallana;Santa Cruz de Tenerife;38030;28.73978;-17.74546
Realejos, Los;Santa Cruz de Tenerife;38031;28.47336;-16.27486
Rosario, El;Santa Cruz de Tenerife;38032;28.29156;-16.62913
San Andrés y Sauces;Santa Cruz de Tenerife;38033;28.78422;-17.79915
San Juan de la Rambla;Santa Cruz de Tenerife;38034;28.39366;-16.64939
San Miguel de Abona;Santa Cruz de Tenerife;38035;28.07719;-16.61734
San Sebastián de la Gomera;Santa Cruz de Tenerife;38036;28.0938;-17.10986
Santa Cruz de la Palma;Santa Cruz de Tenerife;38037;28.68399;-17.76457
Santa Cruz de Tenerife;Santa Cruz de Tenerife;38038;28.46363;-16.25185
Santa Úrsula;Santa Cruz de Tenerife;38039;28.42438;-16.49496
Santiago del Teide;Santa Cruz de Tenerife;38040;28.29726;-16.81563
Sauzal, El;Santa Cruz de Tenerife;38041;28.29156;-16.62913
Silos, Los;Santa Cruz de Tenerife;38042;28.29156;-16.62913
Tacoronte;Santa Cruz de Tenerife;38043;28.47979;-16.41332
Tanque, El;Santa Cruz de Tenerife;38044;28.47288;-16.27433
Tazacorte;Santa Cruz de Tenerife;38045;28.64272;-17.93318
Tegueste;Santa Cruz de Tenerife;38046;28.52284;-16.33793
Tijarafe;Santa Cruz de Tenerife;38047;28.71109;-17.95618
Valverde;Santa Cruz de Tenerife;38048;27.80978;-17.91504
Valle Gran Rey;Santa Cruz de Tenerife;38049;28.08496;-17.33388
Vallehermoso;Santa Cruz de Tenerife;38050;28.1802;-17.2659
Victoria de Acentejo, La;Santa Cruz de Tenerife;38051;28.43517;-16.47093
Vilaflor de Chasna;Santa Cruz de Tenerife;38052;28.16517;-16.64092
Villa de Mazo;Santa Cruz de Tenerife;38053;28.62207;-17.78068
Pinar de El Hierro, El;Santa Cruz de Tenerife;38901;27.66558;-17.98903
Alfoz de Lloredo;Cantabria;39001;43.36666;-4.16667
Ampuero;Cantabria;39002;43.34346;-3.41566
Anievas;Cantabria;39003;43.2;-4.0
Arenas de Iguña;Cantabria;39004;43.18615;-4.05003
Argoños;Cantabria;39005;43.45803;-3.48592
Arnuero;Cantabria;39006;43.47295;-3.56292
Arredondo;Cantabria;39007;43.27427;-3.60153
Astillero, El;Cantabria;39008;43.39898;-3.81935
Bárcena de Cicero;Cantabria;39009;43.41996;-3.50568
Bárcena de Pie de Concha;Cantabria;39010;43.12004;-4.04647
Bareyo;Cantabria;39011;43.47031;-3.59661
Cabezón de la Sal;Cantabria;39012;43.3074;-4.23239
Cabezón de Liébana;Cantabria;39013;43.13258;-4.57604
Cabuérniga;Cantabria;39014;43.20371;-4.30376
Camaleño;Cantabria;39015;43.15001;-4.6939
Camargo;Cantabria;39016;43.40667;-3.88333
Campoo de Yuso;Cantabria;39017;43.01667;-4.0
Cartes;Cantabria;39018;43.32322;-4.06976
Castañeda;Cantabria;39019;43.31572;-3.95332
Castro-Urdiales;Cantabria;39020;43.38277;-3.21957
Cieza;Cantabria;39021;43.21667;-4.08333
Cillorigo de Liébana;Cantabria;39022;43.16667;-4.58333
Colindres;Cantabria;39023;43.39538;-3.44936
Comillas;Cantabria;39024;43.38564;-4.29151
Corrales de Buelna, Los;Cantabria;39025;43.25978;-4.06699
Corvera de Toranzo;Cantabria;39026;43.2129;-3.95724
Campoo de Enmedio;Cantabria;39027;42.96667;-4.15
Entrambasaguas;Cantabria;39028;43.37997;-3.6846
Escalante;Cantabria;39029;43.43679;-3.5141
Guriezo;Cantabria;39030;43.35442;-3.32547
Hazas de Cesto;Cantabria;39031;43.39733;-3.58816
Hermandad de Campoo de Suso;Cantabria;39032;43.01667;-4.21667
Herrerías;Cantabria;39033;43.3088;-4.48616
Lamasón;Cantabria;39034;43.25;-4.46667
Laredo;Cantabria;39035;43.41148;-3.41248
Liendo;Cantabria;39036;43.39421;-3.38212
Liérganes;Cantabria;39037;43.34212;-3.74217
Limpias;Cantabria;39038;43.36872;-3.3987
Luena;Cantabria;39039;43.09888;-3.89608
Marina de Cudeyo;Cantabria;39040;43.41667;-3.75
Mazcuerras;Cantabria;39041;43.29861;-4.20667
Medio Cudeyo;Cantabria;39042;43.38139;-3.73167
Meruelo;Cantabria;39043;43.45694;-3.57389
Miengo;Cantabria;39044;43.42711;-3.99526
Miera;Cantabria;39045;43.27555;-3.71194
Molledo;Cantabria;39046;43.15285;-4.04228
Noja;Cantabria;39047;43.47997;-3.52139
Penagos;Cantabria;39048;43.35154;-3.81413
Peñarrubia;Cantabria;39049;43.25583;-4.57861
Pesaguero;Cantabria;39050;43.07704;-4.53898
Pesquera;Cantabria;39051;43.08223;-4.07946
Piélagos;Cantabria;39052;43.38657;-3.95724
Polaciones;Cantabria;39053;43.10194;-4.41305
Polanco;Cantabria;39054;43.385;-4.01619
Potes;Cantabria;39055;43.15347;-4.6227
Puente Viesgo;Cantabria;39056;43.29906;-3.96492
Ramales de la Victoria;Cantabria;39057;43.25792;-3.46515
Rasines;Cantabria;39058;43.30417;-3.42898
Reinosa;Cantabria;39059;43.00071;-4.13915
Reocín;Cantabria;39060;43.34273;-4.09557
Ribamontán al Mar;Cantabria;39061;43.45555;-3.67
Ribamontán al Monte;Cantabria;39062;43.40805;-3.66139
Rionansa;Cantabria;39063;43.25472;-4.4025
Riotuerto;Cantabria;39064;43.34002;-3.66478
Rozas de Valdearroyo, Las;Cantabria;39065;42.97235;-4.03187
Ruente;Cantabria;39066;43.25963;-4.26568
Ruesga;Cantabria;39067;43.2825;-3.56
Ruiloba;Cantabria;39068;43.38167;-4.25083
San Felices de Buelna;Cantabria;39069;43.27528;-4.04861
San Miguel de Aguayo;Cantabria;39070;43.05291;-4.02656
San Pedro del Romeral;Cantabria;39071;43.11516;-3.81903
San Roque de Riomiera;Cantabria;39072;43.23583;-3.70028
Santa Cruz de Bezana;Cantabria;39073;43.44282;-3.90478
Santa María de Cayón;Cantabria;39074;43.31036;-3.85423
Santander;Cantabria;39075;43.46096;-3.80793
Santillana del Mar;Cantabria;39076;43.38897;-4.10918
Santiurde de Reinosa;Cantabria;39077;43.06131;-4.08107
Santiurde de Toranzo;Cantabria;39078;43.23869;-3.94001
Santoña;Cantabria;39079;43.44215;-3.45319
San Vicente de la Barquera;Cantabria;39080;43.38593;-4.39809
Saro;Cantabria;39081;43.26129;-3.82988
Selaya;Cantabria;39082;43.21114;-3.80495
Soba;Cantabria;39083;43.18806;-3.51722
Solórzano;Cantabria;39084;43.37978;-3.58689
Suances;Cantabria;39085;43.42658;-4.04197
Tojos, Los;Cantabria;39086;43.15422;-4.25417
Torrelavega;Cantabria;39087;43.35146;-4.04702
Tresviso;Cantabria;39088;43.25784;-4.66678
Tudanca;Cantabria;39089;43.15389;-4.37528
Udías;Cantabria;39090;43.33833;-4.24694
Valdáliga;Cantabria;39091;43.32917;-4.34917
Valdeolea;Cantabria;39092;42.87778;-4.16222
Valdeprado del Río;Cantabria;39093;42.87528;-4.09288
Valderredible;Cantabria;39094;42.80722;-3.93917
Val de San Vicente;Cantabria;39095;43.3775;-4.48361
Vega de Liébana;Cantabria;39096;43.06046;-4.6657
Vega de Pas;Cantabria;39097;43.15893;-3.78201
Villacarriedo;Cantabria;39098;43.23019;-3.80576
Villaescusa;Cantabria;39099;43.37305;-3.85083
Villafufre;Cantabria;39100;43.26608;-3.89347
Valle de Villaverde;Cantabria;39101;43.24528;-3.26028
Voto;Cantabria;39102;43.35583;-3.49556
Abades;Segovia;40001;40.91586;-4.26859
Adrada de Pirón;Segovia;40002;41.05245;-4.05134
Adrados;Segovia;40003;41.3686;-4.11236
Aguilafuente;Segovia;40004;41.22647;-4.11172
Alconada de Maderuelo;Segovia;40005;41.45006;-3.48503
Aldealcorvo;Segovia;40006;41.2434;-3.79146
Aldealengua de Pedraza;Segovia;40007;41.02752;-3.79432
Aldealengua de Santa María;Segovia;40008;41.46202;-3.46656
Aldeanueva de la Serrezuela;Segovia;40009;41.46119;-3.78097
Aldeanueva del Codonal;Segovia;40010;41.08159;-4.54375
Aldea Real;Segovia;40012;41.18505;-4.16481
Aldeasoña;Segovia;40013;41.47182;-4.05613
Aldehorno;Segovia;40014;41.51279;-3.77812
Aldehuela del Codonal;Segovia;40015;41.05414;-4.53859
Aldeonte;Segovia;40016;41.35106;-3.67785
Anaya;Segovia;40017;40.99124;-4.30836
Añe;Segovia;40018;41.03828;-4.29553
Arahuetes;Segovia;40019;41.13768;-3.85694
Arcones;Segovia;40020;41.11816;-3.72415
Arevalillo de Cega;Segovia;40021;41.16173;-3.88876
Armuña;Segovia;40022;41.07766;-4.31863
Ayllón;Segovia;40024;41.42002;-3.37606
Barbolla;Segovia;40025;41.32559;-3.67151
Basardilla;Segovia;40026;41.02788;-4.02549
Bercial;Segovia;40028;40.907;-4.43686
Bercimuel;Segovia;40029;41.39916;-3.57051
Bernardos;Segovia;40030;41.12737;-4.35009
Bernuy de Porreros;Segovia;40031;40.99941;-4.11876
Boceguillas;Segovia;40032;41.33696;-3.63888
Brieva;Segovia;40033;41.03445;-4.05358
Caballar;Segovia;40034;41.12084;-3.96457
Cabañas de Polendos;Segovia;40035;41.06673;-4.11013
Cabezuela;Segovia;40036;41.2359;-3.93111
Calabazas de Fuentidueña;Segovia;40037;41.44565;-4.00985
Campo de San Pedro;Segovia;40039;41.43051;-3.54711
Cantalejo;Segovia;40040;41.25795;-3.92792
Cantimpalos;Segovia;40041;41.07423;-4.15849
Carbonero el Mayor;Segovia;40043;41.12039;-4.26795
Carrascal del Río;Segovia;40044;41.36729;-3.89799
Casla;Segovia;40045;41.16586;-3.65662
Castillejo de Mesleón;Segovia;40046;41.28083;-3.6012
Castro de Fuentidueña;Segovia;40047;41.42094;-3.85503
Castrojimeno;Segovia;40048;41.39523;-3.84835
Castroserna de Abajo;Segovia;40049;41.2078;-3.73376
Castroserracín;Segovia;40051;41.39424;-3.80258
Cedillo de la Torre;Segovia;40052;41.42442;-3.60577
Cerezo de Abajo;Segovia;40053;41.2178;-3.59171
Cerezo de Arriba;Segovia;40054;41.23891;-3.55818
Cilleruelo de San Mamés;Segovia;40055;41.43307;-3.56545
Cobos de Fuentidueña;Segovia;40056;41.38286;-3.92761
Coca;Segovia;40057;41.2158;-4.52206
Codorniz;Segovia;40058;41.06552;-4.6005
Collado Hermoso;Segovia;40059;41.03911;-3.91837
Condado de Castilnovo;Segovia;40060;41.24511;-3.74859
Corral de Ayllón;Segovia;40061;41.39129;-3.4593
Cubillo;Segovia;40062;41.12087;-3.9085
Cuéllar;Segovia;40063;41.40117;-4.3118
Chañe;Segovia;40065;41.33937;-4.42654
Domingo García;Segovia;40068;41.11591;-4.37932
Donhierro;Segovia;40069;41.1157;-4.69607
Duruelo;Segovia;40070;41.2361;-3.64807
Encinas;Segovia;40071;41.37483;-3.66803
Encinillas;Segovia;40072;41.01783;-4.15809
Escalona del Prado;Segovia;40073;41.16579;-4.12451
Escarabajosa de Cabezas;Segovia;40074;41.10492;-4.19298
Escobar de Polendos;Segovia;40075;41.09049;-4.13123
Espinar, El;Segovia;40076;40.74085;-4.18948
Espirdo;Segovia;40077;40.99722;-4.07402
Fresneda de Cuéllar;Segovia;40078;41.31854;-4.44973
Fresno de Cantespino;Segovia;40079;41.3685;-3.4994
Fresno de la Fuente;Segovia;40080;41.39186;-3.64395
Frumales;Segovia;40081;41.38344;-4.18658
Fuente de Santa Cruz;Segovia;40082;41.20976;-4.63535
Fuente el Olmo de Fuentidueña;Segovia;40083;41.37909;-4.00092
Fuente el Olmo de Íscar;Segovia;40084;41.28054;-4.4935
Fuentepelayo;Segovia;40086;41.22237;-4.17377
Fuentepiñel;Segovia;40087;41.3995;-4.04304
Fuenterrebollo;Segovia;40088;41.29606;-3.93111
Fuentesaúco de Fuentidueña;Segovia;40089;41.42418;-4.06124
Fuentesoto;Segovia;40091;41.4563;-3.91805
Fuentidueña;Segovia;40092;41.44236;-3.9786
Gallegos;Segovia;40093;41.07469;-3.7851
Garcillán;Segovia;40094;40.97896;-4.26603
Gomezserracín;Segovia;40095;41.28888;-4.32441
Grajera;Segovia;40097;41.37344;-3.61292
Honrubia de la Cuesta;Segovia;40099;41.51019;-3.70449
Hontalbilla;Segovia;40100;41.34576;-4.12131
Hontanares de Eresma;Segovia;40101;40.98252;-4.20323
Huertos, Los;Segovia;40103;40.94997;-4.1213
Ituero y Lama;Segovia;40104;40.80037;-4.37868
Juarros de Riomoros;Segovia;40105;40.94589;-4.30836
Juarros de Voltoya;Segovia;40106;41.03035;-4.5199
Labajos;Segovia;40107;40.84321;-4.52055
Laguna de Contreras;Segovia;40108;41.49495;-4.02836
Languilla;Segovia;40109;41.44955;-3.42365
Lastras de Cuéllar;Segovia;40110;41.29744;-4.10725
Lastras del Pozo;Segovia;40111;40.87861;-4.34592
Lastrilla, La;Segovia;40112;40.93403;-4.11365
Losa, La;Segovia;40113;40.89209;-4.1751
Maderuelo;Segovia;40115;41.48369;-3.52436
Marazuela;Segovia;40118;40.979;-4.36615
Martín Miguel;Segovia;40119;40.95161;-4.27308
Martín Muñoz de la Dehesa;Segovia;40120;41.06696;-4.68961
Martín Muñoz de las Posadas;Segovia;40121;40.99458;-4.59727
Marugán;Segovia;40122;40.89454;-4.3835
Matabuena;Segovia;40123;41.09601;-3.75811
Mata de Cuéllar;Segovia;40124;41.39589;-4.47096
Matilla, La;Segovia;40125;41.19153;-3.79495
Melque de Cercos;Segovia;40126;41.05182;-4.46903
Membibre de la Hoz;Segovia;40127;41.44755;-4.09798
Migueláñez;Segovia;40128;41.12116;-4.36486
Montejo de Arévalo;Segovia;40129;41.13961;-4.66376
Montejo de la Vega de la Serrezuela;Segovia;40130;41.54801;-3.65314
Monterrubio;Segovia;40131;40.8494;-4.35105
Moral de Hornuez;Segovia;40132;41.46398;-3.61608
Mozoncillo;Segovia;40134;41.14681;-4.18613
Muñopedro;Segovia;40135;40.88801;-4.47161
Muñoveros;Segovia;40136;41.17247;-3.9515
Nava de la Asunción;Segovia;40138;41.1546;-4.49157
Navafría;Segovia;40139;41.05481;-3.82546
Navalilla;Segovia;40140;41.34105;-3.93366
Navalmanzano;Segovia;40141;41.21616;-4.25769
Navares de Ayuso;Segovia;40142;41.37358;-3.70734
Navares de Enmedio;Segovia;40143;41.38059;-3.72257
Navares de las Cuevas;Segovia;40144;41.41345;-3.75049
Navas de Oro;Segovia;40145;41.19424;-4.44008
Navas de San Antonio;Segovia;40146;40.7602;-4.32954
Nieva;Segovia;40148;41.08105;-4.42636
Olombrada;Segovia;40149;41.41562;-4.16097
Orejana;Segovia;40150;41.16051;-3.77229
Ortigosa de Pestaño;Segovia;40151;41.08694;-4.39492
Otero de Herreros;Segovia;40152;40.81773;-4.20899
Pajarejos;Segovia;40154;41.38981;-3.5895
Palazuelos de Eresma;Segovia;40155;40.93094;-4.05996
Pedraza;Segovia;40156;41.13071;-3.81147
Pelayos del Arroyo;Segovia;40157;41.05124;-3.94099
Perosillo;Segovia;40158;41.39228;-4.14082
Pinarejos;Segovia;40159;41.25936;-4.29296
Pinarnegrillo;Segovia;40160;41.191;-4.20835
Carabias;Segovia;40161;41.45566;-3.70766
Prádena;Segovia;40162;41.13844;-3.68958
Puebla de Pedraza;Segovia;40163;41.20485;-3.91296
Rapariegos;Segovia;40164;41.09482;-4.65343
Rebollo;Segovia;40165;41.19291;-3.85758
Remondo;Segovia;40166;41.34037;-4.48384
Riaguas de San Bartolomé;Segovia;40168;41.42636;-3.48866
Riaza;Segovia;40170;41.27738;-3.47887
Ribota;Segovia;40171;41.36497;-3.42933
Riofrío de Riaza;Segovia;40172;41.24706;-3.44968
Roda de Eresma;Segovia;40173;41.02737;-4.18146
Sacramenia;Segovia;40174;41.49383;-3.9617
Samboal;Segovia;40176;41.25781;-4.41692
San Cristóbal de Cuéllar;Segovia;40177;41.40597;-4.40406
San Cristóbal de la Vega;Segovia;40178;41.11247;-4.64407
Sanchonuño;Segovia;40179;41.3247;-4.30387
Sangarcía;Segovia;40180;40.94817;-4.41499
Real Sitio de San Ildefonso;Segovia;40181;40.90212;-4.00729
San Martín y Mudrián;Segovia;40182;41.22916;-4.34624
San Miguel de Bernuy;Segovia;40183;41.39829;-3.95182
San Pedro de Gaíllos;Segovia;40184;41.22746;-3.80893
Santa María la Real de Nieva;Segovia;40185;41.06933;-4.40599
Santa Marta del Cerro;Segovia;40186;41.21863;-3.68483
Santiuste de Pedraza;Segovia;40188;41.08452;-3.89608
Santiuste de San Juan Bautista;Segovia;40189;41.15648;-4.57147
Santo Domingo de Pirón;Segovia;40190;41.04138;-3.99008
Santo Tomé del Puerto;Segovia;40191;41.1941;-3.5773
Sauquillo de Cabezas;Segovia;40192;41.19349;-4.06891
Sebúlcor;Segovia;40193;41.271;-3.88494
Segovia;Segovia;40194;40.93403;-4.11365
Sepúlveda;Segovia;40195;41.29744;-3.74886
Sequera de Fresno;Segovia;40196;41.36737;-3.54648
Sotillo;Segovia;40198;41.2586;-3.63718
Sotosalbos;Segovia;40199;41.03488;-3.94099
Tabanera la Luenga;Segovia;40200;41.09695;-4.2391
Tolocirio;Segovia;40201;41.13385;-4.65085
Torreadrada;Segovia;40202;41.44427;-3.83945
Torrecaballeros;Segovia;40203;40.99589;-4.0223
Torrecilla del Pinar;Segovia;40204;41.37372;-4.03825
Torreiglesias;Segovia;40205;41.10307;-4.03315
Torre Val de San Pedro;Segovia;40206;41.07365;-3.87096
Trescasas;Segovia;40207;40.962;-4.03698
Turégano;Segovia;40208;41.15486;-4.00698
Urueñas;Segovia;40210;41.35517;-3.77335
Valdeprados;Segovia;40211;40.81756;-4.25673
Valdevacas de Montejo;Segovia;40212;41.52112;-3.6354
Valdevacas y Guijar;Segovia;40213;41.14416;-3.91646
Valseca;Segovia;40214;40.99996;-4.17377
Valtiendas;Segovia;40215;41.47818;-3.91741
Valverde del Majano;Segovia;40216;40.95555;-4.23462
Valle de Tabladillo;Segovia;40218;41.363;-3.83945
Vallelado;Segovia;40219;41.40508;-4.42721
Valleruela de Pedraza;Segovia;40220;41.17973;-3.8056
Valleruela de Sepúlveda;Segovia;40221;41.1888;-3.77303
Veganzones;Segovia;40222;41.19362;-3.99358
Vegas de Matute;Segovia;40223;40.79422;-4.28142
Ventosilla y Tejadilla;Segovia;40224;41.18685;-3.68768
Villacastín;Segovia;40225;40.77985;-4.41178
Villaverde de Íscar;Segovia;40228;41.30677;-4.52699
Villaverde de Montejo;Segovia;40229;41.52239;-3.6544
Villeguillo;Segovia;40230;41.25214;-4.57856
Yanguas de Eresma;Segovia;40231;41.07187;-4.2393
Zarzuela del Monte;Segovia;40233;40.80859;-4.33661
Zarzuela del Pinar;Segovia;40234;41.26085;-4.1844
Ortigosa del Monte;Segovia;40901;40.83923;-4.17313
Cozuelos de Fuentidueña;Segovia;40902;41.39175;-4.09446
Marazoleja;Segovia;40903;40.96112;-4.33917
Navas de Riofrío;Segovia;40904;40.86777;-4.1341
Cuevas de Provanco;Segovia;40905;41.54219;-3.96138
San Cristóbal de Segovia;Segovia;40906;40.95118;-4.07593
Aguadulce;Sevilla;41001;37.25283;-4.99113
Alanís;Sevilla;41002;38.03748;-5.71529
Albaida del Aljarafe;Sevilla;41003;37.42702;-6.16593
Alcalá de Guadaíra;Sevilla;41004;37.33833;-5.84403
Alcalá del Río;Sevilla;41005;37.51827;-5.97824
Alcolea del Río;Sevilla;41006;37.61416;-5.67129
Algaba, La;Sevilla;41007;37.37104;-5.94575
Algámitas;Sevilla;41008;37.01501;-5.14977
Almadén de la Plata;Sevilla;41009;37.87345;-6.07977
Almensilla;Sevilla;41010;37.30904;-6.11399
Arahal;Sevilla;41011;37.2641;-5.54283
Aznalcázar;Sevilla;41012;37.30518;-6.24841
Aznalcóllar;Sevilla;41013;37.52354;-6.26957
Badolatosa;Sevilla;41014;37.30871;-4.67286
Benacazón;Sevilla;41015;37.35343;-6.199
Bollullos de la Mitación;Sevilla;41016;37.34011;-6.13876
Bormujos;Sevilla;41017;37.37101;-6.07096
Brenes;Sevilla;41018;37.55057;-5.87307
Burguillos;Sevilla;41019;37.58725;-5.96727
Cabezas de San Juan, Las;Sevilla;41020;37.37301;-5.94278
Camas;Sevilla;41021;37.40087;-6.03291
Campana, La;Sevilla;41022;37.39272;-5.99511
Cantillana;Sevilla;41023;37.60867;-5.82583
Carmona;Sevilla;41024;37.47102;-5.64233
Carrión de los Céspedes;Sevilla;41025;37.36847;-6.32896
Casariche;Sevilla;41026;37.29389;-4.75953
Castilblanco de los Arroyos;Sevilla;41027;37.67459;-5.9893
Castilleja de Guzmán;Sevilla;41028;37.40865;-6.05741
Castilleja de la Cuesta;Sevilla;41029;37.38644;-6.05184
Castilleja del Campo;Sevilla;41030;37.38591;-6.33445
Castillo de las Guardas, El;Sevilla;41031;37.3702;-5.9407
Cazalla de la Sierra;Sevilla;41032;37.9296;-5.7608
Constantina;Sevilla;41033;37.87227;-5.61911
Coria del Río;Sevilla;41034;37.28506;-6.05181
Coripe;Sevilla;41035;36.97023;-5.44131
Coronil, El;Sevilla;41036;37.37311;-5.95009
Corrales, Los;Sevilla;41037;37.42153;-5.97085
Dos Hermanas;Sevilla;41038;37.28318;-5.92224
Écija;Sevilla;41039;37.54093;-5.07995
Espartinas;Sevilla;41040;37.37997;-6.12358
Estepa;Sevilla;41041;37.29147;-4.87851
Fuentes de Andalucía;Sevilla;41042;37.46221;-5.34839
Garrobo, El;Sevilla;41043;37.38758;-5.91294
Gelves;Sevilla;41044;37.33677;-6.02533
Gerena;Sevilla;41045;37.52553;-6.15765
Gilena;Sevilla;41046;37.25134;-4.91349
Gines;Sevilla;41047;37.38713;-6.07826
Guadalcanal;Sevilla;41048;38.09198;-5.82116
Guillena;Sevilla;41049;37.53902;-6.05227
Herrera;Sevilla;41050;37.36176;-4.85001
Huévar del Aljarafe;Sevilla;41051;37.35599;-6.27659
Lantejuela;Sevilla;41052;37.3585;-5.22145
Lebrija;Sevilla;41053;36.91951;-6.07837
Lora de Estepa;Sevilla;41054;37.26869;-4.82782
Lora del Río;Sevilla;41055;37.65923;-5.52628
Luisiana, La;Sevilla;41056;37.40849;-5.976
Madroño, El;Sevilla;41057;37.3843;-5.8984
Mairena del Alcor;Sevilla;41058;37.37316;-5.74759
Mairena del Aljarafe;Sevilla;41059;37.34449;-6.06535
Marchena;Sevilla;41060;37.32972;-5.41646
Marinaleda;Sevilla;41061;37.37473;-4.95379
Martín de la Jara;Sevilla;41062;37.10655;-4.96217
Molares, Los;Sevilla;41063;37.38777;-5.91002
Montellano;Sevilla;41064;36.99564;-5.57088
Morón de la Frontera;Sevilla;41065;37.1223;-5.45187
Navas de la Concepción, Las;Sevilla;41066;37.93325;-5.46555
Olivares;Sevilla;41067;37.41868;-6.15593
Osuna;Sevilla;41068;37.23697;-5.10275
Palacios y Villafranca, Los;Sevilla;41069;37.15846;-5.92448
Palomares del Río;Sevilla;41070;37.32256;-6.05772
Paradas;Sevilla;41071;37.28981;-5.49722
Pedrera;Sevilla;41072;37.22301;-4.89675
Pedroso, El;Sevilla;41073;37.40833;-5.97569
Peñaflor;Sevilla;41074;37.70726;-5.34641
Pilas;Sevilla;41075;37.30167;-6.30245
Pruna;Sevilla;41076;36.97364;-5.22294
Puebla de Cazalla, La;Sevilla;41077;37.37019;-5.94056
Puebla de los Infantes, La;Sevilla;41078;37.36993;-5.94104
Puebla del Río, La;Sevilla;41079;37.37606;-5.9414
Real de la Jara, El;Sevilla;41080;37.40938;-5.97484
Rinconada, La;Sevilla;41081;37.38902;-5.90943
Roda de Andalucía, La;Sevilla;41082;37.37392;-5.94244
Ronquillo, El;Sevilla;41083;37.38753;-5.90914
Rubio, El;Sevilla;41084;37.3869;-5.90978
Salteras;Sevilla;41085;37.41824;-6.11163
San Juan de Aznalfarache;Sevilla;41086;37.35838;-6.03545
Sanlúcar la Mayor;Sevilla;41087;37.38578;-6.20198
San Nicolás del Puerto;Sevilla;41088;37.99353;-5.65304
Santiponce;Sevilla;41089;37.43869;-6.03841
Saucejo, El;Sevilla;41090;37.38714;-5.9105
Sevilla;Sevilla;41091;37.38264;-5.99629
Tocina;Sevilla;41092;37.60978;-5.73307
Tomares;Sevilla;41093;37.37404;-6.0452
Umbrete;Sevilla;41094;37.36993;-6.15772
Utrera;Sevilla;41095;37.18142;-5.78151
Valencina de la Concepción;Sevilla;41096;37.41601;-6.07696
Villamanrique de la Condesa;Sevilla;41097;37.2463;-6.30653
Villanueva del Ariscal;Sevilla;41098;37.39572;-6.14131
Villanueva del Río y Minas;Sevilla;41099;37.6601;-5.71439
Villanueva de San Juan;Sevilla;41100;37.05036;-5.17547
Villaverde del Río;Sevilla;41101;37.58805;-5.87368
Viso del Alcor, El;Sevilla;41102;37.38869;-5.72178
Cañada Rosal;Sevilla;41901;37.59894;-5.21036
Isla Mayor;Sevilla;41902;37.13356;-6.16281
Cuervo de Sevilla, El;Sevilla;41903;37.38925;-5.9079
Palmar de Troya, El;Sevilla;41904;;
Abejar;Soria;42001;41.80718;-2.78483
Adradas;Soria;42003;41.35029;-2.4734
Ágreda;Soria;42004;41.85647;-1.92214
Alconaba;Soria;42006;41.72293;-2.38445
Alcubilla de Avellaneda;Soria;42007;41.72507;-3.30553
Alcubilla de las Peñas;Soria;42008;41.25135;-2.5266
Aldealafuente;Soria;42009;41.67218;-2.32494
Aldealices;Soria;42010;41.90177;-2.30953
Aldealpozo;Soria;42011;41.78213;-2.20614
Aldealseñor;Soria;42012;41.87934;-2.31508
Aldehuela de Periáñez;Soria;42013;41.80749;-2.30707
Aldehuelas, Las;Soria;42014;41.99436;-2.36455
Alentisque;Soria;42015;41.42081;-2.33264
Aliud;Soria;42016;41.65462;-2.25258
Almajano;Soria;42017;41.85062;-2.3388
Almaluez;Soria;42018;41.28807;-2.26858
Almarza;Soria;42019;41.94713;-2.46845
Almazán;Soria;42020;41.48593;-2.53318
Almazul;Soria;42021;41.57437;-2.14564
Almenar de Soria;Soria;42022;41.68365;-2.20031
Alpanseque;Soria;42023;41.26473;-2.67075
Arancón;Soria;42024;41.80055;-2.2812
Arcos de Jalón;Soria;42025;41.21701;-2.27658
Arenillas;Soria;42026;41.34672;-2.84587
Arévalo de la Sierra;Soria;42027;41.94702;-2.40019
Ausejo de la Sierra;Soria;42028;41.89472;-2.37411
Baraona;Soria;42029;41.30111;-2.62885
Barca;Soria;42030;41.45529;-2.62017
Barcones;Soria;42031;41.29103;-2.81721
Bayubas de Abajo;Soria;42032;41.52675;-2.897
Bayubas de Arriba;Soria;42033;41.55725;-2.88733
Beratón;Soria;42034;41.71717;-1.81172
Berlanga de Duero;Soria;42035;41.46417;-2.86233
Blacos;Soria;42036;41.68104;-2.85833
Bliecos;Soria;42037;41.52856;-2.27258
Borjabad;Soria;42038;41.55259;-2.36594
Borobia;Soria;42039;41.66601;-1.89588
Buberos;Soria;42041;41.64701;-2.19477
Buitrago;Soria;42042;41.84763;-2.40883
Burgo de Osma-Ciudad de Osma;Soria;42043;41.58829;-3.0754
Cabrejas del Campo;Soria;42044;41.68136;-2.27012
Cabrejas del Pinar;Soria;42045;41.7969;-2.84961
Calatañazor;Soria;42046;41.69916;-2.81752
Caltojar;Soria;42048;41.4019;-2.76429
Candilichera;Soria;42049;41.70439;-2.30152
Cañamaque;Soria;42050;41.44398;-2.23658
Carabantes;Soria;42051;41.55237;-1.99825
Caracena;Soria;42052;41.38312;-3.09128
Carrascosa de Abajo;Soria;42053;41.42305;-3.08956
Carrascosa de la Sierra;Soria;42054;41.89554;-2.27997
Casarejos;Soria;42055;41.79722;-3.03196
Castilfrío de la Sierra;Soria;42056;41.91921;-2.30583
Castilruiz;Soria;42057;41.8777;-2.05794
Castillejo de Robledo;Soria;42058;41.56009;-3.49466
Centenera de Andaluz;Soria;42059;41.50736;-2.71889
Cerbón;Soria;42060;41.92931;-2.16866
Cidones;Soria;42061;41.81433;-2.6394
Cigudosa;Soria;42062;41.93571;-2.05641
Cihuela;Soria;42063;41.40704;-1.99978
Ciria;Soria;42064;41.61786;-1.96737
Cirujales del Río;Soria;42065;41.86701;-2.32648
Coscurita;Soria;42068;41.43534;-2.47587
Covaleda;Soria;42069;41.93549;-2.88312
Cubilla;Soria;42070;41.74903;-2.93726
Cubo de la Solana;Soria;42071;41.60259;-2.42149
Cueva de Ágreda;Soria;42073;41.76324;-1.88734
Dévanos;Soria;42075;41.90382;-1.94719
Deza;Soria;42076;41.4611;-2.01997
Duruelo de la Sierra;Soria;42078;41.95418;-2.93173
Escobosa de Almazán;Soria;42079;41.48723;-2.37118
Espeja de San Marcelino;Soria;42080;41.80201;-3.22129
Espejón;Soria;42081;41.83071;-3.26025
Estepa de San Juan;Soria;42082;41.92671;-2.33356
Frechilla de Almazán;Soria;42083;41.42701;-2.51422
Fresno de Caracena;Soria;42084;41.45298;-3.09206
Fuentearmegil;Soria;42085;41.71482;-3.18361
Fuentecambrón;Soria;42086;41.50512;-3.32819
Fuentecantos;Soria;42087;41.84971;-2.42797
Fuentelmonge;Soria;42088;41.41995;-2.18494
Fuentelsaz de Soria;Soria;42089;41.86612;-2.415
Fuentepinilla;Soria;42090;41.56745;-2.76367
Fuentes de Magaña;Soria;42092;41.9356;-2.18003
Fuentestrún;Soria;42093;41.87541;-2.08184
Garray;Soria;42094;41.81738;-2.44496
Golmayo;Soria;42095;41.76568;-2.5232
Gómara;Soria;42096;41.62338;-2.2249
Gormaz;Soria;42097;41.49246;-3.00475
Herrera de Soria;Soria;42098;41.76263;-3.01225
Hinojosa del Campo;Soria;42100;41.73841;-2.10024
Langa de Duero;Soria;42103;41.60965;-3.40064
Liceras;Soria;42105;41.37973;-3.24359
Losilla, La;Soria;42106;41.87278;-2.27827
Magaña;Soria;42107;41.89997;-2.16283
Maján;Soria;42108;41.46893;-2.30306
Matalebreras;Soria;42110;41.84064;-2.04814
Matamala de Almazán;Soria;42111;41.50543;-2.64064
Medinaceli;Soria;42113;41.17172;-2.43384
Miño de Medinaceli;Soria;42115;41.18969;-2.51886
Miño de San Esteban;Soria;42116;41.53585;-3.34456
Molinos de Duero;Soria;42117;41.88534;-2.78607
Momblona;Soria;42118;41.4443;-2.3462
Monteagudo de las Vicarías;Soria;42119;41.36451;-2.17081
Montejo de Tiermes;Soria;42120;41.3686;-3.19947
Montenegro de Cameros;Soria;42121;42.08944;-2.75403
Morón de Almazán;Soria;42123;41.41291;-2.41284
Muriel de la Fuente;Soria;42124;41.72453;-2.86083
Muriel Viejo;Soria;42125;41.78252;-2.91541
Nafría de Ucero;Soria;42127;41.72254;-3.09426
Narros;Soria;42128;41.84903;-2.29444
Navaleno;Soria;42129;41.837;-3.00631
Nepas;Soria;42130;41.52696;-2.39803
Nolay;Soria;42131;41.5267;-2.3499
Noviercas;Soria;42132;41.71161;-2.03344
Ólvega;Soria;42134;41.77963;-1.98448
Oncala;Soria;42135;41.97097;-2.31215
Pinilla del Campo;Soria;42139;41.71725;-2.08337
Portillo de Soria;Soria;42140;41.63499;-2.1214
Póveda de Soria, La;Soria;42141;42.01169;-2.50339
Pozalmuro;Soria;42142;41.77443;-2.10269
Quintana Redonda;Soria;42144;41.63973;-2.60968
Quintanas de Gormaz;Soria;42145;41.5088;-2.97662
Quiñonería;Soria;42148;41.56852;-2.03803
Rábanos, Los;Soria;42149;41.71736;-2.47653
Rebollar;Soria;42151;41.9138;-2.50525
Recuerda;Soria;42152;41.4743;-2.99443
Rello;Soria;42153;41.33428;-2.75154
Renieblas;Soria;42154;41.82014;-2.37211
Retortillo de Soria;Soria;42155;41.31074;-2.98068
Reznos;Soria;42156;41.59147;-2.02793
Riba de Escalote, La;Soria;42157;41.35169;-2.79603
Rioseco de Soria;Soria;42158;41.64162;-2.84088
Rollamienta;Soria;42159;41.92624;-2.53186
Royo, El;Soria;42160;41.90725;-2.64561
Salduero;Soria;42161;41.88968;-2.79883
San Esteban de Gormaz;Soria;42162;41.57054;-3.19931
San Felices;Soria;42163;41.93844;-2.02426
San Leonardo de Yagüe;Soria;42164;41.82922;-3.06697
San Pedro Manrique;Soria;42165;42.029;-2.23136
Santa Cruz de Yanguas;Soria;42166;42.06235;-2.44836
Santa María de Huerta;Soria;42167;41.26203;-2.17822
Santa María de las Hoyas;Soria;42168;41.7716;-3.14189
Serón de Nágima;Soria;42171;41.49589;-2.20215
Soliedra;Soria;42172;41.46951;-2.38229
Soria;Soria;42173;41.75475;-2.47654
Sotillo del Rincón;Soria;42174;41.93116;-2.6028
Suellacabras;Soria;42175;41.85413;-2.22428
Tajahuerce;Soria;42176;41.74028;-2.15086
Tajueco;Soria;42177;41.53666;-2.84961
Talveila;Soria;42178;41.78368;-2.96724
Tardelcuende;Soria;42181;41.59352;-2.63934
Taroda;Soria;42182;41.34862;-2.43384
Tejado;Soria;42183;41.58951;-2.26735
Torlengua;Soria;42184;41.45515;-2.16177
Torreblacos;Soria;42185;41.66964;-2.8786
Torrubia de Soria;Soria;42187;41.63056;-2.09073
Trévago;Soria;42188;41.87379;-2.10269
Ucero;Soria;42189;41.71685;-3.05105
Vadillo;Soria;42190;41.79131;-3.0085
Valdeavellano de Tera;Soria;42191;41.94232;-2.57491
Valdegeña;Soria;42192;41.81754;-2.17358
Valdelagua del Cerro;Soria;42193;41.88845;-2.11496
Valdemaluque;Soria;42194;41.67375;-3.04573
Valdenebro;Soria;42195;41.57248;-2.96318
Valdeprado;Soria;42196;41.93817;-2.10882
Valderrodilla;Soria;42197;41.56263;-2.80849
Valtajeros;Soria;42198;41.93819;-2.22274
Velamazán;Soria;42200;41.45038;-2.69777
Velilla de la Sierra;Soria;42201;41.80928;-2.40204
Velilla de los Ajos;Soria;42202;41.4911;-2.25627
Viana de Duero;Soria;42204;41.53437;-2.46103
Villaciervos;Soria;42205;41.76275;-2.62668
Villanueva de Gormaz;Soria;42206;41.46753;-3.062
Villar del Ala;Soria;42207;41.91555;-2.56655
Villar del Campo;Soria;42208;41.7888;-2.14901
Villar del Río;Soria;42209;42.07551;-2.35083
Villares de Soria, Los;Soria;42211;41.86487;-2.35514
Villasayas;Soria;42212;41.35291;-2.61024
Villaseca de Arciel;Soria;42213;41.62427;-2.16129
Vinuesa;Soria;42215;41.91011;-2.7618
Vizmanos;Soria;42216;42.02362;-2.40821
Vozmediano;Soria;42217;41.83831;-1.85561
Yanguas;Soria;42218;42.10081;-2.33757
Yelo;Soria;42219;41.2099;-2.52784
Aiguamúrcia;Tarragona;43001;41.32962;1.35868
Albinyana;Tarragona;43002;41.24498;1.48624
Albiol, L';Tarragona;43003;41.20758;1.14413
Alcanar;Tarragona;43004;40.54306;0.47675
Alcover;Tarragona;43005;41.26248;1.17098
Aldover;Tarragona;43006;40.87994;0.49921
Aleixar, L';Tarragona;43007;41.157;1.09878
Alfara de Carles;Tarragona;43008;40.87369;0.40044
Alforja;Tarragona;43009;41.21075;0.97514
Alió;Tarragona;43010;41.29419;1.30536
Almoster;Tarragona;43011;41.19704;1.11072
Altafulla;Tarragona;43012;41.14086;1.37769
Ametlla de Mar, L';Tarragona;43013;40.88394;0.79965
Amposta;Tarragona;43014;40.7068;0.58017
Arbolí;Tarragona;43015;41.2426;0.94877
Arboç, L';Tarragona;43016;41.27302;1.60012
Argentera, L';Tarragona;43017;41.0157;0.92955
Arnes;Tarragona;43018;40.91105;0.26142
Ascó;Tarragona;43019;41.18276;0.56716
Banyeres del Penedès;Tarragona;43020;41.27945;1.58082
Barberà de la Conca;Tarragona;43021;41.41095;1.22776
Batea;Tarragona;43022;41.09378;0.31192
Bellmunt del Priorat;Tarragona;43023;41.1637;0.76546
Bellvei;Tarragona;43024;41.2398;1.57722
Benifallet;Tarragona;43025;40.97331;0.51692
Benissanet;Tarragona;43026;41.05846;0.63404
Bisbal de Montsant, La;Tarragona;43027;41.28064;0.72255
Bisbal del Penedès, La;Tarragona;43028;41.27942;1.4888
Blancafort;Tarragona;43029;41.43726;1.15964
Bonastre;Tarragona;43030;41.22107;1.43994
Borges del Camp, Les;Tarragona;43031;41.16553;1.02077
Bot;Tarragona;43032;41.00914;0.38484
Botarell;Tarragona;43033;41.13527;0.98983
Bràfim;Tarragona;43034;41.26931;1.3409
Cabacés;Tarragona;43035;41.24746;0.73398
Cabra del Camp;Tarragona;43036;41.3954;1.27586
Calafell;Tarragona;43037;41.19384;1.56646
Cambrils;Tarragona;43038;41.06668;1.06036
Capafonts;Tarragona;43039;41.29543;1.0272
Capçanes;Tarragona;43040;41.10068;0.78211
Caseres;Tarragona;43041;41.03945;0.25115
Castellvell del Camp;Tarragona;43042;41.18051;1.09724
Catllar, El;Tarragona;43043;41.13481;1.30547
Sénia, La;Tarragona;43044;40.63561;0.28431
Colldejou;Tarragona;43045;41.09992;0.88748
Conesa;Tarragona;43046;41.51811;1.29121
Constantí;Tarragona;43047;41.15355;1.2126
Corbera d'Ebre;Tarragona;43048;41.07685;0.4756
Cornudella de Montsant;Tarragona;43049;41.26539;0.90507
Creixell;Tarragona;43050;41.1655;1.43598
Cunit;Tarragona;43051;41.19802;1.62803
Xerta;Tarragona;43052;40.90841;0.48917
Duesaigües;Tarragona;43053;41.14583;0.93012
Espluga de Francolí, L';Tarragona;43054;41.39718;1.10293
Falset;Tarragona;43055;41.1454;0.82047
Fatarella, La;Tarragona;43056;41.16211;0.47368
Febró, La;Tarragona;43057;41.27759;1.00433
Figuera, La;Tarragona;43058;41.21608;0.73101
Figuerola del Camp;Tarragona;43059;41.37141;1.26534
Flix;Tarragona;43060;41.22811;0.54351
Forès;Tarragona;43061;41.49248;1.23587
Freginals;Tarragona;43062;40.67221;0.52047
Galera, La;Tarragona;43063;41.9017;1.87733
Gandesa;Tarragona;43064;41.05244;0.43727
Garcia;Tarragona;43065;41.13642;0.65063
Garidells, Els;Tarragona;43066;41.20745;1.24755
Ginestar;Tarragona;43067;41.04179;0.63347
Godall;Tarragona;43068;40.65467;0.4697
Gratallops;Tarragona;43069;41.19317;0.77676
Guiamets, Els;Tarragona;43070;41.10151;0.75239
Horta de Sant Joan;Tarragona;43071;40.95384;0.31544
Lloar, El;Tarragona;43072;41.18581;0.74883
Llorac;Tarragona;43073;41.5568;1.30731
Llorenç del Penedès;Tarragona;43074;41.28428;1.54871
Margalef;Tarragona;43075;41.28483;0.75343
Marçà;Tarragona;43076;41.12666;0.80262
Mas de Barberans;Tarragona;43077;40.73482;0.37388
Masdenverge;Tarragona;43078;40.71527;0.5311
Masllorenç;Tarragona;43079;41.2703;1.41629
Masó, La;Tarragona;43080;41.23461;1.22117
Maspujols;Tarragona;43081;41.18162;1.04515
Masroig, El;Tarragona;43082;41.12586;0.73249
Milà, El;Tarragona;43083;41.13818;1.29103
Miravet;Tarragona;43084;41.04077;0.59985
Molar, El;Tarragona;43085;41.16345;0.70548
Montblanc;Tarragona;43086;41.37443;1.16159
Montbrió del Camp;Tarragona;43088;41.12193;1.00478
Montferri;Tarragona;43089;41.26558;1.36531
Montmell, El;Tarragona;43090;41.32115;1.51118
Mont-ral;Tarragona;43091;41.28702;1.09811
Mont-roig del Camp;Tarragona;43092;41.08655;0.96061
Móra d'Ebre;Tarragona;43093;41.08677;0.63819
Móra la Nova;Tarragona;43094;41.10433;0.65004
Morell, El;Tarragona;43095;41.19218;1.20645
Morera de Montsant, La;Tarragona;43096;41.26493;0.8416
Nou de Gaià, La;Tarragona;43097;41.1829;1.37406
Nulles;Tarragona;43098;41.24911;1.29693
Palma d'Ebre, La;Tarragona;43099;41.28333;0.66604
Pallaresos, Els;Tarragona;43100;41.16355;1.2416
Passanant i Belltall;Tarragona;43101;41.52501;1.20252
Paüls;Tarragona;43102;40.92202;0.40015
Perafort;Tarragona;43103;41.19052;1.25601
Perelló, El;Tarragona;43104;40.87431;0.71125
Piles, Les;Tarragona;43105;41.50379;1.3418
Pinell de Brai, El;Tarragona;43106;41.0162;0.51456
Pira;Tarragona;43107;41.42341;1.20282
Pla de Santa Maria, El;Tarragona;43108;41.36518;1.29031
Pobla de Mafumet, La;Tarragona;43109;41.15397;1.21093
Pobla de Massaluca, La;Tarragona;43110;41.18078;0.35336
Pobla de Montornès, La;Tarragona;43111;41.17737;1.41509
Poboleda;Tarragona;43112;41.23446;0.84547
Pont d'Armentera, El;Tarragona;43113;41.13723;1.25838
Porrera;Tarragona;43114;41.1879;0.855
Pradell de la Teixeta;Tarragona;43115;41.15663;0.87615
Prades;Tarragona;43116;41.30987;0.98864
Prat de Comte;Tarragona;43117;40.98338;0.40529
Pratdip;Tarragona;43118;41.05093;0.87139
Puigpelat;Tarragona;43119;41.27796;1.29813
Querol;Tarragona;43120;41.42372;1.39788
Rasquera;Tarragona;43121;41.00193;0.59851
Renau;Tarragona;43122;41.2254;1.31108
Reus;Tarragona;43123;41.14983;1.10553
Riba, La;Tarragona;43124;41.31835;1.18125
Riba-roja d'Ebre;Tarragona;43125;41.25122;0.48706
Riera de Gaià, La;Tarragona;43126;41.16671;1.36079
Riudecanyes;Tarragona;43127;41.12921;0.96236
Riudecols;Tarragona;43128;41.1683;0.97656
Riudoms;Tarragona;43129;41.13874;1.05483
Rocafort de Queralt;Tarragona;43130;41.47854;1.28128
Roda de Berà;Tarragona;43131;41.18705;1.46042
Rodonyà;Tarragona;43132;41.28053;1.39895
Roquetes;Tarragona;43133;40.81987;0.50098
Rourell, El;Tarragona;43134;41.2236;1.21754
Salomó;Tarragona;43135;41.22874;1.37466
Ràpita, La;Tarragona;43136;40.62049;0.58964
Sant Jaume dels Domenys;Tarragona;43137;41.29982;1.55901
Santa Bàrbara;Tarragona;43138;40.71453;0.49278
Santa Coloma de Queralt;Tarragona;43139;41.53222;1.38292
Santa Oliva;Tarragona;43140;41.25331;1.55216
Pontils;Tarragona;43141;41.47748;1.38718
Sarral;Tarragona;43142;41.44515;1.24759
Savallà del Comtat;Tarragona;43143;41.54301;1.29904
Secuita, La;Tarragona;43144;41.12351;1.21404
Selva del Camp, La;Tarragona;43145;41.21028;1.14407
Senan;Tarragona;43146;41.47006;1.0875
Solivella;Tarragona;43147;41.45588;1.1779
Tarragona;Tarragona;43148;41.11162;1.25321
Tivenys;Tarragona;43149;40.90768;0.5122
Tivissa;Tarragona;43150;41.04086;0.73309
Torre de Fontaubella, La;Tarragona;43151;41.12463;0.86483
Torre de l'Espanyol, La;Tarragona;43152;41.19163;0.62598
Torredembarra;Tarragona;43153;41.1441;1.40095
Torroja del Priorat;Tarragona;43154;41.21335;0.81095
Tortosa;Tarragona;43155;40.81258;0.52144
Ulldecona;Tarragona;43156;40.59702;0.44434
Ulldemolins;Tarragona;43157;41.32081;0.87645
Vallclara;Tarragona;43158;41.37668;0.98057
Vallfogona de Riucorb;Tarragona;43159;41.56304;1.23707
Vallmoll;Tarragona;43160;41.24461;1.2488
Valls;Tarragona;43161;41.28544;1.24946
Vandellòs i l'Hospitalet de l'Infant;Tarragona;43162;40.9909;0.92367
Vendrell, El;Tarragona;43163;41.21967;1.53431
Vespella de Gaià;Tarragona;43164;41.2034;1.35996
Vilabella;Tarragona;43165;41.248;1.33149
Vilallonga del Camp;Tarragona;43166;41.20997;1.20532
Vilanova d'Escornalbou;Tarragona;43167;41.11306;0.93728
Vilanova de Prades;Tarragona;43168;41.34743;0.95728
Vilaplana;Tarragona;43169;41.22884;1.03378
Vila-rodona;Tarragona;43170;41.31102;1.3581
Vila-seca;Tarragona;43171;41.10892;1.14577
Vilaverd;Tarragona;43172;41.33569;1.1767
Vilella Alta, La;Tarragona;43173;41.22518;0.78092
Vilella Baixa, La;Tarragona;43174;41.21963;0.76395
Vilalba dels Arcs;Tarragona;43175;41.11991;0.40957
Vimbodí i Poblet;Tarragona;43176;41.37648;1.03946
Vinebre;Tarragona;43177;41.18485;0.58816
Vinyols i els Arcs;Tarragona;43178;41.11365;1.04064
Deltebre;Tarragona;43901;40.72124;0.71765
Sant Jaume d'Enveja;Tarragona;43902;40.70597;0.72715
Camarles;Tarragona;43903;40.77093;0.669
Aldea, L';Tarragona;43904;41.11888;1.24449
Salou;Tarragona;43905;41.07776;1.13152
Ampolla, L';Tarragona;43906;40.71909;0.74056
Canonja, La;Tarragona;43907;41.1222;1.17956
Ababuj;Teruel;44001;40.54846;-0.80778
Abejuela;Teruel;44002;39.91035;-0.89412
Aguatón;Teruel;44003;40.67128;-1.23435
Aguaviva;Teruel;44004;40.82281;-0.19756
Aguilar del Alfambra;Teruel;44005;40.59013;-0.79641
Alacón;Teruel;44006;41.02371;-0.69678
Alba;Teruel;44007;40.61812;-1.34569
Albalate del Arzobispo;Teruel;44008;41.12081;-0.51096
Albarracín;Teruel;44009;40.40652;-1.4444
Albentosa;Teruel;44010;40.10305;-0.76952
Alcaine;Teruel;44011;40.95359;-0.70545
Alcalá de la Selva;Teruel;44012;40.37181;-0.71972
Alcañiz;Teruel;44013;41.04895;-0.13063
Alcorisa;Teruel;44014;40.89169;-0.38063
Alfambra;Teruel;44016;40.54725;-1.03376
Aliaga;Teruel;44017;40.67419;-0.70197
Almohaja;Teruel;44018;40.60515;-1.43731
Alobras;Teruel;44019;40.17833;-1.38805
Alpeñés;Teruel;44020;40.79881;-1.06555
Allepuz;Teruel;44021;40.49272;-0.72758
Alloza;Teruel;44022;40.96944;-0.53021
Allueva;Teruel;44023;40.98565;-1.04262
Anadón;Teruel;44024;40.98174;-0.98333
Andorra;Teruel;44025;40.97544;-0.44366
Arcos de las Salinas;Teruel;44026;39.99099;-1.04225
Arens de Lledó;Teruel;44027;40.99172;0.27173
Argente;Teruel;44028;40.68888;-1.16333
Ariño;Teruel;44029;41.03015;-0.59212
Azaila;Teruel;44031;41.29047;-0.49529
Bádenas;Teruel;44032;41.09168;-1.12133
Báguena;Teruel;44033;41.04003;-1.35629
Bañón;Teruel;44034;40.83926;-1.19002
Barrachina;Teruel;44035;40.89761;-1.14016
Bea;Teruel;44036;41.03651;-1.14673
Beceite;Teruel;44037;40.83106;0.17956
Belmonte de San José;Teruel;44038;40.87395;-0.06301
Bello;Teruel;44039;40.92228;-1.49942
Berge;Teruel;44040;40.85691;-0.42664
Bezas;Teruel;44041;40.33197;-1.32469
Blancas;Teruel;44042;40.81325;-1.48246
Blesa;Teruel;44043;41.05129;-0.88436
Bordón;Teruel;44044;40.68736;-0.3219
Bronchales;Teruel;44045;40.50909;-1.58908
Bueña;Teruel;44046;40.70864;-1.2673
Burbáguena;Teruel;44047;41.01594;-1.33746
Cabra de Mora;Teruel;44048;40.31739;-0.80708
Calaceite;Teruel;44049;41.01737;0.18832
Calamocha;Teruel;44050;40.92026;-1.30097
Calanda;Teruel;44051;40.94182;-0.23411
Calomarde;Teruel;44052;40.37254;-1.57525
Camañas;Teruel;44053;40.64226;-1.13727
Camarena de la Sierra;Teruel;44054;40.1476;-1.04091
Camarillas;Teruel;44055;40.61241;-0.75411
Caminreal;Teruel;44056;40.83794;-1.32589
Cantavieja;Teruel;44059;40.52803;-0.40559
Cañada de Benatanduz;Teruel;44060;40.58067;-0.53491
Cañada de Verich, La;Teruel;44061;40.86612;-0.0995
Cañada Vellida;Teruel;44062;40.7075;-0.91364
Cañizar del Olivar;Teruel;44063;40.81605;-0.64572
Cascante del Río;Teruel;44064;40.1959;-1.11522
Castejón de Tornos;Teruel;44065;40.99822;-1.42518
Castel de Cabra;Teruel;44066;40.80246;-0.69701
Castelnou;Teruel;44067;41.22842;-0.36495
Castelserás;Teruel;44068;40.98142;-0.14793
Castellar, El;Teruel;44070;40.36531;-0.8169
Castellote;Teruel;44071;40.80043;-0.32027
Cedrillas;Teruel;44074;40.43633;-0.85146
Celadas;Teruel;44075;40.4751;-1.1496
Cella;Teruel;44076;40.4551;-1.28676
Cerollera, La;Teruel;44077;40.8396;-0.0557
Codoñera, La;Teruel;44080;40.93404;-0.08461
Corbalán;Teruel;44082;40.4036;-0.98576
Cortes de Aragón;Teruel;44084;40.97435;-0.83562
Cosa;Teruel;44085;40.8343;-1.13636
Cretas;Teruel;44086;40.92919;0.21184
Crivillén;Teruel;44087;40.88327;-0.57526
Cuba, La;Teruel;44088;40.59177;-0.29782
Cubla;Teruel;44089;40.21148;-1.07923
Cucalón;Teruel;44090;41.08574;-1.214
Cuervo, El;Teruel;44092;40.34484;-1.10499
Cuevas de Almudén;Teruel;44093;40.71449;-0.83054
Cuevas Labradas;Teruel;44094;40.45322;-1.05266
Ejulve;Teruel;44096;40.77497;-0.55456
Escorihuela;Teruel;44097;40.54573;-0.97318
Escucha;Teruel;44099;40.79532;-0.80956
Estercuel;Teruel;44100;40.85538;-0.63077
Ferreruela de Huerva;Teruel;44101;41.06351;-1.23313
Fonfría;Teruel;44102;40.99593;-1.08479
Formiche Alto;Teruel;44103;40.32515;-0.89382
Fórnoles;Teruel;44105;40.89391;-0.00401
Fortanete;Teruel;44106;40.50564;-0.52311
Foz-Calanda;Teruel;44107;40.92335;-0.26741
Fresneda, La;Teruel;44108;40.92773;0.07526
Frías de Albarracín;Teruel;44109;40.33777;-1.61514
Fuenferrada;Teruel;44110;40.86872;-1.0112
Fuentes Calientes;Teruel;44111;40.70115;-0.97902
Fuentes Claras;Teruel;44112;40.86362;-1.32361
Fuentes de Rubielos;Teruel;44113;40.16914;-0.61908
Fuentespalda;Teruel;44114;40.80629;0.06467
Galve;Teruel;44115;40.65557;-0.88085
Gargallo;Teruel;44116;40.83582;-0.58474
Gea de Albarracín;Teruel;44117;40.41083;-1.34803
Ginebrosa, La;Teruel;44118;40.87051;-0.13458
Griegos;Teruel;44119;40.42653;-1.71097
Guadalaviar;Teruel;44120;40.38779;-1.71736
Gúdar;Teruel;44121;40.44069;-0.72041
Híjar;Teruel;44122;41.17572;-0.45101
Hinojosa de Jarque;Teruel;44123;40.69128;-0.78589
Hoz de la Vieja, La;Teruel;44124;40.92404;-0.84488
Huesa del Común;Teruel;44125;41.00974;-0.91991
Iglesuela del Cid, La;Teruel;44126;40.48174;-0.31903
Jabaloyas;Teruel;44127;40.24036;-1.40751
Jarque de la Val;Teruel;44128;40.70321;-0.80104
Jatiel;Teruel;44129;41.21877;-0.38133
Jorcas;Teruel;44130;40.54332;-0.75365
Josa;Teruel;44131;40.95604;-0.76739
Lagueruela;Teruel;44132;41.04225;-1.19236
Lanzuela;Teruel;44133;41.09767;-1.20414
Libros;Teruel;44135;40.16194;-1.23451
Lidón;Teruel;44136;40.71624;-1.11308
Linares de Mora;Teruel;44137;40.32256;-0.57394
Loscos;Teruel;44138;41.08124;-1.04482
Lledó;Teruel;44141;40.95488;0.27695
Maicas;Teruel;44142;40.966;-0.88975
Manzanera;Teruel;44143;40.05788;-0.82989
Martín del Río;Teruel;44144;40.84419;-0.8955
Mas de las Matas;Teruel;44145;40.83395;-0.24159
Mata de los Olmos, La;Teruel;44146;40.86531;-0.52224
Mazaleón;Teruel;44147;41.04979;0.10397
Mezquita de Jarque;Teruel;44148;40.72208;-0.86844
Mirambel;Teruel;44149;40.58709;-0.34238
Miravete de la Sierra;Teruel;44150;40.57729;-0.69425
Molinos;Teruel;44151;40.81963;-0.4505
Monforte de Moyuela;Teruel;44152;41.05423;-1.01496
Monreal del Campo;Teruel;44153;40.7903;-1.3541
Monroyo;Teruel;44154;40.7874;-0.03175
Montalbán;Teruel;44155;40.83571;-0.79952
Monteagudo del Castillo;Teruel;44156;40.45858;-0.81802
Monterde de Albarracín;Teruel;44157;40.49734;-1.49182
Mora de Rubielos;Teruel;44158;40.25319;-0.75255
Moscardón;Teruel;44159;40.33262;-1.5372
Mosqueruela;Teruel;44160;40.36135;-0.44911
Muniesa;Teruel;44161;41.03386;-0.81208
Noguera de Albarracín;Teruel;44163;40.46058;-1.59731
Nogueras;Teruel;44164;41.13451;-1.06689
Nogueruelas;Teruel;44165;40.23698;-0.6373
Obón;Teruel;44167;40.90473;-0.72308
Odón;Teruel;44168;40.88443;-1.56781
Ojos Negros;Teruel;44169;40.73796;-1.50003
Olba;Teruel;44171;40.13258;-0.62499
Oliete;Teruel;44172;40.99805;-0.67442
Olmos, Los;Teruel;44173;40.87715;-0.48711
Orihuela del Tremedal;Teruel;44174;40.55058;-1.64972
Orrios;Teruel;44175;40.58663;-0.9877
Palomar de Arroyos;Teruel;44176;40.77993;-0.75032
Pancrudo;Teruel;44177;40.76154;-1.02947
Parras de Castellote, Las;Teruel;44178;40.77577;-0.24499
Peñarroya de Tastavins;Teruel;44179;40.75538;0.03932
Peracense;Teruel;44180;40.64172;-1.4695
Peralejos;Teruel;44181;40.48456;-1.0332
Perales del Alfambra;Teruel;44182;40.63414;-1.00335
Pitarque;Teruel;44183;40.64859;-0.59228
Plou;Teruel;44184;40.99202;-0.85434
Pobo, El;Teruel;44185;40.50761;-0.86096
Portellada, La;Teruel;44187;40.88227;0.05658
Pozondón;Teruel;44189;40.56161;-1.4701
Pozuel del Campo;Teruel;44190;40.77131;-1.5069
Puebla de Híjar, La;Teruel;44191;41.2244;-0.4386
Puebla de Valverde, La;Teruel;44192;40.21342;-0.94467
Puertomingalvo;Teruel;44193;40.26479;-0.46002
Ráfales;Teruel;44194;40.83759;0.02081
Rillo;Teruel;44195;40.72252;-0.99546
Riodeva;Teruel;44196;40.11693;-1.1482
Ródenas;Teruel;44197;40.64137;-1.5163
Royuela;Teruel;44198;40.37698;-1.51219
Rubiales;Teruel;44199;40.27658;-1.26921
Rubielos de la Cérida;Teruel;44200;40.77098;-1.21245
Rubielos de Mora;Teruel;44201;40.19006;-0.65146
Salcedillo;Teruel;44203;40.96213;-1.00537
Saldón;Teruel;44204;40.32478;-1.42843
Samper de Calanda;Teruel;44205;41.19006;-0.39032
San Agustín;Teruel;44206;40.05976;-0.69275
San Martín del Río;Teruel;44207;41.06547;-1.38626
Santa Cruz de Nogueras;Teruel;44208;41.11458;-1.08876
Santa Eulalia;Teruel;44209;40.56639;-1.31264
Sarrión;Teruel;44210;40.14188;-0.81519
Segura de los Baños;Teruel;44211;40.9402;-0.95118
Seno;Teruel;44212;40.81201;-0.33885
Singra;Teruel;44213;40.65592;-1.31181
Terriente;Teruel;44215;40.29725;-1.50443
Teruel;Teruel;44216;40.34411;-1.10691
Toril y Masegoso;Teruel;44217;40.24846;-1.48645
Tormón;Teruel;44218;40.20275;-1.35376
Tornos;Teruel;44219;40.96223;-1.43383
Torralba de los Sisones;Teruel;44220;40.89043;-1.45922
Torrecilla de Alcañiz;Teruel;44221;40.96016;-0.09192
Torrecilla del Rebollar;Teruel;44222;40.91006;-1.07165
Torre de Arcas;Teruel;44223;40.75116;-0.06763
Torre de las Arcas;Teruel;44224;40.84147;-0.71886
Torre del Compte;Teruel;44225;40.93546;0.10991
Torrelacárcel;Teruel;44226;40.61382;-1.30415
Torre los Negros;Teruel;44227;40.8533;-1.09709
Torremocha de Jiloca;Teruel;44228;40.59011;-1.29715
Torres de Albarracín;Teruel;44229;40.42721;-1.53224
Torrevelilla;Teruel;44230;40.90303;-0.10984
Torrijas;Teruel;44231;40.02264;-0.95757
Torrijo del Campo;Teruel;44232;40.82687;-1.33639
Tramacastiel;Teruel;44234;40.18864;-1.2407
Tramacastilla;Teruel;44235;40.43096;-1.56905
Tronchón;Teruel;44236;40.62114;-0.39906
Urrea de Gaén;Teruel;44237;41.16009;-0.47054
Utrillas;Teruel;44238;40.81327;-0.84305
Valacloche;Teruel;44239;40.19118;-1.09132
Valbona;Teruel;44240;40.22942;-0.81062
Valdealgorfa;Teruel;44241;40.99085;-0.03478
Valdecuenca;Teruel;44243;40.29699;-1.40677
Valdelinares;Teruel;44244;40.3917;-0.60639
Valdeltormo;Teruel;44245;40.98577;0.08419
Valderrobres;Teruel;44246;40.87544;0.15568
Valjunquera;Teruel;44247;40.95302;0.02597
Vallecillo, El;Teruel;44249;40.23508;-1.56749
Veguillas de la Sierra;Teruel;44250;40.15477;-1.40614
Villafranca del Campo;Teruel;44251;40.69447;-1.3475
Villahermosa del Campo;Teruel;44252;41.10942;-1.24621
Villanueva del Rebollar de la Sierra;Teruel;44256;40.8915;-1.00912
Villar del Cobo;Teruel;44257;40.39555;-1.67399
Villar del Salz;Teruel;44258;40.68233;-1.49918
Villarluengo;Teruel;44260;40.64831;-0.52972
Villarquemado;Teruel;44261;40.51945;-1.26765
Villarroya de los Pinares;Teruel;44262;40.53041;-0.66996
Villastar;Teruel;44263;40.28053;-1.15289
Villel;Teruel;44264;40.23469;-1.18727
Vinaceite;Teruel;44265;41.26624;-0.57797
Visiedo;Teruel;44266;40.68581;-1.09832
Vivel del Río Martín;Teruel;44267;40.87017;-0.94028
Zoma, La;Teruel;44268;40.78355;-0.61953
Ajofrín;Toledo;45001;39.71136;-3.98147
Alameda de la Sagra;Toledo;45002;40.01288;-3.79559
Albarreal de Tajo;Toledo;45003;39.89748;-4.2288
Alcabón;Toledo;45004;40.00362;-4.36872
Alcañizo;Toledo;45005;39.90308;-5.10608
Alcaudete de la Jara;Toledo;45006;39.7856;-4.86892
Alcolea de Tajo;Toledo;45007;39.81023;-5.14646
Aldea en Cabo;Toledo;45008;40.18439;-4.45616
Aldeanueva de Barbarroya;Toledo;45009;39.7612;-5.01955
Aldeanueva de San Bartolomé;Toledo;45010;39.63635;-5.11064
Almendral de la Cañada;Toledo;45011;40.18335;-4.74004
Almonacid de Toledo;Toledo;45012;39.75362;-3.85344
Almorox;Toledo;45013;40.23227;-4.38864
Añover de Tajo;Toledo;45014;39.98949;-3.76637
Arcicóllar;Toledo;45015;40.05509;-4.1162
Argés;Toledo;45016;39.80645;-4.05805
Azután;Toledo;45017;39.78542;-5.12692
Barcience;Toledo;45018;39.98295;-4.23728
Bargas;Toledo;45019;39.93994;-4.02102
Belvís de la Jara;Toledo;45020;39.76041;-4.94808
Borox;Toledo;45021;40.07214;-3.73881
Buenaventura;Toledo;45022;40.17752;-4.85012
Burguillos de Toledo;Toledo;45023;39.79846;-3.99167
Burujón;Toledo;45024;39.9005;-4.29874
Cabañas de la Sagra;Toledo;45025;40.00779;-3.94831
Cabañas de Yepes;Toledo;45026;39.88962;-3.53637
Cabezamesada;Toledo;45027;39.81531;-3.10146
Calera y Chozas;Toledo;45028;39.88353;-4.98055
Caleruela;Toledo;45029;39.8746;-5.25604
Calzada de Oropesa;Toledo;45030;39.89862;-5.27759
Camarena;Toledo;45031;40.09143;-4.1194
Camarenilla;Toledo;45032;40.01817;-4.07402
Campillo de la Jara, El;Toledo;45033;39.58991;-5.05336
Camuñas;Toledo;45034;39.42879;-3.45615
Cardiel de los Montes;Toledo;45035;40.06411;-4.65601
Carmena;Toledo;45036;39.95563;-4.40149
Carpio de Tajo, El;Toledo;45037;39.88813;-4.45681
Carranque;Toledo;45038;40.17058;-3.8999
Carriches;Toledo;45039;39.96372;-4.45809
Casar de Escalona, El;Toledo;45040;40.04699;-4.5225
Casarrubios del Monte;Toledo;45041;40.18362;-4.03621
Casasbuenas;Toledo;45042;39.76098;-4.12643
Castillo de Bayuela;Toledo;45043;40.10065;-4.68509
Cazalegas;Toledo;45045;40.00888;-4.67733
Cebolla;Toledo;45046;39.9466;-4.56889
Cedillo del Condado;Toledo;45047;40.11605;-3.92538
Cerralbos, Los;Toledo;45048;39.98437;-4.56954
Cervera de los Montes;Toledo;45049;40.05144;-4.80995
Ciruelos;Toledo;45050;39.93853;-3.61482
Cobeja;Toledo;45051;40.02359;-3.85917
Cobisa;Toledo;45052;39.80503;-4.02485
Consuegra;Toledo;45053;39.46424;-3.60912
Corral de Almaguer;Toledo;45054;39.76072;-3.17044
Cuerva;Toledo;45055;39.66464;-4.21155
Chozas de Canales;Toledo;45056;40.09915;-4.04528
Chueca;Toledo;45057;39.73258;-3.94385
Domingo Pérez;Toledo;45058;39.97536;-4.50509
Dosbarrios;Toledo;45059;39.88293;-3.48057
Erustes;Toledo;45060;39.95516;-4.49736
Escalona;Toledo;45061;40.17288;-4.40664
Escalonilla;Toledo;45062;39.92533;-4.34854
Espinoso del Rey;Toledo;45063;39.65284;-4.7834
Esquivias;Toledo;45064;40.10338;-3.76764
Estrella, La;Toledo;45065;39.86161;-4.02533
Fuensalida;Toledo;45066;40.05107;-4.21027
Gálvez;Toledo;45067;39.69978;-4.2718
Garciotum;Toledo;45068;40.09899;-4.64697
Gerindote;Toledo;45069;39.96574;-4.30259
Guadamur;Toledo;45070;39.811;-4.14754
Guardia, La;Toledo;45071;39.7895;-3.47014
Herencias, Las;Toledo;45072;39.86874;-4.92146
Herreruela de Oropesa;Toledo;45073;39.8899;-5.24364
Hinojosa de San Vicente;Toledo;45074;40.10419;-4.72387
Hontanar;Toledo;45075;39.61237;-4.49833
Hormigos;Toledo;45076;40.09731;-4.44522
Huecas;Toledo;45077;40.01128;-4.19554
Huerta de Valdecarábanos;Toledo;45078;39.86289;-3.61228
Iglesuela del Tiétar, La;Toledo;45079;40.23334;-4.74975
Illán de Vacas;Toledo;45080;39.97048;-4.55632
Illescas;Toledo;45081;40.12628;-3.84899
Lagartera;Toledo;45082;39.90716;-5.20188
Layos;Toledo;45083;39.77604;-4.0638
Lillo;Toledo;45084;39.72223;-3.3049
Lominchar;Toledo;45085;40.09156;-3.96871
Lucillos;Toledo;45086;39.98586;-4.61276
Madridejos;Toledo;45087;39.47174;-3.5332
Magán;Toledo;45088;39.95961;-3.93302
Malpica de Tajo;Toledo;45089;39.89755;-4.54801
Manzaneque;Toledo;45090;39.63522;-3.79304
Maqueda;Toledo;45091;40.06628;-4.37
Marjaliza;Toledo;45092;39.56282;-3.93493
Marrupe;Toledo;45093;40.09049;-4.79311
Mascaraque;Toledo;45094;39.71641;-3.81147
Mata, La;Toledo;45095;39.94144;-4.4375
Mazarambroz;Toledo;45096;39.6946;-4.01974
Mejorada;Toledo;45097;40.00925;-4.88578
Menasalbas;Toledo;45098;39.64141;-4.28334
Méntrida;Toledo;45099;40.23948;-4.19362
Mesegar de Tajo;Toledo;45100;39.92676;-4.50251
Miguel Esteban;Toledo;45101;39.52606;-3.07515
Mocejón;Toledo;45102;39.93829;-3.91901
Mohedas de la Jara;Toledo;45103;39.60407;-5.1419
Montearagón;Toledo;45104;39.96465;-4.63083
Montesclaros;Toledo;45105;40.10801;-4.93899
Mora;Toledo;45106;39.68617;-3.77145
Nambroca;Toledo;45107;39.79746;-3.94577
Nava de Ricomalillo, La;Toledo;45108;39.65195;-4.98835
Navahermosa;Toledo;45109;39.63559;-4.47225
Navalcán;Toledo;45110;40.06804;-5.09501
Navalmoralejo;Toledo;45111;39.73943;-5.14288
Navalmorales, Los;Toledo;45112;39.72551;-4.64116
Navalucillos, Los;Toledo;45113;39.66498;-4.64245
Navamorcuende;Toledo;45114;40.15785;-4.78599
Noblejas;Toledo;45115;39.97779;-3.441
Noez;Toledo;45116;39.74021;-4.18594
Nombela;Toledo;45117;40.15635;-4.50445
Novés;Toledo;45118;40.0475;-4.27308
Numancia de la Sagra;Toledo;45119;40.07701;-3.85702
Nuño Gómez;Toledo;45120;40.11413;-4.61986
Ocaña;Toledo;45121;39.95691;-3.49826
Olías del Rey;Toledo;45122;39.94497;-3.98657
Ontígola;Toledo;45123;40.0097;-3.57241
Orgaz;Toledo;45124;39.64792;-3.87698
Oropesa;Toledo;45125;39.91754;-5.17472
Otero;Toledo;45126;40.00313;-4.5154
Palomeque;Toledo;45127;40.11987;-3.96361
Pantoja;Toledo;45128;40.04483;-3.83627
Paredes de Escalona;Toledo;45129;40.20452;-4.43043
Parrillas;Toledo;45130;40.06174;-5.06377
Pelahustán;Toledo;45131;40.17626;-4.59921
Pepino;Toledo;45132;40.03257;-4.80218
Polán;Toledo;45133;39.78714;-4.16801
Portillo de Toledo;Toledo;45134;40.06198;-4.22693
Puebla de Almoradiel, La;Toledo;45135;39.59716;-3.12026
Puebla de Montalbán, La;Toledo;45136;39.86435;-4.35932
Pueblanueva, La;Toledo;45137;39.91433;-4.67693
Puente del Arzobispo, El;Toledo;45138;39.86621;-4.02677
Puerto de San Vicente;Toledo;45139;39.52346;-5.11389
Pulgar;Toledo;45140;39.6925;-4.15266
Quero;Toledo;45141;39.50978;-3.24705
Quintanar de la Orden;Toledo;45142;39.59412;-3.04009
Quismondo;Toledo;45143;40.10699;-4.32441
Real de San Vicente, El;Toledo;45144;40.13622;-4.69026
Recas;Toledo;45145;40.05372;-3.99039
Retamoso de la Jara;Toledo;45146;39.74339;-4.75557
Rielves;Toledo;45147;39.96075;-4.19362
Robledo del Mazo;Toledo;45148;39.60975;-4.90589
Romeral, El;Toledo;45149;39.70821;-3.43343
San Bartolomé de las Abiertas;Toledo;45150;39.82775;-4.7187
San Martín de Montalbán;Toledo;45151;39.70186;-4.38864
San Martín de Pusa;Toledo;45152;39.78297;-4.63221
San Pablo de los Montes;Toledo;45153;39.54163;-4.33211
San Román de los Montes;Toledo;45154;40.0687;-4.73228
Santa Ana de Pusa;Toledo;45155;39.76194;-4.71029
Santa Cruz de la Zarza;Toledo;45156;39.98101;-3.18888
Santa Cruz del Retamar;Toledo;45157;40.11769;-4.24231
Santa Olalla;Toledo;45158;40.02371;-4.42978
Sartajada;Toledo;45159;40.21273;-4.79343
Segurilla;Toledo;45160;40.02159;-4.86633
Seseña;Toledo;45161;40.1051;-3.69275
Sevilleja de la Jara;Toledo;45162;39.57383;-4.96301
Sonseca;Toledo;45163;39.67645;-3.97545
Sotillo de las Palomas;Toledo;45164;40.10443;-4.82679
Talavera de la Reina;Toledo;45165;39.96288;-4.83045
Tembleque;Toledo;45166;39.69472;-3.50417
Toboso, El;Toledo;45167;39.51391;-2.99631
Toledo;Toledo;45168;39.86227;-4.01124
Torralba de Oropesa;Toledo;45169;39.93432;-5.15298
Torrecilla de la Jara;Toledo;45170;39.70412;-4.77239
Torre de Esteban Hambrán, La;Toledo;45171;40.16636;-4.21547
Torrico;Toledo;45172;39.82917;-5.22536
Torrijos;Toledo;45173;39.98331;-4.28115
Totanés;Toledo;45174;39.70985;-4.22501
Turleque;Toledo;45175;39.60227;-3.61292
Ugena;Toledo;45176;40.15858;-3.87698
Urda;Toledo;45177;39.41302;-3.71686
Valdeverdeja;Toledo;45179;39.79742;-5.24625
Valmojado;Toledo;45180;40.20495;-4.08871
Velada;Toledo;45181;39.97689;-4.9739
Ventas con Peña Aguilera, Las;Toledo;45182;39.61187;-4.23058
Ventas de Retamosa, Las;Toledo;45183;40.15501;-4.11414
Ventas de San Julián, Las;Toledo;45184;40.00862;-5.29392
Villacañas;Toledo;45185;39.62473;-3.33732
Villa de Don Fadrique, La;Toledo;45186;39.61432;-3.21696
Villafranca de los Caballeros;Toledo;45187;39.42618;-3.35758
Villaluenga de la Sagra;Toledo;45188;40.02701;-3.91009
Villamiel de Toledo;Toledo;45189;39.98328;-4.12576
Villaminaya;Toledo;45190;39.71248;-3.87189
Villamuelas;Toledo;45191;39.8179;-3.73526
Villanueva de Alcardete;Toledo;45192;39.67214;-3.01507
Villanueva de Bogas;Toledo;45193;39.72461;-3.65599
Villarejo de Montalbán;Toledo;45194;39.76869;-4.5734
Villarrubia de Santiago;Toledo;45195;39.98506;-3.36786
Villaseca de la Sagra;Toledo;45196;39.96133;-3.88208
Villasequilla;Toledo;45197;39.87388;-3.73208
Villatobas;Toledo;45198;39.90163;-3.32504
Viso de San Juan, El;Toledo;45199;40.14373;-3.91964
Yébenes, Los;Toledo;45200;39.58114;-3.86935
Yeles;Toledo;45201;40.1207;-3.80512
Yepes;Toledo;45202;39.90292;-3.62558
Yuncler;Toledo;45203;40.04263;-3.90245
Yunclillos;Toledo;45204;40.02176;-3.98912
Yuncos;Toledo;45205;40.08839;-3.87317
Santo Domingo-Caudilla;Toledo;45901;40.01355;-4.32569
Ademuz;Valencia;46001;40.06134;-1.28701
Ador;Valencia;46002;38.91831;-0.22564
Atzeneta d'Albaida;Valencia;46003;38.83125;-0.49862
Agullent;Valencia;46004;38.823;-0.54941
Alaquàs;Valencia;46005;39.45634;-0.45985
Albaida;Valencia;46006;38.83966;-0.5202
Albal;Valencia;46007;39.39638;-0.4137
Albalat de la Ribera;Valencia;46008;39.20183;-0.38778
Albalat dels Sorells;Valencia;46009;39.54347;-0.34601
Albalat dels Tarongers;Valencia;46010;39.70324;-0.33748
Alberic;Valencia;46011;39.11808;-0.52224
Alborache;Valencia;46012;39.39364;-0.77532
Alboraia/Alboraya;Valencia;46013;39.49896;-0.35101
Albuixech;Valencia;46014;39.54483;-0.32484
Alcàsser;Valencia;46015;39.36825;-0.44469
Alcàntera de Xúquer;Valencia;46016;39.06778;-0.56065
Alzira;Valencia;46017;39.15119;-0.43336
Alcublas;Valencia;46018;39.7979;-0.70222
Alcúdia, l';Valencia;46019;39.19748;-0.50452
Alcúdia de Crespins, l';Valencia;46020;39.49399;-0.37394
Aldaia;Valencia;46021;39.46506;-0.46154
Alfafar;Valencia;46022;39.41696;-0.40003
Alfauir;Valencia;46023;39.4893;-0.36603
Alfara de la Baronia;Valencia;46024;39.76278;-0.35542
Alfara del Patriarca;Valencia;46025;39.54658;-0.38543
Alfarb;Valencia;46026;39.27711;-0.56065
Alfarrasí;Valencia;46027;38.90401;-0.49525
Algar de Palància;Valencia;46028;39.78077;-0.36719
Algemesí;Valencia;46029;39.19257;-0.43373
Algímia d'Alfara;Valencia;46030;39.75337;-0.36249
Alginet;Valencia;46031;39.26388;-0.47029
Almàssera;Valencia;46032;39.51047;-0.35718
Almiserà;Valencia;46033;38.91589;-0.28578
Almoines;Valencia;46034;38.94383;-0.18169
Almussafes;Valencia;46035;39.29277;-0.41321
Alpuente;Valencia;46036;39.87579;-1.01378
Alqueria de la Comtessa, l';Valencia;46037;38.93683;-0.15339
Andilla;Valencia;46038;39.83645;-0.81457
Anna;Valencia;46039;39.01848;-0.64767
Antella;Valencia;46040;39.08061;-0.5919
Aras de los Olmos;Valencia;46041;39.92418;-1.13319
Aielo de Malferit;Valencia;46042;38.87978;-0.58839
Aielo de Rugat;Valencia;46043;38.88211;-0.34366
Ayora;Valencia;46044;39.46643;-0.34297
Barxeta;Valencia;46045;39.02148;-0.41782
Barx;Valencia;46046;39.01401;-0.30134
Bèlgida;Valencia;46047;38.8603;-0.47511
Bellreguard;Valencia;46048;38.94586;-0.16199
Bellús;Valencia;46049;38.94525;-0.48711
Benagéber;Valencia;46050;39.70658;-1.10113
Benaguasil;Valencia;46051;39.59095;-0.58964
Benavites;Valencia;46052;39.74114;-0.25907
Beneixida;Valencia;46053;39.05777;-0.5487
Benetússer;Valencia;46054;39.42405;-0.39707
Beniarjó;Valencia;46055;38.93263;-0.1866
Beniatjar;Valencia;46056;38.84758;-0.41694
Benicolet;Valencia;46057;38.91867;-0.34601
Benifairó de les Valls;Valencia;46058;39.728;-0.26949
Benifairó de la Valldigna;Valencia;46059;39.0548;-0.3031
Benifaió;Valencia;46060;39.28612;-0.4243
Beniflá;Valencia;46061;38.92841;-0.18859
Benigànim;Valencia;46062;38.94314;-0.4439
Benimodo;Valencia;46063;39.21689;-0.5246
Benimuslem;Valencia;46064;39.13154;-0.49301
Beniparrell;Valencia;46065;39.38149;-0.41075
Benirredrà;Valencia;46066;38.96123;-0.1928
Benissanó;Valencia;46067;39.61297;-0.57425
Benissoda;Valencia;46068;38.83197;-0.53005
Benissuera;Valencia;46069;38.91331;-0.47825
Bétera;Valencia;46070;39.59152;-0.46203
Bicorp;Valencia;46071;39.13123;-0.78686
Bocairent;Valencia;46072;38.76532;-0.61213
Bolbaite;Valencia;46073;39.06002;-0.67375
Bonrepòs i Mirambell;Valencia;46074;39.51775;-0.36466
Bufali;Valencia;46075;38.86801;-0.5151
Bugarra;Valencia;46076;39.60858;-0.77646
Buñol;Valencia;46077;39.42034;-0.79013
Burjassot;Valencia;46078;39.50967;-0.4136
Calles;Valencia;46079;39.72577;-0.97311
Camporrobles;Valencia;46080;39.64724;-1.40362
Canals;Valencia;46081;38.96229;-0.58482
Canet d'En Berenguer;Valencia;46082;39.68063;-0.21919
Carcaixent;Valencia;46083;39.12018;-0.45435
Càrcer;Valencia;46084;39.0683;-0.56646
Carlet;Valencia;46085;39.22729;-0.52224
Carrícola;Valencia;46086;38.84002;-0.47191
Casas Altas;Valencia;46087;40.03932;-1.26297
Casas Bajas;Valencia;46088;40.02378;-1.26203
Casinos;Valencia;46089;39.69656;-0.7078
Castelló de Rugat;Valencia;46090;38.8735;-0.38308
Castellonet de la Conquesta;Valencia;46091;38.9148;-0.26362
Castielfabib;Valencia;46092;40.13091;-1.30536
Catadau;Valencia;46093;39.27483;-0.56953
Catarroja;Valencia;46094;39.40388;-0.40346
Caudete de las Fuentes;Valencia;46095;39.55828;-1.28068
Cerdà;Valencia;46096;38.98624;-0.57341
Cofrentes;Valencia;46097;39.22948;-1.06161
Corbera;Valencia;46098;39.15839;-0.35307
Cortes de Pallás;Valencia;46099;39.24188;-0.94116
Cotes;Valencia;46100;39.07064;-0.57573
Quart de les Valls;Valencia;46101;39.74111;-0.27198
Quart de Poblet;Valencia;46102;39.48258;-0.44487
Quartell;Valencia;46103;39.73791;-0.26318
Quatretonda;Valencia;46104;38.94655;-0.40192
Cullera;Valencia;46105;39.1632;-0.25379
Chelva;Valencia;46106;39.74941;-0.99521
Chella;Valencia;46107;39.04186;-0.65952
Chera;Valencia;46108;39.5929;-0.97311
Cheste;Valencia;46109;39.49348;-0.68561
Xirivella;Valencia;46110;39.46573;-0.43029
Chiva;Valencia;46111;39.47265;-0.7194
Chulilla;Valencia;46112;39.6555;-0.89195
Daimús;Valencia;46113;38.97236;-0.1487
Domeño;Valencia;46114;39.65956;-0.67197
Dos Aguas;Valencia;46115;39.28869;-0.80024
Eliana, l';Valencia;46116;39.56534;-0.52931
Emperador;Valencia;46117;39.55421;-0.33996
Enguera;Valencia;46118;38.97913;-0.68798
Énova, l';Valencia;46119;39.49136;-0.3869
Estivella;Valencia;46120;39.71384;-0.34836
Estubeny;Valencia;46121;39.01698;-0.62367
Faura;Valencia;46122;39.72591;-0.26371
Favara;Valencia;46123;39.45483;-0.39338
Fontanars dels Alforins;Valencia;46124;38.78283;-0.78522
Fortaleny;Valencia;46125;39.1832;-0.31544
Foios;Valencia;46126;39.53634;-0.35248
Font d'en Carròs, la;Valencia;46127;39.48153;-0.3267
Font de la Figuera, la;Valencia;46128;39.45713;-0.37272
Fuenterrobles;Valencia;46129;39.58574;-1.36501
Gavarda;Valencia;46130;39.0913;-0.56025
Gandia;Valencia;46131;38.96803;-0.18447
Genovés, el;Valencia;46132;38.98803;-0.47029
Gestalgar;Valencia;46133;39.6043;-0.83476
Gilet;Valencia;46134;39.67936;-0.32683
Godella;Valencia;46135;39.52321;-0.41605
Godelleta;Valencia;46136;39.42358;-0.68798
Granja de la Costera, la;Valencia;46137;39.00774;-0.56285
Guadasséquies;Valencia;46138;38.9241;-0.48843
Guadassuar;Valencia;46139;39.1859;-0.47737
Guardamar de la Safor;Valencia;46140;38.96817;-0.13623
Higueruelas;Valencia;46141;39.78992;-0.86117
Jalance;Valencia;46142;39.18972;-1.07657
Xeraco;Valencia;46143;39.0331;-0.21626
Jarafuel;Valencia;46144;39.13899;-1.07555
Xàtiva;Valencia;46145;39.46719;-0.37738
Xeresa;Valencia;46146;39.01029;-0.21685
Llíria;Valencia;46147;39.62741;-0.59686
Loriguilla;Valencia;46148;39.49151;-0.57189
Losa del Obispo;Valencia;46149;39.69565;-0.8693
Llutxent;Valencia;46150;38.94213;-0.35542
Llocnou d'En Fenollet;Valencia;46151;39.01327;-0.46702
Llocnou de la Corona;Valencia;46152;39.42124;-0.3819
Llocnou de Sant Jeroni;Valencia;46153;38.9123;-0.2849
Llanera de Ranes;Valencia;46154;38.99214;-0.57248
Llaurí;Valencia;46155;39.14675;-0.32955
Llombai;Valencia;46156;39.28158;-0.57175
Llosa de Ranes, la;Valencia;46157;39.47399;-0.35008
Macastre;Valencia;46158;39.38215;-0.78716
Manises;Valencia;46159;39.49379;-0.46354
Manuel;Valencia;46160;39.05095;-0.49248
Marines;Valencia;46161;39.67497;-0.56243
Massalavés;Valencia;46162;39.14381;-0.51876
Massalfassar;Valencia;46163;39.55775;-0.32602
Massamagrell;Valencia;46164;39.57;-0.33366
Massanassa;Valencia;46165;39.4126;-0.3996
Meliana;Valencia;46166;39.5286;-0.34777
Millares;Valencia;46167;39.23824;-0.77289
Miramar;Valencia;46168;38.95041;-0.14189
Mislata;Valencia;46169;39.47663;-0.41841
Moixent/Mogente;Valencia;46170;38.87433;-0.75209
Montcada/Moncada;Valencia;46171;39.54525;-0.39603
Montserrat;Valencia;46172;39.49109;-0.38742
Montaverner;Valencia;46173;38.8881;-0.49448
Montesa;Valencia;46174;38.9487;-0.64944
Montitxelvo/Montichelvo;Valencia;46175;38.89098;-0.33915
Montroi/Montroy;Valencia;46176;39.34041;-0.6139
Museros;Valencia;46177;39.55965;-0.33836
Nàquera/Náquera;Valencia;46178;39.65988;-0.42689
Navarrés;Valencia;46179;39.10156;-0.6951
Novetlè;Valencia;46180;38.9802;-0.54853
Oliva;Valencia;46181;38.92238;-0.12376
Olocau;Valencia;46182;39.70026;-0.5311
Olleria, l';Valencia;46183;39.52563;-0.43612
Ontinyent;Valencia;46184;38.82206;-0.60639
Otos;Valencia;46185;38.85336;-0.44405
Paiporta;Valencia;46186;39.42745;-0.41841
Palma de Gandía;Valencia;46187;38.92506;-0.22148
Palmera;Valencia;46188;38.94126;-0.15359
Palomar, el;Valencia;46189;38.85415;-0.5022
Paterna;Valencia;46190;39.50371;-0.44316
Pedralba;Valencia;46191;39.60438;-0.72596
Petrés;Valencia;46192;39.6843;-0.31074
Picanya;Valencia;46193;39.43515;-0.43727
Picassent;Valencia;46194;39.3638;-0.46203
Piles;Valencia;46195;38.94194;-0.13429
Pinet;Valencia;46196;38.98262;-0.33895
Polinyà de Xúquer;Valencia;46197;39.19669;-0.36895
Potries;Valencia;46198;38.9151;-0.19458
Pobla de Farnals, la;Valencia;46199;39.46957;-0.35153
Pobla del Duc, la;Valencia;46200;39.48694;-0.37597
Puebla de San Miguel;Valencia;46201;40.04518;-1.1446
Pobla de Vallbona, la;Valencia;46202;39.58276;-0.56228
Pobla Llarga, la;Valencia;46203;39.48354;-0.35991
Puig de Santa Maria, el;Valencia;46204;39.59075;-0.3031
Puçol;Valencia;46205;39.61915;-0.3078
Quesa;Valencia;46206;39.11788;-0.73932
Rafelbunyol;Valencia;46207;39.58885;-0.33064
Rafelcofer;Valencia;46208;38.93211;-0.16764
Rafelguaraf;Valencia;46209;39.05098;-0.4555
Ráfol de Salem;Valencia;46210;38.86496;-0.39779
Real de Gandia, el;Valencia;46211;38.94904;-0.19341
Real;Valencia;46212;39.33521;-0.60947
Requena;Valencia;46213;39.48903;-1.09934
Riba-roja de Túria;Valencia;46214;39.54557;-0.5713
Riola;Valencia;46215;39.19681;-0.33523
Rocafort;Valencia;46216;39.53357;-0.41134
Rotglà i Corberà;Valencia;46217;39.00468;-0.56531
Ròtova;Valencia;46218;38.93195;-0.2579
Rugat;Valencia;46219;38.87977;-0.3616
Sagunt/Sagunto;Valencia;46220;39.67986;-0.27844
Salem;Valencia;46221;38.85326;-0.38131
Sant Joanet;Valencia;46222;39.07142;-0.487
Sedaví;Valencia;46223;39.42455;-0.38299
Segart;Valencia;46224;39.68379;-0.37336
Sellent;Valencia;46225;39.03117;-0.58786
Sempere;Valencia;46226;38.91983;-0.48002
Senyera;Valencia;46227;39.0628;-0.51102
Serra;Valencia;46228;39.68586;-0.42784
Siete Aguas;Valencia;46229;39.47379;-0.9164
Silla;Valencia;46230;39.36259;-0.41201
Simat de la Valldigna;Valencia;46231;39.04266;-0.31074
Sinarcas;Valencia;46232;39.73171;-1.23016
Sollana;Valencia;46233;39.27797;-0.38302
Sot de Chera;Valencia;46234;39.62052;-0.90984
Sueca;Valencia;46235;39.20336;-0.31133
Sumacàrcer;Valencia;46236;39.09672;-0.63108
Tavernes Blanques;Valencia;46237;39.50693;-0.36361
Tavernes de la Valldigna;Valencia;46238;39.07338;-0.26435
Teresa de Cofrentes;Valencia;46239;39.10476;-1.05083
Terrateig;Valencia;46240;38.89491;-0.32044
Titaguas;Valencia;46241;39.86622;-1.08214
Torrebaja;Valencia;46242;40.09809;-1.25882
Torrella;Valencia;46243;38.98856;-0.57159
Torrent;Valencia;46244;39.43224;-0.47237
Torres Torres;Valencia;46245;39.74345;-0.35777
Tous;Valencia;46246;39.13859;-0.58609
Tuéjar;Valencia;46247;39.7664;-1.04126
Turís;Valencia;46248;39.38976;-0.71171
Utiel;Valencia;46249;39.56943;-1.20372
València;Valencia;46250;39.46991;-0.37629
Vallada;Valencia;46251;38.8956;-0.69035
Vallanca;Valencia;46252;40.06297;-1.33939
Vallés;Valencia;46253;38.98521;-0.55637
Venta del Moro;Valencia;46254;39.48501;-1.35777
Vilallonga/Villalonga;Valencia;46255;38.88604;-0.20709
Vilamarxant;Valencia;46256;39.56881;-0.62397
Castelló;Valencia;46257;39.07646;-0.51279
Villar del Arzobispo;Valencia;46258;39.73398;-0.82702
Villargordo del Cabriel;Valencia;46259;39.53575;-1.43984
Vinalesa;Valencia;46260;39.53823;-0.37072
Yátova;Valencia;46261;39.38394;-0.80917
Yesa, La;Valencia;46262;39.49926;-0.42622
Zarra;Valencia;46263;39.09153;-1.07478
Gátova;Valencia;46902;39.76988;-0.52165
San Antonio de Benagéber;Valencia;46903;39.70765;-1.10069
Benicull de Xúquer;Valencia;46904;39.18541;-0.38309
Adalia;Valladolid;47001;41.64872;-5.12041
Aguasal;Valladolid;47002;41.27452;-4.65311
Aguilar de Campos;Valladolid;47003;41.98501;-5.18101
Alaejos;Valladolid;47004;41.30699;-5.21753
Alcazarén;Valladolid;47005;41.37031;-4.67475
Aldea de San Miguel;Valladolid;47006;41.46075;-4.61598
Aldeamayor de San Martín;Valladolid;47007;41.51162;-4.63858
Almenara de Adaja;Valladolid;47008;41.21338;-4.67765
Amusquillo;Valladolid;47009;41.74937;-4.30066
Arroyo de la Encomienda;Valladolid;47010;41.61266;-4.78666
Ataquines;Valladolid;47011;41.18216;-4.80412
Bahabón;Valladolid;47012;41.4812;-4.28013
Barcial de la Loma;Valladolid;47013;41.9513;-5.28346
Barruelo del Valle;Valladolid;47014;41.67459;-5.06963
Becilla de Valderaduey;Valladolid;47015;42.09938;-5.21753
Benafarces;Valladolid;47016;41.62103;-5.29261
Bercero;Valladolid;47017;41.56237;-5.05701
Berceruelo;Valladolid;47018;41.5801;-5.03288
Berrueces;Valladolid;47019;41.94612;-5.09697
Bobadilla del Campo;Valladolid;47020;41.20482;-5.0228
Bocigas;Valladolid;47021;41.22924;-4.68056
Bocos de Duero;Valladolid;47022;41.62363;-4.06939
Boecillo;Valladolid;47023;41.54152;-4.7006
Bolaños de Campos;Valladolid;47024;42.00685;-5.28477
Brahojos de Medina;Valladolid;47025;41.22963;-5.04296
Bustillo de Chaves;Valladolid;47026;42.13153;-5.09176
Cabezón de Pisuerga;Valladolid;47027;41.73193;-4.64593
Cabezón de Valderaduey;Valladolid;47028;42.16799;-5.15819
Cabreros del Monte;Valladolid;47029;41.84795;-5.2704
Campaspero;Valladolid;47030;41.49244;-4.1949
Campillo, El;Valladolid;47031;41.66033;-4.7843
Camporredondo;Valladolid;47032;41.47257;-4.50638
Canalejas de Peñafiel;Valladolid;47033;41.52542;-4.11533
Canillas de Esgueva;Valladolid;47034;41.7558;-4.12515
Carpio;Valladolid;47035;41.21322;-5.1085
Casasola de Arión;Valladolid;47036;41.57809;-5.24115
Castrejón de Trabancos;Valladolid;47037;41.25404;-5.17058
Castrillo de Duero;Valladolid;47038;41.57524;-4.01496
Castrillo-Tejeriego;Valladolid;47039;41.70323;-4.37129
Castrobol;Valladolid;47040;42.1375;-5.31352
Castrodeza;Valladolid;47041;41.64862;-4.95944
Castromembibre;Valladolid;47042;41.6727;-5.30437
Castromonte;Valladolid;47043;41.77282;-5.0384
Castronuevo de Esgueva;Valladolid;47044;41.68113;-4.58759
Castronuño;Valladolid;47045;41.38724;-5.26714
Castroponce;Valladolid;47046;42.12493;-5.18427
Castroverde de Cerrato;Valladolid;47047;41.756;-4.22244
Ceinos de Campos;Valladolid;47048;42.0331;-5.14986
Cervillego de la Cruz;Valladolid;47049;41.18785;-4.95132
Cigales;Valladolid;47050;41.75805;-4.69801
Ciguñuela;Valladolid;47051;41.6412;-4.85628
Cistérniga;Valladolid;47052;41.60951;-4.6825
Cogeces de Íscar;Valladolid;47053;41.40612;-4.54504
Cogeces del Monte;Valladolid;47054;41.50916;-4.31671
Corcos;Valladolid;47055;41.80973;-4.69349
Corrales de Duero;Valladolid;47056;41.6715;-4.04847
Cubillas de Santa Marta;Valladolid;47057;41.83276;-4.61469
Cuenca de Campos;Valladolid;47058;42.05973;-5.05597
Curiel de Duero;Valladolid;47059;41.64202;-4.09926
Encinas de Esgueva;Valladolid;47060;41.75602;-4.1015
Esguevillas de Esgueva;Valladolid;47061;41.7501;-4.38028
Fombellida;Valladolid;47062;41.76609;-4.18402
Fompedraza;Valladolid;47063;41.5357;-4.14594
Fontihoyuelo;Valladolid;47064;42.16136;-5.05792
Fresno el Viejo;Valladolid;47065;41.19507;-5.14451
Fuensaldaña;Valladolid;47066;41.70801;-4.76429
Fuente el Sol;Valladolid;47067;41.17781;-4.93423
Fuente-Olmedo;Valladolid;47068;41.24406;-4.6473
Gallegos de Hornija;Valladolid;47069;41.60963;-5.09729
Gatón de Campos;Valladolid;47070;42.04916;-4.98023
Geria;Valladolid;47071;41.57904;-4.8767
Herrín de Campos;Valladolid;47073;42.12406;-4.95262
Hornillos de Eresma;Valladolid;47074;41.36661;-4.71935
Íscar;Valladolid;47075;41.36097;-4.53279
Laguna de Duero;Valladolid;47076;41.5824;-4.72153
Langayo;Valladolid;47077;41.57027;-4.1981
Lomoviejo;Valladolid;47078;41.14915;-4.91757
Llano de Olmedo;Valladolid;47079;41.26698;-4.61469
Manzanillo;Valladolid;47080;41.58654;-4.18754
Marzales;Valladolid;47081;41.58685;-5.13376
Matapozuelos;Valladolid;47082;41.41301;-4.79117
Matilla de los Caños;Valladolid;47083;41.54805;-4.96788
Mayorga;Valladolid;47084;42.16624;-5.26453
Medina del Campo;Valladolid;47085;41.30816;-4.91548
Medina de Rioseco;Valladolid;47086;41.8823;-5.04296
Megeces;Valladolid;47087;41.40655;-4.56567
Melgar de Abajo;Valladolid;47088;42.24375;-5.14256
Melgar de Arriba;Valladolid;47089;42.26727;-5.09762
Mojados;Valladolid;47090;41.4307;-4.66441
Monasterio de Vega;Valladolid;47091;42.2297;-5.18166
Montealegre de Campos;Valladolid;47092;41.90157;-4.8981
Montemayor de Pililla;Valladolid;47093;41.50876;-4.45809
Moral de la Reina;Valladolid;47094;41.98554;-5.07223
Moraleja de las Panaderas;Valladolid;47095;41.27624;-4.82452
Morales de Campos;Valladolid;47096;41.86107;-5.17253
Mota del Marqués;Valladolid;47097;41.63306;-5.1784
Mucientes;Valladolid;47098;41.74368;-4.76188
Mudarra, La;Valladolid;47099;41.62766;-4.74248
Muriel;Valladolid;47100;41.12236;-4.84289
Nava del Rey;Valladolid;47101;41.33056;-5.08199
Nueva Villa de las Torres;Valladolid;47102;41.26779;-5.056
Olivares de Duero;Valladolid;47103;41.63755;-4.36486
Olmedo;Valladolid;47104;41.28491;-4.6825
Olmos de Esgueva;Valladolid;47105;41.68806;-4.52248
Olmos de Peñafiel;Valladolid;47106;41.57179;-4.0424
Palazuelo de Vedija;Valladolid;47109;41.92978;-5.14451
Parrilla, La;Valladolid;47110;41.5365;-4.53298
Pedraja de Portillo, La;Valladolid;47111;41.4747;-4.59979
Pedrajas de San Esteban;Valladolid;47112;41.34142;-4.58437
Pedrosa del Rey;Valladolid;47113;41.55538;-5.20383
Peñafiel;Valladolid;47114;41.59847;-4.12451
Peñaflor de Hornija;Valladolid;47115;41.71129;-4.98315
Pesquera de Duero;Valladolid;47116;41.64155;-4.15586
Piña de Esgueva;Valladolid;47117;41.72895;-4.42978
Piñel de Abajo;Valladolid;47118;41.67422;-4.1469
Piñel de Arriba;Valladolid;47119;41.69884;-4.12803
Pollos;Valladolid;47121;41.44354;-5.12627
Portillo;Valladolid;47122;41.47816;-4.5863
Pozal de Gallinas;Valladolid;47123;41.31801;-4.83586
Pozaldez;Valladolid;47124;41.37147;-4.84462
Pozuelo de la Orden;Valladolid;47125;41.82123;-5.25865
Puras;Valladolid;47126;41.18315;-4.64988
Quintanilla de Arriba;Valladolid;47127;41.6197;-4.21764
Quintanilla del Molar;Valladolid;47128;41.98926;-5.44961
Quintanilla de Onésimo;Valladolid;47129;41.62455;-4.36294
Quintanilla de Trigueros;Valladolid;47130;41.85481;-4.65957
Rábano;Valladolid;47131;41.53279;-4.06124
Ramiro;Valladolid;47132;41.22838;-4.78566
Renedo de Esgueva;Valladolid;47133;41.65461;-4.62889
Roales de Campos;Valladolid;47134;42.03071;-5.47385
Robladillo;Valladolid;47135;41.60781;-4.91011
Roturas;Valladolid;47137;41.66777;-4.11876
Rubí de Bracamonte;Valladolid;47138;41.21409;-4.92406
Rueda;Valladolid;47139;41.41413;-4.9571
Saelices de Mayorga;Valladolid;47140;42.21135;-5.20644
Salvador de Zapardiel;Valladolid;47141;41.11708;-4.87475
San Cebrián de Mazote;Valladolid;47142;41.6809;-5.14681
San Llorente;Valladolid;47143;41.68571;-4.06891
San Martín de Valvení;Valladolid;47144;41.76101;-4.5315
San Miguel del Arroyo;Valladolid;47145;41.44377;-4.46067
San Miguel del Pino;Valladolid;47146;41.50937;-4.91075
San Pablo de la Moraleja;Valladolid;47147;41.16006;-4.77757
San Pedro de Latarce;Valladolid;47148;41.73572;-5.32463
San Pelayo;Valladolid;47149;41.67956;-5.03418
San Román de Hornija;Valladolid;47150;41.48066;-5.28477
San Salvador;Valladolid;47151;41.62043;-5.0871
Santa Eufemia del Arroyo;Valladolid;47152;41.89388;-5.26779
Santervás de Campos;Valladolid;47153;42.21797;-5.10022
Santibáñez de Valcorba;Valladolid;47154;41.5708;-4.44973
Santovenia de Pisuerga;Valladolid;47155;41.69378;-4.69026
San Vicente del Palacio;Valladolid;47156;41.21968;-4.85142
Sardón de Duero;Valladolid;47157;41.60876;-4.43429
Seca, La;Valladolid;47158;41.4156;-4.90784
Serrada;Valladolid;47159;41.45795;-4.8622
Siete Iglesias de Trabancos;Valladolid;47160;41.35342;-5.18623
Simancas;Valladolid;47161;41.59097;-4.83003
Tamariz de Campos;Valladolid;47162;41.97653;-5.0241
Tiedra;Valladolid;47163;41.65402;-5.26453
Tordehumos;Valladolid;47164;41.81528;-5.15754
Tordesillas;Valladolid;47165;41.50154;-4.99875
Torrecilla de la Abadesa;Valladolid;47166;41.4846;-5.08655
Torrecilla de la Orden;Valladolid;47167;41.219;-5.22536
Torrecilla de la Torre;Valladolid;47168;41.66766;-5.05044
Torre de Esgueva;Valladolid;47169;41.76802;-4.19938
Torre de Peñafiel;Valladolid;47170;41.53713;-4.08839
Torrelobatón;Valladolid;47171;41.64905;-5.02506
Torrescárcela;Valladolid;47172;41.48471;-4.31991
Traspinedo;Valladolid;47173;41.57598;-4.47676
Trigueros del Valle;Valladolid;47174;41.82883;-4.65085
Tudela de Duero;Valladolid;47175;41.58433;-4.58114
Unión de Campos, La;Valladolid;47176;42.07708;-5.32724
Urones de Castroponce;Valladolid;47177;42.09951;-5.28216
Urueña;Valladolid;47178;41.72834;-5.20123
Valbuena de Duero;Valladolid;47179;41.6425;-4.29239
Valdearcos de la Vega;Valladolid;47180;41.64305;-4.04799
Valdenebro de los Valles;Valladolid;47181;41.85516;-4.96951
Valdestillas;Valladolid;47182;41.47939;-4.7711
Valdunquillo;Valladolid;47183;42.04132;-5.31352
Valoria la Buena;Valladolid;47184;41.80008;-4.53215
Valverde de Campos;Valladolid;47185;41.83487;-5.0371
Valladolid;Valladolid;47186;41.64217;-4.72699
Vega de Ruiponce;Valladolid;47187;42.18838;-5.1152
Vega de Valdetronco;Valladolid;47188;41.59303;-5.11389
Velascálvaro;Valladolid;47189;41.23017;-4.97276
Velilla;Valladolid;47190;41.55923;-5.0046
Velliza;Valladolid;47191;41.57949;-4.94645
Ventosa de la Cuesta;Valladolid;47192;41.41079;-4.82938
Viana de Cega;Valladolid;47193;41.52573;-4.75104
Viloria;Valladolid;47194;41.44932;-4.38093
Villabáñez;Valladolid;47195;41.63114;-4.5228
Villabaruz de Campos;Valladolid;47196;42.0099;-4.9955
Villabrágima;Valladolid;47197;41.8221;-5.11585
Villacarralón;Valladolid;47198;42.18908;-5.04361
Villacid de Campos;Valladolid;47199;42.082;-5.12431
Villaco;Valladolid;47200;41.74003;-4.26795
Villafrades de Campos;Valladolid;47203;42.07764;-4.97081
Villafranca de Duero;Valladolid;47204;41.43247;-5.30176
Villafrechós;Valladolid;47205;41.89184;-5.21753
Villafuerte;Valladolid;47206;41.73241;-4.32248
Villagarcía de Campos;Valladolid;47207;41.78128;-5.19666
Villagómez la Nueva;Valladolid;47208;42.15637;-5.14256
Villalán de Campos;Valladolid;47209;42.01523;-5.23646
Villalar de los Comuneros;Valladolid;47210;41.54959;-5.13865
Villalba de la Loma;Valladolid;47211;42.17514;-5.19079
Villalba de los Alcores;Valladolid;47212;41.86359;-4.85919
Villalbarba;Valladolid;47213;41.60417;-5.21231
Villalón de Campos;Valladolid;47214;42.09884;-5.03488
Villamuriel de Campos;Valladolid;47215;41.94734;-5.20775
Villán de Tordesillas;Valladolid;47216;41.5927;-4.92146
Villanubla;Valladolid;47217;41.69925;-4.8412
Villanueva de Duero;Valladolid;47218;41.51887;-4.86599
Villanueva de la Condesa;Valladolid;47219;42.14861;-5.09566
Villanueva de los Caballeros;Valladolid;47220;41.75906;-5.24886
Villanueva de los Infantes;Valladolid;47221;41.70394;-4.48191
Villanueva de San Mancio;Valladolid;47222;41.92887;-5.0111
Villardefrades;Valladolid;47223;41.72342;-5.25473
Villarmentero de Esgueva;Valladolid;47224;41.68526;-4.54633
Villasexmir;Valladolid;47225;41.63906;-5.06475
Villavaquerín;Valladolid;47226;41.66366;-4.4626
Villavellid;Valladolid;47227;41.6926;-5.27693
Villaverde de Medina;Valladolid;47228;41.30805;-5.02475
Villavicencio de los Caballeros;Valladolid;47229;42.05908;-5.2358
Wamba;Valladolid;47230;41.67497;-4.91757
Zaratán;Valladolid;47231;41.65762;-4.7834
Zarza, La;Valladolid;47232;41.62635;-4.72798
Abadiño;Bizkaia;48001;43.15103;-2.61126
Abanto y Ciérvana-Abanto Zierbena;Bizkaia;48002;43.31673;-3.08422
Amorebieta-Etxano;Bizkaia;48003;43.22047;-2.73307
Amoroto;Bizkaia;48004;43.32604;-2.51484
Arakaldo;Bizkaia;48005;43.15282;-2.93545
Arantzazu;Bizkaia;48006;43.15688;-2.79128
Munitibar-Arbatzegi Gerrikaitz;Bizkaia;48007;43.26573;-2.5923
Artzentales;Bizkaia;48008;43.23575;-3.2282
Arrankudiaga-Zollo;Bizkaia;48009;43.17208;-2.91947
Arrieta;Bizkaia;48010;43.34168;-2.76897
Arrigorriaga;Bizkaia;48011;43.20974;-2.88889
Bakio;Bizkaia;48012;43.42717;-2.81268
Barakaldo;Bizkaia;48013;43.29699;-2.9862
Barrika;Bizkaia;48014;43.40676;-2.96482
Basauri;Bizkaia;48015;43.23532;-2.89127
Berango;Bizkaia;48016;43.36007;-2.9974
Bermeo;Bizkaia;48017;43.41882;-2.72698
Berriatua;Bizkaia;48018;43.30904;-2.46828
Berriz;Bizkaia;48019;43.17585;-2.57685
Bilbao;Bizkaia;48020;43.26301;-2.93499
Busturia;Bizkaia;48021;43.38281;-2.6986
Karrantza Harana/Valle de Carranza;Bizkaia;48022;43.224;-3.36416
Artea;Bizkaia;48023;43.13247;-2.78421
Zeanuri;Bizkaia;48024;43.08343;-2.75807
Zeberio;Bizkaia;48025;43.14908;-2.84774
Dima;Bizkaia;48026;43.1388;-2.72772
Durango;Bizkaia;48027;43.17119;-2.63133
Ea;Bizkaia;48028;43.38087;-2.58452
Etxebarri;Bizkaia;48029;43.25277;-2.88345
Etxebarria;Bizkaia;48030;43.25376;-2.47616
Elantxobe;Bizkaia;48031;43.4031;-2.63971
Elorrio;Bizkaia;48032;43.12956;-2.54233
Ereño;Bizkaia;48033;43.35587;-2.62281
Ermua;Bizkaia;48034;43.18735;-2.5037
Fruiz;Bizkaia;48035;43.32791;-2.78409
Galdakao;Bizkaia;48036;43.23138;-2.84475
Galdames;Bizkaia;48037;43.2584;-3.10773
Gamiz-Fika;Bizkaia;48038;43.33496;-2.80662
Garai;Bizkaia;48039;43.19343;-2.61039
Gatika;Bizkaia;48040;43.36331;-2.87223
Gautegiz Arteaga;Bizkaia;48041;43.3518;-2.65395
Gordexola;Bizkaia;48042;43.17938;-3.07489
Gorliz;Bizkaia;48043;43.41317;-2.93431
Getxo;Bizkaia;48044;43.33874;-3.00813
Güeñes;Bizkaia;48045;43.20992;-3.09527
Gernika-Lumo;Bizkaia;48046;43.31137;-2.68084
Gizaburuaga;Bizkaia;48047;43.33085;-2.53775
Ibarrangelu;Bizkaia;48048;43.39035;-2.63174
Ispaster;Bizkaia;48049;43.36186;-2.54398
Izurtza;Bizkaia;48050;43.14728;-2.64436
Lanestosa;Bizkaia;48051;43.21931;-3.44037
Larrabetzu;Bizkaia;48052;43.26099;-2.79603
Laukiz;Bizkaia;48053;43.34518;-2.91666
Leioa;Bizkaia;48054;43.3267;-2.99006
Lemoa;Bizkaia;48055;43.20864;-2.77511
Lemoiz;Bizkaia;48056;43.41293;-2.90263
Lekeitio;Bizkaia;48057;43.36721;-2.50742
Mallabia;Bizkaia;48058;43.18979;-2.53032
Mañaria;Bizkaia;48059;43.13844;-2.6605
Markina-Xemein;Bizkaia;48060;43.2673;-2.49628
Maruri-Jatabe;Bizkaia;48061;43.40202;-2.87217
Mendata;Bizkaia;48062;43.28678;-2.63523
Mendexa;Bizkaia;48063;43.34599;-2.48515
Meñaka;Bizkaia;48064;43.34851;-2.79888
Ugao-Miraballes;Bizkaia;48065;43.18282;-2.90137
Morga;Bizkaia;48066;43.29966;-2.75247
Muxika;Bizkaia;48067;43.28947;-2.68913
Mundaka;Bizkaia;48068;43.40802;-2.70025
Mungia;Bizkaia;48069;43.35442;-2.8467
Aulesti;Bizkaia;48070;43.29726;-2.56192
Muskiz;Bizkaia;48071;43.3226;-3.11389
Otxandio;Bizkaia;48072;43.04308;-2.65533
Ondarroa;Bizkaia;48073;43.32134;-2.42519
Urduña/Orduña;Bizkaia;48074;42.99385;-3.0101
Orozko;Bizkaia;48075;43.10756;-2.9113
Sukarrieta;Bizkaia;48076;43.39485;-2.69652
Plentzia;Bizkaia;48077;43.40469;-2.94644
Portugalete;Bizkaia;48078;43.31825;-3.0212
Errigoiti;Bizkaia;48079;43.31861;-2.72494
Valle de Trápaga-Trapagaran;Bizkaia;48080;43.30499;-3.03723
Lezama;Bizkaia;48081;43.27418;-2.8328
Santurtzi;Bizkaia;48082;43.32813;-3.03366
Ortuella;Bizkaia;48083;43.30934;-3.05386
Sestao;Bizkaia;48084;43.30939;-3.00724
Sopela;Bizkaia;48085;43.38073;-2.98161
Sopuerta;Bizkaia;48086;43.27427;-3.15682
Trucios-Turtzioz;Bizkaia;48087;43.27169;-3.25654
Ubide;Bizkaia;48088;43.02409;-2.68797
Urduliz;Bizkaia;48089;43.37374;-2.9483
Balmaseda;Bizkaia;48090;43.19246;-3.19868
Atxondo;Bizkaia;48091;43.13161;-2.58327
Bedia;Bizkaia;48092;43.20862;-2.80201
Areatza;Bizkaia;48093;43.12125;-2.76974
Igorre;Bizkaia;48094;43.16435;-2.77924
Zaldibar;Bizkaia;48095;43.17185;-2.54827
Zalla;Bizkaia;48096;43.21298;-3.13406
Zaratamo;Bizkaia;48097;43.21195;-2.8733
Derio;Bizkaia;48901;43.29554;-2.8849
Erandio;Bizkaia;48902;43.30286;-2.97565
Loiu;Bizkaia;48903;43.30469;-2.89778
Sondika;Bizkaia;48904;43.28716;-2.93258
Zamudio;Bizkaia;48905;43.28035;-2.86213
Forua;Bizkaia;48906;43.33206;-2.67696
Kortezubi;Bizkaia;48907;43.34001;-2.65487
Murueta;Bizkaia;48908;43.35347;-2.68177
Nabarniz;Bizkaia;48909;43.32132;-2.58443
Iurreta;Bizkaia;48910;43.17698;-2.63381
Ajangiz;Bizkaia;48911;43.30338;-2.66361
Alonsotegi;Bizkaia;48912;43.24524;-2.98943
Zierbena;Bizkaia;48913;43.3513;-3.08176
Arratzu;Bizkaia;48914;43.31372;-2.63382
Ziortza-Bolibar;Bizkaia;48915;43.24971;-2.54971
Usansolo;Bizkaia;48916;;
Abezames;Zamora;49002;41.62594;-5.42734
Alcañices;Zamora;49003;41.69866;-6.34787
Alcubilla de Nogales;Zamora;49004;42.12744;-5.92182
Alfaraz de Sayago;Zamora;49005;41.22781;-5.98392
Algodre;Zamora;49006;41.56645;-5.6044
Almaraz de Duero;Zamora;49007;41.47485;-5.91654
Almeida de Sayago;Zamora;49008;41.26763;-6.07189
Andavías;Zamora;49009;41.5955;-5.85781
Arcenillas;Zamora;49010;41.45531;-5.6859
Arcos de la Polvorosa;Zamora;49011;41.9438;-5.69906
Argañín;Zamora;49012;41.43993;-6.21238
Argujillo;Zamora;49013;41.31154;-5.58733
Arquillinos;Zamora;49014;41.7093;-5.65697
Arrabalde;Zamora;49015;42.10663;-5.89541
Aspariegos;Zamora;49016;41.67488;-5.59915
Asturianos;Zamora;49017;42.05098;-6.48732
Ayoó de Vidriales;Zamora;49018;42.12911;-6.0666
Barcial del Barco;Zamora;49019;41.93261;-5.66289
Belver de los Montes;Zamora;49020;41.72292;-5.45223
Benavente;Zamora;49021;42.00288;-5.67847
Benegiles;Zamora;49022;41.62717;-5.63462
Bermillo de Sayago;Zamora;49023;41.36622;-6.10963
Bóveda de Toro, La;Zamora;49024;41.34309;-5.41097
Bretó;Zamora;49025;41.87877;-5.73854
Bretocino;Zamora;49026;41.8841;-5.75566
Brime de Sog;Zamora;49027;42.06052;-6.0474
Brime de Urz;Zamora;49028;42.03745;-5.8743
Burganes de Valverde;Zamora;49029;41.92111;-5.782
Bustillo del Oro;Zamora;49030;41.67529;-5.4614
Cabañas de Sayago;Zamora;49031;41.33272;-5.79122
Calzadilla de Tera;Zamora;49032;41.97845;-6.08314
Camarzana de Tera;Zamora;49033;41.99561;-6.0269
Cañizal;Zamora;49034;41.16732;-5.36756
Cañizo;Zamora;49035;41.76952;-5.50269
Carbajales de Alba;Zamora;49036;41.65291;-5.9978
Carbellino;Zamora;49037;41.23116;-6.14607
Casaseca de Campeán;Zamora;49038;41.37362;-5.74776
Casaseca de las Chanas;Zamora;49039;41.43837;-5.67538
Castrillo de la Guareña;Zamora;49040;41.23009;-5.32528
Castrogonzalo;Zamora;49041;41.98994;-5.60243
Castronuevo;Zamora;49042;41.7204;-5.54264
Castroverde de Campos;Zamora;49043;41.96963;-5.31482
Cazurra;Zamora;49044;41.41573;-5.70432
Cerecinos de Campos;Zamora;49046;41.90157;-5.48696
Cerecinos del Carrizal;Zamora;49047;41.6827;-5.655
Cernadilla;Zamora;49048;42.02068;-6.41772
Cobreros;Zamora;49050;42.07401;-6.70258
Coomonte;Zamora;49052;42.11566;-5.81495
Coreses;Zamora;49053;41.5476;-5.62083
Corrales del Vino;Zamora;49054;41.35788;-5.72561
Cotanes del Monte;Zamora;49055;41.81726;-5.2913
Cubillos;Zamora;49056;41.57411;-5.7392
Cubo de Benavente;Zamora;49057;42.12389;-6.16463
Cubo de Tierra del Vino, El;Zamora;49058;41.25544;-5.7109
Cuelgamures;Zamora;49059;41.30718;-5.6573
Entrala;Zamora;49061;41.43064;-5.75566
Espadañedo;Zamora;49062;42.11681;-6.39509
Faramontanos de Tábara;Zamora;49063;41.83709;-5.88947
Fariza;Zamora;49064;41.42005;-6.27046
Fermoselle;Zamora;49065;41.31662;-6.39395
Ferreras de Abajo;Zamora;49066;41.8966;-6.07719
Ferreras de Arriba;Zamora;49067;41.89837;-6.19447
Ferreruela;Zamora;49068;41.7663;-6.07169
Figueruela de Arriba;Zamora;49069;41.86869;-6.44169
Fonfría;Zamora;49071;41.63615;-6.13878
Fresno de la Polvorosa;Zamora;49075;42.08248;-5.77047
Fresno de la Ribera;Zamora;49076;41.52839;-5.56764
Fresno de Sayago;Zamora;49077;41.31855;-5.9707
Friera de Valverde;Zamora;49078;41.91186;-5.84264
Fuente Encalada;Zamora;49079;42.11005;-5.99582
Fuentelapeña;Zamora;49080;41.25186;-5.38218
Fuentesaúco;Zamora;49081;41.2314;-5.49745
Fuentes de Ropel;Zamora;49082;42.00438;-5.54663
Fuentesecas;Zamora;49083;41.62999;-5.47319
Fuentespreadas;Zamora;49084;41.32574;-5.62937
Galende;Zamora;49085;42.10532;-6.66181
Gallegos del Pan;Zamora;49086;41.59995;-5.58076
Gallegos del Río;Zamora;49087;41.73484;-6.17325
Gamones;Zamora;49088;41.46672;-6.17789
Gema;Zamora;49090;41.41845;-5.64908
Granja de Moreruela;Zamora;49091;41.81002;-5.7392
Granucillo;Zamora;49092;42.0507;-5.92842
Guarrate;Zamora;49093;41.28908;-5.4424
Hermisende;Zamora;49094;41.96825;-6.8961
Hiniesta, La;Zamora;49095;41.51437;-5.75569
Jambrina;Zamora;49096;41.39271;-5.66486
Justel;Zamora;49097;42.14933;-6.29669
Losacino;Zamora;49098;41.68016;-6.08182
Losacio;Zamora;49099;41.71087;-6.04079
Lubián;Zamora;49100;42.03549;-6.90549
Luelmo;Zamora;49101;41.4398;-6.13348
Maderal, El;Zamora;49102;41.2823;-5.6228
Madridanos;Zamora;49103;41.47926;-5.6044
Mahide;Zamora;49104;41.86948;-6.3782
Maire de Castroponce;Zamora;49105;42.11227;-5.78464
Malva;Zamora;49107;41.65423;-5.4863
Manganeses de la Lampreana;Zamora;49108;41.75131;-5.7109
Manganeses de la Polvorosa;Zamora;49109;42.03464;-5.7471
Manzanal de Arriba;Zamora;49110;41.99112;-6.43902
Manzanal del Barco;Zamora;49111;41.63381;-5.94692
Manzanal de los Infantes;Zamora;49112;42.05437;-6.38278
Matilla de Arzón;Zamora;49113;42.10579;-5.64251
Matilla la Seca;Zamora;49114;41.57892;-5.50072
Mayalde;Zamora;49115;41.2511;-5.79781
Melgar de Tera;Zamora;49116;41.96602;-6.01433
Micereces de Tera;Zamora;49117;41.98822;-5.87166
Milles de la Polvorosa;Zamora;49118;41.92356;-5.73327
Molacillos;Zamora;49119;41.58235;-5.66091
Molezuelas de la Carballeda;Zamora;49120;42.08138;-6.18784
Mombuey;Zamora;49121;42.02389;-6.3266
Monfarracinos;Zamora;49122;41.55328;-5.70761
Montamarta;Zamora;49123;41.6479;-5.80506
Moral de Sayago;Zamora;49124;41.47397;-6.10036
Moraleja del Vino;Zamora;49125;41.46356;-5.65763
Moraleja de Sayago;Zamora;49126;41.1705;-6.00243
Morales del Vino;Zamora;49127;41.44587;-5.73788
Morales de Rey;Zamora;49128;42.06719;-5.78661
Morales de Toro;Zamora;49129;41.53762;-5.30633
Morales de Valverde;Zamora;49130;41.93904;-5.89145
Moralina;Zamora;49131;41.49127;-6.13812
Moreruela de los Infanzones;Zamora;49132;41.63106;-5.70695
Moreruela de Tábara;Zamora;49133;41.79665;-5.86902
Muelas de los Caballeros;Zamora;49134;42.12925;-6.33723
Muelas del Pan;Zamora;49135;41.52061;-5.97182
Muga de Sayago;Zamora;49136;41.38827;-6.19911
Navianos de Valverde;Zamora;49137;41.95392;-5.81758
Olmillos de Castro;Zamora;49138;41.73204;-5.96806
Otero de Bodas;Zamora;49139;41.93708;-6.15422
Pajares de la Lampreana;Zamora;49141;41.71552;-5.69445
Palacios del Pan;Zamora;49142;41.60188;-5.87892
Palacios de Sanabria;Zamora;49143;42.05708;-6.52631
Pedralba de la Pradería;Zamora;49145;42.02578;-6.69523
Pego, El;Zamora;49146;41.33477;-5.46795
Peleagonzalo;Zamora;49147;41.48139;-5.48237
Peleas de Abajo;Zamora;49148;41.39273;-5.68985
Peñausende;Zamora;49149;41.28379;-5.86764
Peque;Zamora;49150;42.073;-6.27411
Perdigón, El;Zamora;49151;41.49588;-5.74193
Pereruela;Zamora;49152;41.41519;-5.87628
Perilla de Castro;Zamora;49153;41.72557;-5.87694
Pías;Zamora;49154;42.09229;-6.9924
Piedrahita de Castro;Zamora;49155;41.66729;-5.74051
Pinilla de Toro;Zamora;49156;41.62706;-5.36386
Pino del Oro;Zamora;49157;41.57623;-6.12089
Piñero, El;Zamora;49158;41.35272;-5.58864
Pobladura del Valle;Zamora;49159;42.10188;-5.73393
Pobladura de Valderaduey;Zamora;49160;41.70003;-5.54139
Porto;Zamora;49162;42.16756;-6.89878
Pozoantiguo;Zamora;49163;41.5969;-5.43651
Pozuelo de Tábara;Zamora;49164;41.78538;-5.89541
Prado;Zamora;49165;41.92017;-5.42079
Puebla de Sanabria;Zamora;49166;42.05438;-6.63493
Pueblica de Valverde;Zamora;49167;41.9182;-5.90003
Quintanilla del Monte;Zamora;49168;41.86786;-5.34882
Quintanilla del Olmo;Zamora;49169;41.90601;-5.40639
Quintanilla de Urz;Zamora;49170;42.03263;-5.84791
Quiruelas de Vidriales;Zamora;49171;42.01753;-5.82945
Rabanales;Zamora;49172;41.74163;-6.27677
Rábano de Aliste;Zamora;49173;41.74381;-6.43336
Requejo;Zamora;49174;42.03027;-6.74472
Revellinos;Zamora;49175;41.89076;-5.57026
Riofrío de Aliste;Zamora;49176;41.81641;-6.17723
Rionegro del Puente;Zamora;49177;42.0046;-6.2283
Roales;Zamora;49178;41.55262;-5.7708
Robleda-Cervantes;Zamora;49179;42.08217;-6.59369
Roelos de Sayago;Zamora;49180;41.25271;-6.1725
Rosinos de la Requejada;Zamora;49181;42.08561;-6.53364
Salce;Zamora;49183;41.26919;-6.21835
Samir de los Caños;Zamora;49184;41.67206;-6.16397
San Agustín del Pozo;Zamora;49185;41.8859;-5.5939
San Cebrián de Castro;Zamora;49186;41.70506;-5.755
San Cristóbal de Entreviñas;Zamora;49187;42.04626;-5.63469
San Esteban del Molar;Zamora;49188;41.938;-5.55254
San Justo;Zamora;49189;42.13333;-6.6244
San Martín de Valderaduey;Zamora;49190;41.8137;-5.47319
San Miguel de la Ribera;Zamora;49191;41.33455;-5.57682
San Miguel del Valle;Zamora;49192;42.03029;-5.49548
San Pedro de Ceque;Zamora;49193;42.04259;-6.07189
San Pedro de la Nave-Almendra;Zamora;49194;41.5828;-5.93569
Santa Clara de Avedillo;Zamora;49197;41.33842;-5.67669
Santa Colomba de las Monjas;Zamora;49199;41.95811;-5.68459
Santa Cristina de la Polvorosa;Zamora;49200;41.99919;-5.7155
Santa Croya de Tera;Zamora;49201;41.98342;-5.97665
Santa Eufemia del Barco;Zamora;49202;41.67798;-5.89739
Santa María de la Vega;Zamora;49203;42.08396;-5.80836
Santa María de Valverde;Zamora;49204;41.93562;-5.93371
Santibáñez de Tera;Zamora;49205;41.98383;-5.92116
Santibáñez de Vidriales;Zamora;49206;42.07524;-6.01367
Santovenia;Zamora;49207;41.87832;-5.71024
San Vicente de la Cabeza;Zamora;49208;41.80627;-6.25021
San Vitero;Zamora;49209;41.77552;-6.34787
Sanzoles;Zamora;49210;41.43246;-5.56632
Tábara;Zamora;49214;41.82487;-5.96027
Tapioles;Zamora;49216;41.85717;-5.49679
Toro;Zamora;49219;41.52744;-5.39134
Torre del Valle, La;Zamora;49220;42.09066;-5.72406
Torregamones;Zamora;49221;41.48651;-6.18054
Torres del Carrizal;Zamora;49222;41.61611;-5.67052
Trabazos;Zamora;49223;41.74518;-6.49165
Trefacio;Zamora;49224;42.12128;-6.65179
Uña de Quintana;Zamora;49225;42.0862;-6.14408
Vadillo de la Guareña;Zamora;49226;41.28074;-5.3534
Valcabado;Zamora;49227;41.54804;-5.75039
Valdefinjas;Zamora;49228;41.45194;-5.45256
Valdescorriel;Zamora;49229;42.0222;-5.5099
Vallesa de la Guareña;Zamora;49230;41.13475;-5.32659
Vega de Tera;Zamora;49231;41.99718;-6.12553
Vega de Villalobos;Zamora;49232;41.97005;-5.46402
Vegalatrave;Zamora;49233;41.70018;-6.10798
Venialbo;Zamora;49234;41.38958;-5.53679
Vezdemarbán;Zamora;49235;41.65429;-5.36648
Vidayanes;Zamora;49236;41.9098;-5.5744
Videmala;Zamora;49237;41.61342;-6.04013
Villabrázaro;Zamora;49238;42.05348;-5.72801
Villabuena del Puente;Zamora;49239;41.38004;-5.40901
Villadepera;Zamora;49240;41.54699;-6.13216
Villaescusa;Zamora;49241;41.20599;-5.46533
Villafáfila;Zamora;49242;41.84577;-5.6159
Villaferrueña;Zamora;49243;42.09893;-5.85945
Villageriz;Zamora;49244;42.11834;-5.95484
Villalazán;Zamora;49245;41.49432;-5.5893
Villalba de la Lampreana;Zamora;49246;41.74306;-5.63922
Villalcampo;Zamora;49247;41.52095;-6.04807
Villalobos;Zamora;49248;41.94659;-5.47647
Villalonso;Zamora;49249;41.59715;-5.29784
Villalpando;Zamora;49250;41.86545;-5.41359
Villalube;Zamora;49251;41.61037;-5.54532
Villamayor de Campos;Zamora;49252;41.89761;-5.36124
Villamor de los Escuderos;Zamora;49255;41.25206;-5.57551
Villanázar;Zamora;49256;41.97431;-5.78068
Villanueva de Azoague;Zamora;49257;41.97638;-5.66486
Villanueva de Campeán;Zamora;49258;41.35376;-5.77014
Villanueva de las Peras;Zamora;49259;41.93635;-5.97929
Villanueva del Campo;Zamora;49260;41.98454;-5.40574
Villaralbo;Zamora;49261;41.48969;-5.68393
Villardeciervos;Zamora;49262;41.94216;-6.28673
Villar de Fallaves;Zamora;49263;41.92521;-5.33966
Villar del Buey;Zamora;49264;41.3295;-6.18916
Villardiegua de la Ribera;Zamora;49265;41.53617;-6.18319
Villárdiga;Zamora;49266;41.81903;-5.46533
Villardondiego;Zamora;49267;41.58474;-5.3776
Villarrín de Campos;Zamora;49268;41.79514;-5.63922
Villaseco del Pan;Zamora;49269;41.46858;-5.96541
Villavendimio;Zamora;49270;41.57886;-5.34359
Villaveza del Agua;Zamora;49271;41.91888;-5.67801
Villaveza de Valverde;Zamora;49272;41.9449;-5.84923
Viñas;Zamora;49273;41.77298;-6.47099
Zamora;Zamora;49275;41.50347;-5.74679
Abanto;Zaragoza;50001;41.13691;-1.69869
Acered;Zaragoza;50002;41.17023;-1.60428
Agón;Zaragoza;50003;41.85692;-1.45209
Aguarón;Zaragoza;50004;41.33798;-1.26809
Aguilón;Zaragoza;50005;41.29503;-1.04673
Ainzón;Zaragoza;50006;41.81704;-1.52021
Aladrén;Zaragoza;50007;41.24913;-1.15597
Alagón;Zaragoza;50008;41.77036;-1.12195
Alarba;Zaragoza;50009;41.20458;-1.61362
Alberite de San Juan;Zaragoza;50010;41.81969;-1.47026
Albeta;Zaragoza;50011;41.8273;-1.49962
Alborge;Zaragoza;50012;41.3348;-0.3576
Alcalá de Ebro;Zaragoza;50013;41.81363;-1.19659
Alcalá de Moncayo;Zaragoza;50014;41.7863;-1.69608
Alconchel de Ariza;Zaragoza;50015;41.20474;-2.11891
Aldehuela de Liestos;Zaragoza;50016;41.06451;-1.70105
Alfajarín;Zaragoza;50017;41.61547;-0.70045
Alfamén;Zaragoza;50018;41.43915;-1.2467
Alforque;Zaragoza;50019;41.33142;-0.38567
Alhama de Aragón;Zaragoza;50020;41.29637;-1.89402
Almochuel;Zaragoza;50021;41.28008;-0.55021
Almolda, La;Zaragoza;50022;41.55231;-0.21157
Almonacid de la Cuba;Zaragoza;50023;41.27913;-0.79204
Almonacid de la Sierra;Zaragoza;50024;41.39656;-1.32269
Almunia de Doña Godina, La;Zaragoza;50025;41.66175;-0.89857
Alpartir;Zaragoza;50026;41.42068;-1.38238
Ambel;Zaragoza;50027;41.79573;-1.61719
Anento;Zaragoza;50028;41.07045;-1.33393
Aniñón;Zaragoza;50029;41.44526;-1.70492
Añón de Moncayo;Zaragoza;50030;41.77882;-1.72121
Aranda de Moncayo;Zaragoza;50031;41.57757;-1.7917
Arándiga;Zaragoza;50032;41.51111;-1.50247
Ardisa;Zaragoza;50033;42.20103;-0.75749
Ariza;Zaragoza;50034;41.31088;-2.05355
Artieda;Zaragoza;50035;42.58543;-0.98406
Asín;Zaragoza;50036;42.28297;-1.04672
Atea;Zaragoza;50037;41.15928;-1.55408
Ateca;Zaragoza;50038;41.33101;-1.79354
Azuara;Zaragoza;50039;41.25877;-0.86847
Badules;Zaragoza;50040;41.13863;-1.25413
Bagüés;Zaragoza;50041;42.54947;-0.94556
Balconchán;Zaragoza;50042;41.08688;-1.46072
Bárboles;Zaragoza;50043;41.71191;-1.1884
Bardallur;Zaragoza;50044;41.68325;-1.21231
Belchite;Zaragoza;50045;41.3061;-0.75434
Belmonte de Gracián;Zaragoza;50046;41.31591;-1.5459
Berdejo;Zaragoza;50047;41.56099;-1.94446
Berrueco;Zaragoza;50048;40.99079;-1.46691
Bijuesca;Zaragoza;50050;41.54044;-1.92095
Biota;Zaragoza;50051;42.26216;-1.18699
Bisimbre;Zaragoza;50052;41.85635;-1.4431
Boquiñeni;Zaragoza;50053;41.84874;-1.24973
Bordalba;Zaragoza;50054;41.41724;-2.07819
Borja;Zaragoza;50055;41.83517;-1.53188
Botorrita;Zaragoza;50056;41.50915;-1.03054
Brea de Aragón;Zaragoza;50057;41.52528;-1.59855
Bubierca;Zaragoza;50058;41.31425;-1.85599
Bujaraloz;Zaragoza;50059;41.49786;-0.14928
Bulbuente;Zaragoza;50060;41.81774;-1.60256
Bureta;Zaragoza;50061;41.81722;-1.48825
Burgo de Ebro, El;Zaragoza;50062;41.66953;-0.87313
Buste, El;Zaragoza;50063;41.88588;-1.60173
Cabañas de Ebro;Zaragoza;50064;41.79571;-1.16383
Cabolafuente;Zaragoza;50065;41.21166;-2.03876
Cadrete;Zaragoza;50066;41.55568;-0.9601
Calatayud;Zaragoza;50067;41.35432;-1.64701
Calatorao;Zaragoza;50068;41.52506;-1.34461
Calcena;Zaragoza;50069;41.6562;-1.71782
Calmarza;Zaragoza;50070;41.15789;-1.91223
Campillo de Aragón;Zaragoza;50071;41.12734;-1.84453
Carenas;Zaragoza;50072;41.27814;-1.79771
Cariñena;Zaragoza;50073;41.33694;-1.22412
Caspe;Zaragoza;50074;41.234;-0.04408
Castejón de Alarba;Zaragoza;50075;41.18377;-1.63661
Castejón de las Armas;Zaragoza;50076;41.31018;-1.81202
Castejón de Valdejasa;Zaragoza;50077;41.98233;-0.99504
Castiliscar;Zaragoza;50078;42.37669;-1.27402
Cervera de la Cañada;Zaragoza;50079;41.43308;-1.73693
Cerveruela;Zaragoza;50080;41.21653;-1.21551
Cetina;Zaragoza;50081;41.28929;-1.96675
Cimballa;Zaragoza;50082;41.10086;-1.77476
Cinco Olivas;Zaragoza;50083;41.33767;-0.37125
Clarés de Ribota;Zaragoza;50084;41.52947;-1.83879
Codo;Zaragoza;50085;41.33324;-0.69993
Codos;Zaragoza;50086;41.29329;-1.37447
Contamina;Zaragoza;50087;41.30536;-1.9175
Cosuenda;Zaragoza;50088;41.36493;-1.2974
Cuarte de Huerva;Zaragoza;50089;41.59271;-0.93108
Cubel;Zaragoza;50090;41.09658;-1.63793
Cuerlas, Las;Zaragoza;50091;40.95965;-1.55113
Chiprana;Zaragoza;50092;41.26306;-0.1254
Chodes;Zaragoza;50093;41.48694;-1.48064
Daroca;Zaragoza;50094;41.11533;-1.41393
Ejea de los Caballeros;Zaragoza;50095;42.12921;-1.13743
Embid de Ariza;Zaragoza;50096;41.38058;-1.97106
Encinacorba;Zaragoza;50098;41.28462;-1.2764
Épila;Zaragoza;50099;41.60128;-1.2846
Erla;Zaragoza;50100;42.11683;-0.94887
Escatrón;Zaragoza;50101;41.29251;-0.32477
Fabara;Zaragoza;50102;41.17867;0.16701
Farlete;Zaragoza;50104;41.68092;-0.50627
Fayón;Zaragoza;50105;41.24017;0.33397
Fayos, Los;Zaragoza;50106;41.65679;-0.91492
Figueruelas;Zaragoza;50107;41.76659;-1.1754
Fombuena;Zaragoza;50108;41.14391;-1.19202
Frago, El;Zaragoza;50109;42.27253;-0.93131
Frasno, El;Zaragoza;50110;41.41467;-1.49606
Fréscano;Zaragoza;50111;41.87501;-1.45023
Fuendejalón;Zaragoza;50113;41.76073;-1.47218
Fuendetodos;Zaragoza;50114;41.34285;-0.95985
Fuentes de Ebro;Zaragoza;50115;41.51084;-0.63754
Fuentes de Jiloca;Zaragoza;50116;41.22859;-1.53675
Gallocanta;Zaragoza;50117;40.99695;-1.50796
Gallur;Zaragoza;50118;41.86982;-1.31786
Gelsa;Zaragoza;50119;41.40663;-0.46182
Godojos;Zaragoza;50120;41.26862;-1.86342
Gotor;Zaragoza;50121;41.54535;-1.65007
Grisel;Zaragoza;50122;41.87176;-1.72873
Grisén;Zaragoza;50123;41.74393;-1.16298
Herrera de los Navarros;Zaragoza;50124;41.21056;-1.08238
Ibdes;Zaragoza;50125;41.21877;-1.83424
Illueca;Zaragoza;50126;41.53632;-1.62344
Isuerre;Zaragoza;50128;42.48816;-1.05516
Jaraba;Zaragoza;50129;41.19013;-1.88306
Jarque de Moncayo;Zaragoza;50130;41.55592;-1.67848
Jaulín;Zaragoza;50131;41.45332;-0.99489
Joyosa, La;Zaragoza;50132;41.74508;-1.07358
Lagata;Zaragoza;50133;41.23999;-0.80478
Langa del Castillo;Zaragoza;50134;41.21275;-1.39823
Layana;Zaragoza;50135;42.2968;-1.24429
Lécera;Zaragoza;50136;41.20604;-0.70991
Leciñena;Zaragoza;50137;41.79892;-0.61057
Lechón;Zaragoza;50138;41.08613;-1.28412
Letux;Zaragoza;50139;41.25518;-0.8042
Litago;Zaragoza;50140;41.81446;-1.75114
Lituénigo;Zaragoza;50141;41.83528;-1.76134
Lobera de Onsella;Zaragoza;50142;42.4778;-1.02271
Longares;Zaragoza;50143;41.40359;-1.16864
Longás;Zaragoza;50144;42.48083;-0.93584
Lucena de Jalón;Zaragoza;50146;41.55241;-1.31059
Luceni;Zaragoza;50147;41.82837;-1.23894
Luesia;Zaragoza;50148;42.36987;-1.02166
Luesma;Zaragoza;50149;41.16655;-1.14644
Lumpiaque;Zaragoza;50150;41.63025;-1.30008
Luna;Zaragoza;50151;42.1665;-0.93185
Maella;Zaragoza;50152;41.12497;0.13988
Magallón;Zaragoza;50153;41.83311;-1.46119
Mainar;Zaragoza;50154;41.1922;-1.30225
Malanquilla;Zaragoza;50155;41.57016;-1.87526
Maleján;Zaragoza;50156;41.82794;-1.54849
Malón;Zaragoza;50157;41.95339;-1.671
Maluenda;Zaragoza;50159;41.28719;-1.6143
Mallén;Zaragoza;50160;41.90051;-1.4185
Manchones;Zaragoza;50161;41.14998;-1.46503
Mara;Zaragoza;50162;41.28913;-1.51768
María de Huerva;Zaragoza;50163;41.53905;-0.99359
Mediana de Aragón;Zaragoza;50164;41.46745;-0.70537
Mequinenza;Zaragoza;50165;41.37765;0.30286
Mesones de Isuela;Zaragoza;50166;41.55116;-1.53719
Mezalocha;Zaragoza;50167;41.42497;-1.08493
Mianos;Zaragoza;50168;42.58437;-0.95537
Miedes de Aragón;Zaragoza;50169;41.25811;-1.49122
Monegrillo;Zaragoza;50170;41.64108;-0.41596
Moneva;Zaragoza;50171;41.12882;-0.83456
Monreal de Ariza;Zaragoza;50172;41.29025;-2.11044
Monterde;Zaragoza;50173;41.17434;-1.73474
Montón;Zaragoza;50174;41.2068;-1.51366
Morata de Jalón;Zaragoza;50175;41.47309;-1.47344
Morata de Jiloca;Zaragoza;50176;41.24791;-1.58718
Morés;Zaragoza;50177;41.47375;-1.56401
Moros;Zaragoza;50178;41.39719;-1.83038
Moyuela;Zaragoza;50179;41.1285;-0.92219
Mozota;Zaragoza;50180;41.4831;-1.06963
Muel;Zaragoza;50181;41.46351;-1.08644
Muela, La;Zaragoza;50182;41.58205;-1.11732
Munébrega;Zaragoza;50183;41.2516;-1.7053
Murero;Zaragoza;50184;41.15878;-1.48177
Murillo de Gállego;Zaragoza;50185;42.33651;-0.75409
Navardún;Zaragoza;50186;42.5127;-1.14692
Nigüella;Zaragoza;50187;41.53775;-1.52493
Nombrevilla;Zaragoza;50188;41.10695;-1.35976
Nonaspe;Zaragoza;50189;41.20777;0.24642
Novallas;Zaragoza;50190;41.94646;-1.69399
Novillas;Zaragoza;50191;41.93424;-1.39292
Nuévalos;Zaragoza;50192;41.21204;-1.78982
Nuez de Ebro;Zaragoza;50193;41.5934;-0.68139
Olvés;Zaragoza;50194;41.23921;-1.64591
Orcajo;Zaragoza;50195;41.10928;-1.48944
Orera;Zaragoza;50196;41.29877;-1.48052
Orés;Zaragoza;50197;42.27863;-1.00138
Oseja;Zaragoza;50198;41.59619;-1.70039
Osera de Ebro;Zaragoza;50199;41.53494;-0.57973
Paniza;Zaragoza;50200;41.28468;-1.21236
Paracuellos de Jiloca;Zaragoza;50201;41.31345;-1.63932
Paracuellos de la Ribera;Zaragoza;50202;41.42469;-1.563
Pastriz;Zaragoza;50203;41.61824;-0.78179
Pedrola;Zaragoza;50204;41.79163;-1.21401
Pedrosas, Las;Zaragoza;50205;42.03742;-0.87615
Perdiguera;Zaragoza;50206;41.75367;-0.63169
Piedratajada;Zaragoza;50207;42.1195;-0.80555
Pina de Ebro;Zaragoza;50208;41.48727;-0.53197
Pinseque;Zaragoza;50209;41.73702;-1.10312
Pintanos, Los;Zaragoza;50210;42.52915;-1.02073
Plasencia de Jalón;Zaragoza;50211;41.68133;-1.22951
Pleitas;Zaragoza;50212;41.71199;-1.20179
Plenas;Zaragoza;50213;41.11114;-0.96456
Pomer;Zaragoza;50214;41.63815;-1.84231
Pozuel de Ariza;Zaragoza;50215;41.35161;-2.15388
Pozuelo de Aragón;Zaragoza;50216;41.76481;-1.42384
Pradilla de Ebro;Zaragoza;50217;41.85991;-1.26424
Puebla de Albortón;Zaragoza;50218;41.38388;-0.85397
Puebla de Alfindén, La;Zaragoza;50219;41.63485;-0.7483
Puendeluna;Zaragoza;50220;42.15305;-0.75711
Purujosa;Zaragoza;50221;41.68227;-1.76452
Quinto;Zaragoza;50222;41.42392;-0.49827
Remolinos;Zaragoza;50223;41.83844;-1.17652
Retascón;Zaragoza;50224;41.14454;-1.381
Ricla;Zaragoza;50225;41.50775;-1.40253
Romanos;Zaragoza;50227;41.12636;-1.2754
Rueda de Jalón;Zaragoza;50228;41.6342;-1.27299
Ruesca;Zaragoza;50229;41.28246;-1.48242
Sádaba;Zaragoza;50230;42.28138;-1.27232
Salillas de Jalón;Zaragoza;50231;41.56659;-1.32448
Salvatierra de Esca;Zaragoza;50232;42.66882;-1.00489
Samper del Salz;Zaragoza;50233;41.2346;-0.82312
San Martín de la Virgen de Moncayo;Zaragoza;50234;41.83749;-1.79208
San Mateo de Gállego;Zaragoza;50235;41.8306;-0.76907
Santa Cruz de Grío;Zaragoza;50236;41.37088;-1.42994
Santa Cruz de Moncayo;Zaragoza;50237;41.88181;-1.75769
Santa Eulalia de Gállego;Zaragoza;50238;42.28679;-0.7604
Santed;Zaragoza;50239;41.03228;-1.50779
Sástago;Zaragoza;50240;41.3213;-0.35098
Sabiñán;Zaragoza;50241;41.44313;-1.5674
Sediles;Zaragoza;50242;41.34634;-1.52948
Sestrica;Zaragoza;50243;41.4867;-1.59602
Sierra de Luna;Zaragoza;50244;42.04774;-0.9102
Sigüés;Zaragoza;50245;42.63047;-1.01274
Sisamón;Zaragoza;50246;41.17046;-2.00615
Sobradiel;Zaragoza;50247;41.74047;-1.0355
Sos del Rey Católico;Zaragoza;50248;42.49719;-1.21521
Tabuenca;Zaragoza;50249;41.69511;-1.54346
Talamantes;Zaragoza;50250;41.73011;-1.67829
Tarazona;Zaragoza;50251;41.90277;-1.7254
Tauste;Zaragoza;50252;41.92117;-1.2554
Terrer;Zaragoza;50253;41.32751;-1.71366
Tierga;Zaragoza;50254;41.60732;-1.60644
Tobed;Zaragoza;50255;41.33813;-1.40092
Torralba de los Frailes;Zaragoza;50256;41.03682;-1.66178
Torralba de Ribota;Zaragoza;50257;41.41766;-1.68421
Torralbilla;Zaragoza;50258;41.21043;-1.33868
Torrehermosa;Zaragoza;50259;41.23868;-2.12916
Torrelapaja;Zaragoza;50260;41.58165;-1.95124
Torrellas;Zaragoza;50261;41.89571;-1.76981
Torres de Berrellén;Zaragoza;50262;41.75779;-1.06628
Torrijo de la Cañada;Zaragoza;50263;41.4741;-1.87717
Tosos;Zaragoza;50264;41.31561;-1.07193
Trasmoz;Zaragoza;50265;41.82611;-1.72286
Trasobares;Zaragoza;50266;41.64327;-1.6414
Uncastillo;Zaragoza;50267;42.3615;-1.13039
Undués de Lerda;Zaragoza;50268;42.56583;-1.16971
Urrea de Jalón;Zaragoza;50269;41.6676;-1.23412
Urriés;Zaragoza;50270;42.51891;-1.12912
Used;Zaragoza;50271;41.05451;-1.55838
Utebo;Zaragoza;50272;41.71503;-0.99474
Valdehorna;Zaragoza;50273;41.07252;-1.4231
Val de San Martín;Zaragoza;50274;41.05718;-1.4463
Valmadrid;Zaragoza;50275;41.44337;-0.88468
Valpalmas;Zaragoza;50276;42.15822;-0.85476
Valtorres;Zaragoza;50277;41.2988;-1.74068
Velilla de Ebro;Zaragoza;50278;41.375;-0.43784
Velilla de Jiloca;Zaragoza;50279;41.27439;-1.60434
Vera de Moncayo;Zaragoza;50280;41.82396;-1.68801
Vierlas;Zaragoza;50281;41.92807;-1.68111
Vilueña, La;Zaragoza;50282;41.27235;-1.72651
Villadoz;Zaragoza;50283;41.16254;-1.28734
Villafeliche;Zaragoza;50284;41.19633;-1.51061
Villafranca de Ebro;Zaragoza;50285;41.57368;-0.65032
Villalba de Perejil;Zaragoza;50286;41.3273;-1.54867
Villalengua;Zaragoza;50287;41.43472;-1.83954
Villanueva de Gállego;Zaragoza;50288;41.76796;-0.82755
Villanueva de Jiloca;Zaragoza;50289;41.07542;-1.39237
Villanueva de Huerva;Zaragoza;50290;41.35206;-1.03698
Villar de los Navarros;Zaragoza;50291;41.15837;-1.04279
Villarreal de Huerva;Zaragoza;50292;41.19093;-1.28728
Villarroya de la Sierra;Zaragoza;50293;41.46388;-1.7858
Villarroya del Campo;Zaragoza;50294;41.14323;-1.32436
Vistabella;Zaragoza;50295;41.21913;-1.15345
Zaida, La;Zaragoza;50296;41.32585;-0.42725
Zaragoza;Zaragoza;50297;41.65629;-0.87654
Zuera;Zaragoza;50298;41.86918;-0.78816
Biel;Zaragoza;50901;42.38749;-0.93659
Marracos;Zaragoza;50902;42.09059;-0.77605
Villamayor de Gállego;Zaragoza;50903;41.68518;-0.77332
Ceuta;Ceuta;51001;35.88939;-5.32135
Melilla;Melilla;52001;35.29363;-2.93849
