nombre;provincia;codigoine;latitud;longitud
Alegría-Dulantzi;Álava;01001;;
Amurrio;Álava;01002;43.05;-3
Aramaio;Álava;01003;;
Artziniega;Álava;01004;;
Armiñón;Álava;01006;42.72313;-2.87172
Arratzua-Ubarrundia;Álava;01008;;
Asparrena;Álava;01009;;
Ayala/Aiara;Álava;01010;;
Baños de Ebro/Mañueta;Álava;01011;;
Barrundia;Álava;01013;;
Berantevilla;Álava;01014;42.68254;-2.85832
Bernedo;Álava;01016;;
Campezo/Kanpezu;Álava;01017;;
Zigoitia;Álava;01018;;
Kripan;Álava;01019;;
Kuartango;Álava;01020;;
Elburgo/Burgelu;Álava;01021;;
Elciego;Álava;01022;42.51569;-2.61897
Elvillar/Bilar;Álava;01023;;
Iruraiz-Gauna;Álava;01027;;
Labastida/Bastida;Álava;01028;;
Lagrán;Álava;01030;42.62625;-2.58385
Laguardia;Álava;01031;42.55461;-2.58528
Lanciego/Lantziego;Álava;01032;;
Lapuebla de Labarca;Álava;01033;42.49455;-2.57341
Leza;Álava;01034;42.56552;-2.63324
Laudio/Llodio;Álava;01036;;
Arraia-Maeztu;Álava;01037;;
Moreda de Álava/Moreda Araba;Álava;01039;;
Navaridas;Álava;01041;42.54566;-2.6265
Okondo;Álava;01042;;
Oyón-Oion;Álava;01043;;
Peñacerrada-Urizaharra;Álava;01044;;
Erriberagoitia/Ribera Alta;Álava;01046;;
Ribera Baja/Erriberabeitia;Álava;01047;;
Añana;Álava;01049;;
Agurain/Salvatierra;Álava;01051;;
Samaniego;Álava;01052;42.56854;-2.67974
San Millán/Donemiliaga;Álava;01053;;
Urkabustaiz;Álava;01054;;
Valdegovía/Gaubea;Álava;01055;;
Harana/Valle de Arana;Álava;01056;;
Villabuena de Álava/Eskuernaga;Álava;01057;;
Legutio;Álava;01058;;
Vitoria-Gasteiz;Álava;01059;;
Yécora/Iekora;Álava;01060;;
Zalduondo;Álava;01061;;
Zambrana;Álava;01062;42.66102;-2.87909
Zuia;Álava;01063;;
Iruña Oka/Iruña de Oca;Álava;01901;;
Lantarón;Álava;01902;;
Abengibre;Albacete;02001;39.21667;-1.53333
Alatoz;Albacete;02002;39.09495;-1.36098
Albacete;Albacete;02003;38.99424;-1.85643
Albatana;Albacete;02004;38.57057;-1.5221
Alborea;Albacete;02005;39.28333;-1.38333
Alcadozo;Albacete;02006;38.64916;-1.97998
Alcalá del Júcar;Albacete;02007;39.19313;-1.43017
Alcaraz;Albacete;02008;38.6668;-2.49105
Almansa;Albacete;02009;38.86917;-1.09713
Alpera;Albacete;02010;38.96667;-1.21667
Ayna;Albacete;02011;38.55;-2.08333
Balazote;Albacete;02012;38.88444;-2.1518
Balsa de Ves;Albacete;02013;39.26667;-1.2
Ballestero, El;Albacete;02014;;
Barrax;Albacete;02015;39.04607;-2.20152
Bienservida;Albacete;02016;38.51716;-2.61087
Bogarra;Albacete;02017;38.58139;-2.2129
Bonete;Albacete;02018;38.87136;-1.34851
Bonillo, El;Albacete;02019;38.95048;-2.54048
Carcelén;Albacete;02020;39.10202;-1.30879
Casas de Juan Núñez;Albacete;02021;39.1019;-1.55821
Casas de Lázaro;Albacete;02022;38.77056;-2.24044
Casas de Ves;Albacete;02023;39.25;-1.33333
Casas-Ibáñez;Albacete;02024;39.28333;-1.46667
Caudete;Albacete;02025;38.70679;-0.98723
Cenizate;Albacete;02026;39.3;-1.65
Corral-Rubio;Albacete;02027;38.83462;-1.46034
Cotillas;Albacete;02028;38.43115;-2.5055
Chinchilla de Monte-Aragón;Albacete;02029;38.92088;-1.72018
Elche de la Sierra;Albacete;02030;38.45123;-2.0476
Férez;Albacete;02031;38.35;-2
Fuensanta;Albacete;02032;39.23333;-2.06667
Fuente-Álamo;Albacete;02033;38.69288;-1.43158
Fuentealbilla;Albacete;02034;39.26667;-1.55
Gineta, La;Albacete;02035;39.11452;-1.99603
Golosalvo;Albacete;02036;39.23333;-1.63333
Hellín;Albacete;02037;38.5106;-1.70096
Herrera, La;Albacete;02038;;
Higueruela;Albacete;02039;38.96371;-1.4437
Hoya-Gonzalo;Albacete;02040;38.9579;-1.55679
Jorquera;Albacete;02041;39.16667;-1.51667
Letur;Albacete;02042;38.36626;-2.10206
Lezuza;Albacete;02043;38.9497;-2.35419
Liétor;Albacete;02044;38.54267;-1.95367
Madrigueras;Albacete;02045;39.23333;-1.8
Mahora;Albacete;02046;39.21667;-1.73333
Masegoso;Albacete;02047;38.71833;-2.3161
Minaya;Albacete;02048;39.27052;-2.32176
Molinicos;Albacete;02049;38.46717;-2.23939
Montalvos;Albacete;02050;39.16667;-2.01667
Montealegre del Castillo;Albacete;02051;38.78856;-1.32722
Motilleja;Albacete;02052;39.18333;-1.78333
Munera;Albacete;02053;39.04217;-2.48068
Navas de Jorquera;Albacete;02054;39.28333;-1.71667
Nerpio;Albacete;02055;38.14751;-2.30202
Ontur;Albacete;02056;38.61509;-1.49724
Ossa de Montiel;Albacete;02057;38.96398;-2.74553
Paterna del Madera;Albacete;02058;38.59751;-2.34421
Peñascosa;Albacete;02059;;
Peñas de San Pedro;Albacete;02060;38.7288;-2.005
Pétrola;Albacete;02061;38.82628;-1.55662
Povedilla;Albacete;02062;38.70022;-2.60212
Pozohondo;Albacete;02063;38.72095;-1.91192
Pozo-Lorente;Albacete;02064;;
Pozuelo;Albacete;02065;38.80989;-2.10101
Recueja, La;Albacete;02066;;
Riópar;Albacete;02067;38.5;-2.45
Robledo;Albacete;02068;38.75807;-2.45042
Roda, La;Albacete;02069;39.21667;-2.15
Salobre;Albacete;02070;38.59297;-2.55038
San Pedro;Albacete;02071;38.82493;-2.18276
Socovos;Albacete;02072;38.33232;-1.98485
Tarazona de la Mancha;Albacete;02073;39.25;-1.91667
Tobarra;Albacete;02074;38.59213;-1.69191
Valdeganga;Albacete;02075;39.13514;-1.67703
Vianos;Albacete;02076;;
Villa de Ves;Albacete;02077;39.2;-1.23333
Villalgordo del Júcar;Albacete;02078;;
Villamalea;Albacete;02079;39.36667;-1.58333
Villapalacios;Albacete;02080;38.575;-2.63384
Villarrobledo;Albacete;02081;39.26992;-2.60119
Villatoya;Albacete;02082;39.33333;-1.3
Villavaliente;Albacete;02083;39.12646;-1.45712
Villaverde de Guadalimar;Albacete;02084;38.45525;-2.51782
Viveros;Albacete;02085;38.7726;-2.57449
Yeste;Albacete;02086;38.36852;-2.31756
Pozo Cañada;Albacete;02901;38.80333;-1.73532
Atzúbia, l';Alicante;03001;;
Agost;Alicante;03002;38.44003;-0.63836
Agres;Alicante;03003;38.78333;-0.51667
Aigües;Alicante;03004;;
Albatera;Alicante;03005;38.17902;-0.87059
Alcalalí;Alicante;03006;38.75038;-0.04013
Alcosser;Alicante;03007;;
Alcoleja;Alicante;03008;;
Alcoi/Alcoy;Alicante;03009;;
Alfafara;Alicante;03010;38.77339;-0.55551
Alfàs del Pi, l';Alicante;03011;38.58055;-0.10321
Algorfa;Alicante;03012;38.08636;-0.79646
Algueña;Alicante;03013;38.33905;-1.00433
Alacant/Alicante;Alicante;03014;;
Almoradí;Alicante;03015;38.10879;-0.79197
Almudaina;Alicante;03016;38.75999;-0.35149
Alqueria d'Asnar, l';Alicante;03017;;
Altea;Alicante;03018;38.59885;-0.05139
Aspe;Alicante;03019;38.34511;-0.76721
Balones;Alicante;03020;38.73726;-0.34324
Banyeres de Mariola;Alicante;03021;;
Benasau;Alicante;03022;38.69047;-0.34278
Beneixama;Alicante;03023;38.7;-0.76667
Benejúzar;Alicante;03024;38.07728;-0.83942
Benferri;Alicante;03025;38.14129;-0.96212
Beniarbeig;Alicante;03026;38.82232;-0.0021
Beniardà;Alicante;03027;38.68433;-0.21629
Beniarrés;Alicante;03028;38.82019;-0.37741
Benigembla;Alicante;03029;;
Benidoleig;Alicante;03030;38.79278;-0.02992
Benidorm;Alicante;03031;38.53816;-0.13098
Benifallim;Alicante;03032;38.66259;-0.39994
Benifato;Alicante;03033;;
Benijófar;Alicante;03034;38.07785;-0.7368
Benilloba;Alicante;03035;38.70012;-0.38998
Benillup;Alicante;03036;38.75397;-0.37991
Benimantell;Alicante;03037;38.67709;-0.21057
Benimarfull;Alicante;03038;38.7759;-0.39079
Benimassot;Alicante;03039;38.75;-0.28333
Benimeli;Alicante;03040;38.82362;-0.04221
Benissa;Alicante;03041;38.71492;0.04849
Poble Nou de Benitatxell, el/Benitachell;Alicante;03042;;
Biar;Alicante;03043;38.63117;-0.76458
Bigastro;Alicante;03044;38.06237;-0.89841
Bolulla;Alicante;03045;38.67529;-0.11184
Busot;Alicante;03046;38.48206;-0.41918
Calp;Alicante;03047;38.6447;0.0445
Callosa d'en Sarrià;Alicante;03048;38.65;-0.11667
Callosa de Segura;Alicante;03049;38.12497;-0.87822
Campello, el;Alicante;03050;38.42885;-0.39774
Camp de Mirra, el/Campo de Mirra;Alicante;03051;;
Cañada;Alicante;03052;38.6739;-0.8133
Castalla;Alicante;03053;38.59694;-0.67207
Castell de Castells;Alicante;03054;38.72555;-0.19242
Catral;Alicante;03055;38.16061;-0.80209
Cocentaina;Alicante;03056;38.73975;-0.43976
Confrides;Alicante;03057;38.68451;-0.2689
Cox;Alicante;03058;38.14164;-0.88736
Crevillent;Alicante;03059;;
Quatretondeta;Alicante;03060;;
Daya Nueva;Alicante;03061;38.11313;-0.76028
Daya Vieja;Alicante;03062;38.1048;-0.73804
Dénia;Alicante;03063;38.84078;0.10574
Dolores;Alicante;03064;38.14002;-0.77088
Elx/Elche;Alicante;03065;;
Elda;Alicante;03066;38.47783;-0.79157
Fageca;Alicante;03067;;
Famorca;Alicante;03068;38.73101;-0.24726
Finestrat;Alicante;03069;38.56737;-0.21235
Formentera del Segura;Alicante;03070;;
Gata de Gorgos;Alicante;03071;38.77443;0.08538
Gaianes;Alicante;03072;;
Gorga;Alicante;03073;38.71896;-0.35589
Granja de Rocamora;Alicante;03074;38.15157;-0.8917
Castell de Guadalest, el;Alicante;03075;;
Guardamar del Segura;Alicante;03076;38.09031;-0.65556
Fondó de les Neus, el/Hondón de las Nieves;Alicante;03077;;
Hondón de los Frailes;Alicante;03078;38.2739;-0.92938
Ibi;Alicante;03079;38.62533;-0.57225
Jacarilla;Alicante;03080;38.06247;-0.86822
Xaló;Alicante;03081;;
Xàbia/Jávea;Alicante;03082;;
Xixona/Jijona;Alicante;03083;;
Orxa, l'/Lorcha;Alicante;03084;;
Llíber;Alicante;03085;;
Millena;Alicante;03086;38.73082;-0.36274
Monforte del Cid;Alicante;03088;38.38027;-0.7285
Monòver/Monóvar;Alicante;03089;;
Mutxamel;Alicante;03090;;
Murla;Alicante;03091;38.76037;-0.08208
Muro de Alcoy;Alicante;03092;;
Novelda;Alicante;03093;38.38479;-0.76773
Nucia, la;Alicante;03094;38.61372;-0.1269
Ondara;Alicante;03095;38.82817;0.0172
Onil;Alicante;03096;38.62606;-0.67313
Orba;Alicante;03097;38.78041;-0.06278
Orxeta;Alicante;03098;;
Orihuela;Alicante;03099;38.08483;-0.94401
Parcent;Alicante;03100;38.74502;-0.06446
Pedreguer;Alicante;03101;38.79312;0.03411
Pego;Alicante;03102;38.84305;-0.11707
Penàguila;Alicante;03103;;
Petrer;Alicante;03104;;
Pinós, el/Pinoso;Alicante;03105;;
Planes;Alicante;03106;38.78524;-0.34271
Polop;Alicante;03107;38.62258;-0.1309
Rafal;Alicante;03109;38.10458;-0.84904
Ràfol d'Almúnia, el;Alicante;03110;;
Redován;Alicante;03111;38.11619;-0.90981
Relleu;Alicante;03112;38.58725;-0.31157
Rojales;Alicante;03113;38.08799;-0.72544
Romana, la;Alicante;03114;38.36753;-0.89862
Sagra;Alicante;03115;38.81102;-0.06559
Salinas;Alicante;03116;38.52025;-0.91202
Sanet y Negrals;Alicante;03117;38.81967;-0.03406
San Fulgencio;Alicante;03118;;
Sant Joan d'Alacant;Alicante;03119;;
San Miguel de Salinas;Alicante;03120;37.97972;-0.78904
Santa Pola;Alicante;03121;38.19165;-0.5658
Sant Vicent del Raspeig/San Vicente del Raspeig;Alicante;03122;;
Sax;Alicante;03123;38.53729;-0.81779
Sella;Alicante;03124;38.60926;-0.27305
Senija;Alicante;03125;38.72804;0.04176
Tàrbena;Alicante;03127;;
Teulada;Alicante;03128;38.7294;0.10383
Tibi;Alicante;03129;38.53072;-0.57776
Tollos;Alicante;03130;38.75629;-0.27466
Tormos;Alicante;03131;38.80143;-0.0716
Torre de les Maçanes, la/Torremanzanas;Alicante;03132;;
Torrevieja;Alicante;03133;37.97872;-0.68222
Vall d'Alcalà, la;Alicante;03134;;
Vall d'Ebo, la;Alicante;03135;;
Vall de Gallinera, la;Alicante;03136;38.82313;-0.2417
Vall de Laguar, la;Alicante;03137;;
Verger, el;Alicante;03138;;
Vila Joiosa, la/Villajoyosa;Alicante;03139;;
Villena;Alicante;03140;38.6373;-0.86568
Poblets, els;Alicante;03901;38.85381;0.02103
Pilar de la Horadada;Alicante;03902;37.86591;-0.79256
Montesinos, Los;Alicante;03903;38.02822;-0.74501
San Isidro;Alicante;03904;38.17249;-0.83874
Abla;Almería;04001;37.14245;-2.77808
Abrucena;Almería;04002;37.13226;-2.79711
Adra;Almería;04003;36.74961;-3.02055
Albanchez;Almería;04004;37.28361;-2.18229
Alboloduy;Almería;04005;;
Albox;Almería;04006;37.38856;-2.14949
Alcolea;Almería;04007;36.97458;-2.9615
Alcóntar;Almería;04008;37.33647;-2.59725
Alcudia de Monteagud;Almería;04009;37.23529;-2.2665
Alhabia;Almería;04010;36.99003;-2.58655
Alhama de Almería;Almería;04011;36.95692;-2.56861
Alicún;Almería;04012;36.9658;-2.60212
Almería;Almería;04013;36.83814;-2.45974
Almócita;Almería;04014;37.00262;-2.79051
Alsodux;Almería;04015;37.00247;-2.59476
Antas;Almería;04016;37.24536;-1.9176
Arboleas;Almería;04017;37.35024;-2.07384
Armuña de Almanzora;Almería;04018;37.3503;-2.4115
Bacares;Almería;04019;;
Bayárcal;Almería;04020;37.03073;-2.99606
Bayarque;Almería;04021;37.33062;-2.4361
Bédar;Almería;04022;37.19389;-1.98166
Beires;Almería;04023;37.01237;-2.79134
Benahadux;Almería;04024;36.92493;-2.45941
Benitagla;Almería;04026;37.23138;-2.23935
Benizalón;Almería;04027;37.21213;-2.2418
Bentarique;Almería;04028;36.98823;-2.61991
Berja;Almería;04029;36.84693;-2.94966
Canjáyar;Almería;04030;37.00959;-2.73943
Cantoria;Almería;04031;37.35146;-2.19209
Carboneras;Almería;04032;36.99666;-1.89651
Castro de Filabres;Almería;04033;37.18484;-2.44024
Cóbdar;Almería;04034;37.26166;-2.21098
Cuevas del Almanzora;Almería;04035;37.29646;-1.88466
Chercos;Almería;04036;37.2545;-2.26657
Chirivel;Almería;04037;37.59527;-2.26844
Dalías;Almería;04038;36.82179;-2.87138
Enix;Almería;04041;36.87732;-2.6018
Felix;Almería;04043;;
Fines;Almería;04044;37.36074;-2.2581
Fiñana;Almería;04045;37.1715;-2.84011
Fondón;Almería;04046;36.9802;-2.85957
Gádor;Almería;04047;36.95322;-2.49254
Gallardos, Los;Almería;04048;;
Garrucha;Almería;04049;37.18141;-1.82252
Gérgal;Almería;04050;37.11886;-2.54012
Huécija;Almería;04051;36.96804;-2.60941
Huércal de Almería;Almería;04052;36.88507;-2.4376
Huércal-Overa;Almería;04053;37.38897;-1.94536
Íllar;Almería;04054;36.98562;-2.63871
Instinción;Almería;04055;36.99344;-2.66046
Laroya;Almería;04056;37.29771;-2.33419
Laujar de Andarax;Almería;04057;36.99516;-2.89033
Líjar;Almería;04058;;
Lubrín;Almería;04059;37.21538;-2.06677
Lucainena de las Torres;Almería;04060;37.04037;-2.20095
Lúcar;Almería;04061;37.40035;-2.42496
Macael;Almería;04062;37.33318;-2.30087
María;Almería;04063;37.71023;-2.16454
Mojácar;Almería;04064;37.1402;-1.85102
Nacimiento;Almería;04065;;
Níjar;Almería;04066;36.96655;-2.20595
Ohanes;Almería;04067;37.03861;-2.74524
Olula de Castro;Almería;04068;37.17475;-2.4743
Olula del Río;Almería;04069;37.35445;-2.29754
Oria;Almería;04070;37.4853;-2.29292
Padules;Almería;04071;36.99813;-2.77367
Partaloa;Almería;04072;37.40764;-2.22526
Paterna del Río;Almería;04073;37.02222;-2.95343
Pechina;Almería;04074;36.91619;-2.43689
Pulpí;Almería;04075;37.41154;-1.74496
Purchena;Almería;04076;37.34744;-2.3608
Rágol;Almería;04077;36.99523;-2.68178
Rioja;Almería;04078;36.94508;-2.46302
Roquetas de Mar;Almería;04079;36.76419;-2.61475
Santa Cruz de Marchena;Almería;04080;;
Santa Fe de Mondújar;Almería;04081;36.97479;-2.53126
Senés;Almería;04082;;
Serón;Almería;04083;37.34485;-2.50913
Sierro;Almería;04084;37.32237;-2.39844
Somontín;Almería;04085;37.39176;-2.38828
Sorbas;Almería;04086;37.09761;-2.12349
Suflí;Almería;04087;37.33866;-2.38817
Tabernas;Almería;04088;37.04992;-2.39084
Taberno;Almería;04089;37.4688;-2.07736
Tahal;Almería;04090;37.22797;-2.2847
Terque;Almería;04091;36.98393;-2.59679
Tíjola;Almería;04092;37.34606;-2.43326
Turre;Almería;04093;37.15224;-1.89497
Turrillas;Almería;04094;37.02948;-2.26607
Uleila del Campo;Almería;04095;37.1846;-2.20491
Urrácal;Almería;04096;37.3974;-2.36485
Velefique;Almería;04097;37.19407;-2.40155
Vélez-Blanco;Almería;04098;37.69178;-2.09587
Vélez-Rubio;Almería;04099;37.64844;-2.07686
Vera;Almería;04100;37.24345;-1.85905
Viator;Almería;04101;36.89006;-2.42695
Vícar;Almería;04102;36.83155;-2.64273
Zurgena;Almería;04103;37.34218;-2.03985
Tres Villas, Las;Almería;04901;;
Ejido, El;Almería;04902;36.77629;-2.81456
Mojonera, La;Almería;04903;37.29233;-2.4373
Balanegra;Almería;04904;;
Adanero;Ávila;05001;40.94487;-4.60561
Adrada, La;Ávila;05002;40.29953;-4.63589
Albornos;Ávila;05005;40.83795;-4.88129
Aldeanueva de Santa Cruz;Ávila;05007;40.38189;-5.42142
Aldeaseca;Ávila;05008;41.04912;-4.81707
Aldehuela, La;Ávila;05010;;
Amavida;Ávila;05012;40.57371;-5.06541
Arenal, El;Ávila;05013;;
Arenas de San Pedro;Ávila;05014;40.21041;-5.08694
Arevalillo;Ávila;05015;;
Arévalo;Ávila;05016;41.06255;-4.72042
Aveinte;Ávila;05017;40.78227;-4.83649
Avellaneda;Ávila;05018;40.38909;-5.38811
Ávila;Ávila;05019;40.65724;-4.69951
Barco de Ávila, El;Ávila;05021;40.3571;-5.52365
Barraco, El;Ávila;05022;40.47647;-4.64346
Barromán;Ávila;05023;41.06536;-4.93066
Becedas;Ávila;05024;40.40369;-5.63577
Becedillas;Ávila;05025;40.53821;-5.32561
Bercial de Zapardiel;Ávila;05026;41.04675;-4.9691
Berlanas, Las;Ávila;05027;;
Bernuy-Zapardiel;Ávila;05029;;
Berrocalejo de Aragona;Ávila;05030;40.69436;-4.59474
Blascomillán;Ávila;05033;40.80146;-5.08703
Blasconuño de Matacabras;Ávila;05034;;
Blascosancho;Ávila;05035;40.87744;-4.63743
Bohodón, El;Ávila;05036;;
Bohoyo;Ávila;05037;40.31584;-5.44294
Bonilla de la Sierra;Ávila;05038;40.53063;-5.26452
Brabos;Ávila;05039;40.77846;-4.93934
Bularros;Ávila;05040;;
Burgohondo;Ávila;05041;40.41416;-4.78509
Cabezas de Alambre;Ávila;05042;40.94218;-4.84184
Cabezas del Pozo;Ávila;05043;41.00139;-4.95453
Cabezas del Villar;Ávila;05044;40.71557;-5.20956
Cabizuela;Ávila;05045;40.9009;-4.80212
Canales;Ávila;05046;41.00331;-4.90163
Candeleda;Ávila;05047;40.15521;-5.24045
Cantiveros;Ávila;05048;40.95215;-4.95455
Cardeñosa;Ávila;05049;40.7424;-4.74579
Carrera, La;Ávila;05051;40.34777;-5.55474
Casas del Puerto;Ávila;05052;;
Casasola;Ávila;05053;;
Casavieja;Ávila;05054;40.28325;-4.7667
Casillas;Ávila;05055;40.3261;-4.57182
Castellanos de Zapardiel;Ávila;05056;41.0845;-4.90984
Cebreros;Ávila;05057;40.45835;-4.46433
Cepeda la Mora;Ávila;05058;40.4578;-5.04833
Cillán;Ávila;05059;40.70675;-4.98135
Cisla;Ávila;05060;40.96662;-5.01405
Colilla, La;Ávila;05061;;
Collado de Contreras;Ávila;05062;40.88743;-4.9314
Collado del Mirón;Ávila;05063;40.55307;-5.35398
Constanzana;Ávila;05064;40.93821;-4.87515
Crespos;Ávila;05065;40.87128;-4.97094
Cuevas del Valle;Ávila;05066;40.29418;-5.00938
Chamartín;Ávila;05067;40.70267;-4.95769
Donjimeno;Ávila;05069;40.95978;-4.84627
Donvidas;Ávila;05070;41.08954;-4.80634
Espinosa de los Caballeros;Ávila;05072;;
Flores de Ávila;Ávila;05073;40.93358;-5.07914
Fontiveros;Ávila;05074;40.92997;-4.96445
Fresnedilla;Ávila;05075;40.23233;-4.62201
Fresno, El;Ávila;05076;;
Fuente el Saúz;Ávila;05077;;
Fuentes de Año;Ávila;05078;41.01769;-4.89907
Gallegos de Altamiros;Ávila;05079;;
Gallegos de Sobrinos;Ávila;05080;40.71693;-5.11224
Garganta del Villar;Ávila;05081;40.44965;-5.1042
Gavilanes;Ávila;05082;40.27791;-4.85321
Gemuño;Ávila;05083;40.59159;-4.78178
Gilbuena;Ávila;05084;;
Gil García;Ávila;05085;;
Gimialcón;Ávila;05086;40.87705;-5.12308
Gotarrendura;Ávila;05087;40.82652;-4.7409
Grandes y San Martín;Ávila;05088;;
Guisando;Ávila;05089;40.22225;-5.1395
Gutierre-Muñoz;Ávila;05090;40.98295;-4.63839
Hernansancho;Ávila;05092;40.85753;-4.73045
Herradón de Pinares;Ávila;05093;;
Herreros de Suso;Ávila;05094;40.80361;-5.03892
Higuera de las Dueñas;Ávila;05095;40.23903;-4.60361
Hija de Dios, La;Ávila;05096;;
Horcajada, La;Ávila;05097;;
Horcajo de las Torres;Ávila;05099;41.06497;-5.09092
Hornillo, El;Ávila;05100;;
Hoyocasero;Ávila;05101;40.3989;-4.97455
Hoyo de Pinares, El;Ávila;05102;40.50084;-4.42357
Hoyorredondo;Ávila;05103;40.4627;-5.41097
Hoyos del Collado;Ávila;05104;40.35945;-5.20027
Hoyos del Espino;Ávila;05105;40.35623;-5.17505
Hoyos de Miguel Muñoz;Ávila;05106;40.39237;-5.06713
Hurtumpascual;Ávila;05107;40.692;-5.11379
Junciana;Ávila;05108;40.41076;-5.55698
Langa;Ávila;05109;41.0055;-4.85946
Lanzahíta;Ávila;05110;;
Losar del Barco, El;Ávila;05112;;
Llanos de Tormes, Los;Ávila;05113;;
Madrigal de las Altas Torres;Ávila;05114;41.08968;-4.99863
Maello;Ávila;05115;40.80929;-4.51186
Malpartida de Corneja;Ávila;05116;40.52208;-5.35026
Mamblas;Ávila;05117;41.01925;-5.00873
Mancera de Arriba;Ávila;05118;40.79139;-5.14772
Manjabálago y Ortigosa de Rioalmar;Ávila;05119;;
Marlín;Ávila;05120;;
Martiherrero;Ávila;05121;40.67392;-4.78156
Martínez;Ávila;05122;40.63046;-5.34801
Mediana de Voltoya;Ávila;05123;40.70104;-4.56341
Medinilla;Ávila;05124;40.43967;-5.61772
Mengamuñoz;Ávila;05125;40.50006;-4.99983
Mesegar de Corneja;Ávila;05126;40.50209;-5.30131
Mijares;Ávila;05127;40.29655;-4.83651
Mingorría;Ávila;05128;40.75192;-4.66583
Mirón, El;Ávila;05129;;
Mironcillo;Ávila;05130;40.55435;-4.82449
Mirueña de los Infanzones;Ávila;05131;;
Mombeltrán;Ávila;05132;40.25987;-5.01749
Monsalupe;Ávila;05133;40.76953;-4.78131
Moraleja de Matacabras;Ávila;05134;41.10732;-4.95717
Muñana;Ávila;05135;40.59042;-5.01447
Muñico;Ávila;05136;40.70678;-5.02717
Muñogalindo;Ávila;05138;40.60324;-4.89895
Muñogrande;Ávila;05139;40.82181;-4.92223
Muñomer del Peco;Ávila;05140;40.85878;-4.87992
Muñopepe;Ávila;05141;40.63408;-4.81876
Muñosancho;Ávila;05142;40.92097;-5.03559
Muñotello;Ávila;05143;40.54236;-5.04187
Narrillos del Álamo;Ávila;05144;40.56673;-5.46584
Narrillos del Rebollar;Ávila;05145;40.66488;-4.96577
Narros del Castillo;Ávila;05147;40.85869;-5.0601
Narros del Puerto;Ávila;05148;40.54131;-4.99291
Narros de Saldueña;Ávila;05149;40.87268;-4.86909
Navacepedilla de Corneja;Ávila;05151;40.48602;-5.1838
Nava de Arévalo;Ávila;05152;40.97803;-4.77573
Nava del Barco;Ávila;05153;40.29321;-5.54022
Navadijos;Ávila;05154;40.42524;-5.08285
Navaescurial;Ávila;05155;40.47163;-5.27756
Navahondilla;Ávila;05156;40.3251;-4.49661
Navalacruz;Ávila;05157;40.43993;-4.93122
Navalmoral;Ávila;05158;40.46028;-4.76859
Navalonguilla;Ávila;05159;;
Navalosa;Ávila;05160;40.40212;-4.92999
Navalperal de Pinares;Ávila;05161;40.59398;-4.41149
Navalperal de Tormes;Ávila;05162;40.3528;-5.30084
Navaluenga;Ávila;05163;40.41123;-4.70897
Navaquesera;Ávila;05164;40.42558;-4.91108
Navarredonda de Gredos;Ávila;05165;40.36136;-5.13268
Navarredondilla;Ávila;05166;40.45416;-4.82199
Navarrevisca;Ávila;05167;40.36417;-4.89352
Navas del Marqués, Las;Ávila;05168;40.60244;-4.33449
Navatalgordo;Ávila;05169;40.4152;-4.87155
Navatejares;Ávila;05170;40.33602;-5.5322
Neila de San Miguel;Ávila;05171;40.42372;-5.6509
Niharra;Ávila;05172;40.58945;-4.83895
Ojos-Albos;Ávila;05173;40.70596;-4.51633
Orbita;Ávila;05174;40.99846;-4.64833
Oso, El;Ávila;05175;;
Padiernos;Ávila;05176;40.62168;-4.84523
Pajares de Adaja;Ávila;05177;40.92398;-4.64048
Palacios de Goda;Ávila;05178;41.11798;-4.78496
Papatrigo;Ávila;05179;40.8679;-4.83399
Parral, El;Ávila;05180;;
Pascualcobo;Ávila;05181;40.65637;-5.27733
Pedro Bernardo;Ávila;05182;40.24214;-4.90963
Pedro-Rodríguez;Ávila;05183;;
Peguerinos;Ávila;05184;40.6262;-4.23154
Peñalba de Ávila;Ávila;05185;40.77266;-4.74595
Piedrahíta;Ávila;05186;;
Piedralaves;Ávila;05187;40.31721;-4.70025
Poveda;Ávila;05188;40.56799;-5.07909
Poyales del Hoyo;Ávila;05189;40.17254;-5.16597
Pozanco;Ávila;05190;40.80095;-4.66772
Pradosegar;Ávila;05191;40.5502;-5.07015
Puerto Castilla;Ávila;05192;40.288;-5.62366
Rasueros;Ávila;05193;41.02344;-5.07377
Riocabado;Ávila;05194;;
Riofrío;Ávila;05195;;
Rivilla de Barajas;Ávila;05196;40.9021;-4.98836
Salobral;Ávila;05197;40.61179;-4.81013
Salvadiós;Ávila;05198;40.87836;-5.09629
San Bartolomé de Béjar;Ávila;05199;40.40783;-5.66261
San Bartolomé de Corneja;Ávila;05200;40.49257;-5.38519
San Bartolomé de Pinares;Ávila;05201;;
Sanchidrián;Ávila;05204;40.89347;-4.58132
Sanchorreja;Ávila;05205;40.66475;-4.91494
San Esteban de los Patos;Ávila;05206;40.74705;-4.62413
San Esteban del Valle;Ávila;05207;40.2751;-4.98215
San Esteban de Zapardiel;Ávila;05208;;
San García de Ingelmos;Ávila;05209;40.76912;-5.11523
San Juan de la Encinilla;Ávila;05210;40.8302;-4.83957
San Juan de la Nava;Ávila;05211;40.4788;-4.68238
San Juan del Molinillo;Ávila;05212;40.45909;-4.81711
San Juan del Olmo;Ávila;05213;;
San Lorenzo de Tormes;Ávila;05214;40.36984;-5.48848
San Martín de la Vega del Alberche;Ávila;05215;40.43053;-5.155
San Martín del Pimpollar;Ávila;05216;40.3683;-5.05443
San Miguel de Corneja;Ávila;05217;40.48722;-5.28654
San Miguel de Serrezuela;Ávila;05218;40.67064;-5.28857
San Pascual;Ávila;05219;40.88141;-4.75612
San Pedro del Arroyo;Ávila;05220;40.80213;-4.87075
Santa Cruz del Valle;Ávila;05221;40.2516;-5.00133
Santa Cruz de Pinares;Ávila;05222;40.54265;-4.58036
Santa María del Arroyo;Ávila;05224;;
Santa María del Berrocal;Ávila;05225;40.50845;-5.40483
Santa María de los Caballeros;Ávila;05226;40.38925;-5.45112
Santa María del Tiétar;Ávila;05227;;
Santiago del Collado;Ávila;05228;40.43326;-5.35631
Santo Domingo de las Posadas;Ávila;05229;40.812;-4.63383
Santo Tomé de Zabarcos;Ávila;05230;40.78726;-4.91048
San Vicente de Arévalo;Ávila;05231;40.96773;-4.80194
Serrada, La;Ávila;05232;;
Serranillos;Ávila;05233;40.33625;-4.91165
Sigeres;Ávila;05234;40.79939;-4.93361
Sinlabajos;Ávila;05235;41.0765;-4.83242
Solana de Ávila;Ávila;05236;;
Solana de Rioalmar;Ávila;05237;;
Solosancho;Ávila;05238;40.55294;-4.90479
Sotalbo;Ávila;05239;40.5417;-4.84548
Sotillo de la Adrada;Ávila;05240;40.2912;-4.58385
Tiemblo, El;Ávila;05241;40.41533;-4.50156
Tiñosillos;Ávila;05242;40.934;-4.72767
Tolbaños;Ávila;05243;40.75168;-4.58191
Tormellas;Ávila;05244;40.30404;-5.51185
Tornadizos de Ávila;Ávila;05245;40.62757;-4.61426
Tórtoles;Ávila;05246;40.5612;-5.2612
Torre, La;Ávila;05247;;
Umbrías;Ávila;05249;40.3153;-5.58037
Vadillo de la Sierra;Ávila;05251;40.60634;-5.12506
Valdecasa;Ávila;05252;40.65931;-5.01183
Vega de Santa María;Ávila;05253;40.83618;-4.64287
Velayos;Ávila;05254;40.84157;-4.62324
Villaflor;Ávila;05256;40.75865;-4.87379
Villafranca de la Sierra;Ávila;05257;40.49806;-5.23005
Villanueva de Gómez;Ávila;05258;40.88269;-4.7165
Villanueva del Aceral;Ávila;05259;41.04095;-4.85419
Villanueva del Campillo;Ávila;05260;40.57646;-5.18002
Villar de Corneja;Ávila;05261;40.47462;-5.43307
Villarejo del Valle;Ávila;05262;40.28638;-4.99674
Villatoro;Ávila;05263;40.55609;-5.11262
Viñegra de Moraña;Ávila;05264;40.85074;-4.92115
Vita;Ávila;05265;40.81178;-5.00583
Zapardiel de la Cañada;Ávila;05266;40.60648;-5.33791
Zapardiel de la Ribera;Ávila;05267;40.35554;-5.32826
San Juan de Gredos;Ávila;05901;;
Santa María del Cubillo;Ávila;05902;;
Diego del Carpio;Ávila;05903;;
Santiago del Tormes;Ávila;05904;;
Villanueva de Ávila;Ávila;05905;;
Acedera;Badajoz;06001;39.07678;-5.57384
Aceuchal;Badajoz;06002;38.64627;-6.48636
Ahillones;Badajoz;06003;38.26667;-5.85
Alange;Badajoz;06004;38.78495;-6.24574
Albuera, La;Badajoz;06005;38.71779;-6.82326
Alburquerque;Badajoz;06006;39.22076;-7.00234
Alconchel;Badajoz;06007;38.51648;-7.07161
Alconera;Badajoz;06008;38.4;-6.46667
Aljucén;Badajoz;06009;39.04425;-6.33109
Almendral;Badajoz;06010;38.61418;-6.82097
Almendralejo;Badajoz;06011;38.68316;-6.40747
Arroyo de San Serván;Badajoz;06012;38.85443;-6.45402
Atalaya;Badajoz;06013;38.33333;-6.46667
Azuaga;Badajoz;06014;38.26667;-5.68333
Badajoz;Badajoz;06015;38.87789;-6.97061
Barcarrota;Badajoz;06016;38.51473;-6.84923
Baterno;Badajoz;06017;38.95578;-4.91039
Benquerencia de la Serena;Badajoz;06018;;
Berlanga;Badajoz;06019;38.28333;-5.81667
Bienvenida;Badajoz;06020;38.3;-6.2
Bodonal de la Sierra;Badajoz;06021;38.14751;-6.5595
Burguillos del Cerro;Badajoz;06022;38.38008;-6.59037
Cabeza del Buey;Badajoz;06023;38.72227;-5.21946
Cabeza la Vaca;Badajoz;06024;38.08333;-6.41667
Calamonte;Badajoz;06025;38.88861;-6.38791
Calera de León;Badajoz;06026;38.1;-6.33333
Calzadilla de los Barros;Badajoz;06027;;
Campanario;Badajoz;06028;38.8644;-5.61744
Campillo de Llerena;Badajoz;06029;38.50196;-5.83139
Capilla;Badajoz;06030;38.82037;-5.08417
Carmonita;Badajoz;06031;39.15455;-6.33864
Carrascalejo, El;Badajoz;06032;;
Casas de Don Pedro;Badajoz;06033;39.10822;-5.33077
Casas de Reina;Badajoz;06034;38.2;-5.96667
Castilblanco;Badajoz;06035;39.28487;-5.09098
Castuera;Badajoz;06036;38.73204;-5.5439
Codosera, La;Badajoz;06037;39.20878;-7.1733
Cordobilla de Lácara;Badajoz;06038;39.14763;-6.43619
Coronada, La;Badajoz;06039;38.92045;-5.66978
Corte de Peleas;Badajoz;06040;38.72631;-6.67035
Cristina;Badajoz;06041;38.83745;-6.09867
Cheles;Badajoz;06042;38.51225;-7.28177
Don Álvaro;Badajoz;06043;38.84837;-6.27475
Don Benito;Badajoz;06044;38.95627;-5.86162
Entrín Bajo;Badajoz;06045;38.71855;-6.71349
Esparragalejo;Badajoz;06046;38.9433;-6.43549
Esparragosa de la Serena;Badajoz;06047;38.651;-5.60657
Esparragosa de Lares;Badajoz;06048;38.97517;-5.26968
Feria;Badajoz;06049;38.51151;-6.56416
Fregenal de la Sierra;Badajoz;06050;38.16922;-6.6537
Fuenlabrada de los Montes;Badajoz;06051;39.13288;-4.93513
Fuente de Cantos;Badajoz;06052;38.25;-6.3
Fuente del Arco;Badajoz;06053;;
Fuente del Maestre;Badajoz;06054;38.52656;-6.44782
Fuentes de León;Badajoz;06055;38.06866;-6.53884
Garbayuela;Badajoz;06056;39.04956;-4.99856
Garlitos;Badajoz;06057;38.88022;-5.04759
Garrovilla, La;Badajoz;06058;38.91961;-6.47747
Granja de Torrehermosa;Badajoz;06059;38.31667;-5.58333
Guareña;Badajoz;06060;38.85952;-6.09987
Haba, La;Badajoz;06061;38.91929;-5.80034
Helechosa de los Montes;Badajoz;06062;;
Herrera del Duque;Badajoz;06063;39.1684;-5.05049
Higuera de la Serena;Badajoz;06064;38.64616;-5.74129
Higuera de Llerena;Badajoz;06065;;
Higuera de Vargas;Badajoz;06066;38.447;-6.97517
Higuera la Real;Badajoz;06067;38.14088;-6.68922
Hinojosa del Valle;Badajoz;06068;38.48333;-6.18333
Hornachos;Badajoz;06069;38.55428;-6.06829
Jerez de los Caballeros;Badajoz;06070;38.32063;-6.7726
Lapa, La;Badajoz;06071;;
Lobón;Badajoz;06072;38.84876;-6.62365
Llera;Badajoz;06073;38.45;-6.05
Llerena;Badajoz;06074;38.23333;-6.01667
Magacela;Badajoz;06075;38.89648;-5.73437
Maguilla;Badajoz;06076;38.36667;-5.83333
Malcocinado;Badajoz;06077;38.11667;-5.68333
Malpartida de la Serena;Badajoz;06078;38.6747;-5.64054
Manchita;Badajoz;06079;38.81404;-6.02041
Medellín;Badajoz;06080;38.96265;-5.95785
Medina de las Torres;Badajoz;06081;38.33333;-6.4
Mengabril;Badajoz;06082;38.93554;-5.93335
Mérida;Badajoz;06083;38.91611;-6.34366
Mirandilla;Badajoz;06084;39.002;-6.28893
Monesterio;Badajoz;06085;38.08333;-6.26667
Montemolín;Badajoz;06086;38.15;-6.2
Monterrubio de la Serena;Badajoz;06087;38.58876;-5.44569
Montijo;Badajoz;06088;38.90839;-6.61785
Morera, La;Badajoz;06089;;
Nava de Santiago, La;Badajoz;06090;39.06328;-6.50525
Navalvillar de Pela;Badajoz;06091;39.09436;-5.4681
Nogales;Badajoz;06092;38.58629;-6.74901
Oliva de la Frontera;Badajoz;06093;38.27595;-6.91873
Oliva de Mérida;Badajoz;06094;38.79051;-6.12402
Olivenza;Badajoz;06095;38.68269;-7.10046
Orellana de la Sierra;Badajoz;06096;;
Orellana la Vieja;Badajoz;06097;39.00617;-5.53441
Palomas;Badajoz;06098;38.69277;-6.1349
Parra, La;Badajoz;06099;38.5212;-6.6226
Peñalsordo;Badajoz;06100;38.82019;-5.11405
Peraleda del Zaucejo;Badajoz;06101;;
Puebla de Alcocer;Badajoz;06102;38.98648;-5.25633
Puebla de la Calzada;Badajoz;06103;38.89441;-6.62592
Puebla de la Reina;Badajoz;06104;38.66455;-6.10216
Puebla del Maestre;Badajoz;06105;38.08333;-6.08333
Puebla del Prior;Badajoz;06106;38.57032;-6.19584
Puebla de Obando;Badajoz;06107;39.1763;-6.62764
Puebla de Sancho Pérez;Badajoz;06108;38.4;-6.4
Quintana de la Serena;Badajoz;06109;38.74595;-5.67233
Reina;Badajoz;06110;38.18333;-5.95
Rena;Badajoz;06111;39.05252;-5.80868
Retamal de Llerena;Badajoz;06112;;
Ribera del Fresno;Badajoz;06113;38.55177;-6.23768
Risco;Badajoz;06114;;
Roca de la Sierra, La;Badajoz;06115;39.10966;-6.68916
Salvaleón;Badajoz;06116;38.5102;-6.78627
Salvatierra de los Barros;Badajoz;06117;38.49091;-6.68423
Sancti-Spíritus;Badajoz;06118;;
San Pedro de Mérida;Badajoz;06119;38.95007;-6.18645
Santa Amalia;Badajoz;06120;39.01118;-6.01158
Santa Marta;Badajoz;06121;38.61421;-6.62799
Santos de Maimona, Los;Badajoz;06122;38.45;-6.38333
San Vicente de Alcántara;Badajoz;06123;39.36132;-7.13766
Segura de León;Badajoz;06124;38.11667;-6.51667
Siruela;Badajoz;06125;38.97718;-5.04969
Solana de los Barros;Badajoz;06126;38.72527;-6.53899
Talarrubias;Badajoz;06127;39.03697;-5.23423
Talavera la Real;Badajoz;06128;38.87794;-6.76856
Táliga;Badajoz;06129;38.52861;-7.01713
Tamurejo;Badajoz;06130;38.98333;-4.93333
Torre de Miguel Sesmero;Badajoz;06131;38.61913;-6.7958
Torremayor;Badajoz;06132;38.9014;-6.53858
Torremejía;Badajoz;06133;;
Trasierra;Badajoz;06134;38.18333;-6
Trujillanos;Badajoz;06135;38.95233;-6.25759
Usagre;Badajoz;06136;38.35;-6.16667
Valdecaballeros;Badajoz;06137;39.24289;-5.19
Valdetorres;Badajoz;06138;38.91542;-6.06765
Valencia de las Torres;Badajoz;06139;38.40518;-6.00403
Valencia del Mombuey;Badajoz;06140;38.24243;-7.11965
Valencia del Ventoso;Badajoz;06141;38.26667;-6.46667
Valverde de Burguillos;Badajoz;06142;38.3271;-6.53648
Valverde de Leganés;Badajoz;06143;38.67059;-6.98036
Valverde de Llerena;Badajoz;06144;38.21667;-5.81667
Valverde de Mérida;Badajoz;06145;38.91122;-6.21999
Valle de la Serena;Badajoz;06146;38.7101;-5.79847
Valle de Matamoros;Badajoz;06147;38.37889;-6.80371
Valle de Santa Ana;Badajoz;06148;38.36637;-6.7886
Villafranca de los Barros;Badajoz;06149;38.56144;-6.3381
Villagarcía de la Torre;Badajoz;06150;38.3;-6.08333
Villagonzalo;Badajoz;06151;38.86329;-6.19665
Villalba de los Barros;Badajoz;06152;38.61294;-6.50914
Villanueva de la Serena;Badajoz;06153;38.97655;-5.7974
Villanueva del Fresno;Badajoz;06154;38.376;-7.16753
Villar del Rey;Badajoz;06155;39.1331;-6.84762
Villar de Rena;Badajoz;06156;39.07651;-5.81074
Villarta de los Montes;Badajoz;06157;39.21386;-4.79227
Zafra;Badajoz;06158;38.41667;-6.41667
Zahínos;Badajoz;06159;38.33135;-6.95533
Zalamea de la Serena;Badajoz;06160;38.65131;-5.66063
Zarza-Capilla;Badajoz;06161;;
Zarza, La;Badajoz;06162;;
Valdelacalzada;Badajoz;06901;38.88943;-6.70029
Pueblonuevo del Guadiana;Badajoz;06902;;
Guadiana;Badajoz;06903;;
Alaró;Illes Balears;07001;39.70441;2.79181
Alaior;Illes Balears;07002;39.93034;4.14039
Alcúdia;Illes Balears;07003;39.85316;3.12138
Algaida;Illes Balears;07004;39.55899;2.89541
Andratx;Illes Balears;07005;39.57553;2.42017
Artà;Illes Balears;07006;39.69315;3.34979
Banyalbufar;Illes Balears;07007;39.68734;2.51409
Binissalem;Illes Balears;07008;39.68744;2.84396
Búger;Illes Balears;07009;39.75809;2.98349
Bunyola;Illes Balears;07010;39.69634;2.69955
Calvià;Illes Balears;07011;39.5657;2.50621
Campanet;Illes Balears;07012;39.7747;2.96506
Campos;Illes Balears;07013;39.43099;3.01935
Capdepera;Illes Balears;07014;39.70237;3.43532
Ciutadella de Menorca;Illes Balears;07015;;
Consell;Illes Balears;07016;39.66861;2.81267
Costitx;Illes Balears;07017;39.65675;2.94953
Deià;Illes Balears;07018;39.74806;2.64823
Escorca;Illes Balears;07019;39.82138;2.86941
Esporles;Illes Balears;07020;39.66794;2.57867
Estellencs;Illes Balears;07021;39.65338;2.4813
Felanitx;Illes Balears;07022;39.4696;3.14831
Ferreries;Illes Balears;07023;39.98324;4.01181
Formentera;Illes Balears;07024;;
Fornalutx;Illes Balears;07025;39.78232;2.74107
Eivissa;Illes Balears;07026;;
Inca;Illes Balears;07027;39.7211;2.91093
Lloret de Vistalegre;Illes Balears;07028;39.61835;2.97493
Lloseta;Illes Balears;07029;39.71849;2.8669
Llubí;Illes Balears;07030;39.69933;3.00681
Llucmajor;Illes Balears;07031;39.49093;2.89108
Maó;Illes Balears;07032;39.88853;4.26583
Manacor;Illes Balears;07033;39.56964;3.20955
Mancor de la Vall;Illes Balears;07034;39.74966;2.87284
Maria de la Salut;Illes Balears;07035;39.66306;3.073
Marratxí;Illes Balears;07036;39.64208;2.75388
Mercadal, Es;Illes Balears;07037;39.99014;4.09387
Montuïri;Illes Balears;07038;39.56742;2.98189
Muro;Illes Balears;07039;39.73661;3.05559
Palma;Illes Balears;07040;39.56939;2.65024
Petra;Illes Balears;07041;39.61351;3.11312
Pollença;Illes Balears;07042;39.87678;3.01626
Porreres;Illes Balears;07043;39.51434;3.02197
Pobla, Sa;Illes Balears;07044;39.7692;3.02394
Puigpunyent;Illes Balears;07045;39.62514;2.52759
Sant Antoni de Portmany;Illes Balears;07046;38.98068;1.30362
Sencelles;Illes Balears;07047;39.64598;2.89769
Sant Josep de sa Talaia;Illes Balears;07048;38.91667;1.28333
Sant Joan;Illes Balears;07049;39.59621;3.0392
Sant Joan de Labritja;Illes Balears;07050;39.07891;1.51397
Sant Llorenç des Cardassar;Illes Balears;07051;39.61009;3.2838
Sant Lluís;Illes Balears;07052;39.84939;4.25819
Santa Eugènia;Illes Balears;07053;39.62361;2.83864
Santa Eulària des Riu;Illes Balears;07054;38.98457;1.53409
Santa Margalida;Illes Balears;07055;39.70143;3.10215
Santa María del Camí;Illes Balears;07056;39.65111;2.77317
Santanyí;Illes Balears;07057;39.35461;3.12907
Selva;Illes Balears;07058;39.75504;2.90069
Salines, Ses;Illes Balears;07059;39.33831;3.05274
Sineu;Illes Balears;07060;39.64254;3.01034
Sóller;Illes Balears;07061;39.76623;2.71521
Son Servera;Illes Balears;07062;39.62073;3.36008
Valldemossa;Illes Balears;07063;39.71042;2.6223
Castell, Es;Illes Balears;07064;39.8776;4.2899
Vilafranca de Bonany;Illes Balears;07065;39.56894;3.08815
Ariany;Illes Balears;07901;39.65048;3.11055
Migjorn Gran, Es;Illes Balears;07902;39.94657;4.05121
Abrera;Barcelona;08001;41.51682;1.901
Aguilar de Segarra;Barcelona;08002;41.74822;1.62919
Alella;Barcelona;08003;41.49379;2.29451
Alpens;Barcelona;08004;42.1193;2.10135
Ametlla del Vallès, L';Barcelona;08005;41.66667;2.26667
Arenys de Mar;Barcelona;08006;41.5819;2.54936
Arenys de Munt;Barcelona;08007;41.61424;2.53972
Argençola;Barcelona;08008;;
Argentona;Barcelona;08009;41.55336;2.40114
Artés;Barcelona;08010;41.798;1.95428
Avià;Barcelona;08011;42.06667;1.85
Avinyó;Barcelona;08012;41.86367;1.97095
Avinyonet del Penedès;Barcelona;08013;41.35;1.78333
Aiguafreda;Barcelona;08014;41.76807;2.25051
Badalona;Barcelona;08015;41.45004;2.24741
Bagà;Barcelona;08016;42.25289;1.86098
Balenyà;Barcelona;08017;;
Balsareny;Barcelona;08018;41.86311;1.87356
Barcelona;Barcelona;08019;41.38879;2.15899
Begues;Barcelona;08020;41.33333;1.93333
Bellprat;Barcelona;08021;41.51695;1.43333
Berga;Barcelona;08022;42.10429;1.84628
Bigues i Riells del Fai;Barcelona;08023;;
Borredà;Barcelona;08024;42.13564;1.99428
Bruc, El;Barcelona;08025;;
Brull, El;Barcelona;08026;;
Cabanyes, Les;Barcelona;08027;;
Cabrera d'Anoia;Barcelona;08028;;
Cabrera de Mar;Barcelona;08029;41.51667;2.4
Cabrils;Barcelona;08030;41.5276;2.36996
Calaf;Barcelona;08031;41.73289;1.51375
Caldes d'Estrac;Barcelona;08032;41.56667;2.53333
Caldes de Montbui;Barcelona;08033;41.63333;2.16667
Calders;Barcelona;08034;;
Calella;Barcelona;08035;41.61802;2.66781
Calonge de Segarra;Barcelona;08036;;
Calldetenes;Barcelona;08037;;
Callús;Barcelona;08038;;
Campins;Barcelona;08039;41.71667;2.46667
Canet de Mar;Barcelona;08040;41.59054;2.58116
Canovelles;Barcelona;08041;41.61667;2.28333
Cànoves i Samalús;Barcelona;08042;41.68333;2.35
Canyelles;Barcelona;08043;;
Capellades;Barcelona;08044;41.53005;1.68651
Capolat;Barcelona;08045;42.0772;1.75352
Cardedeu;Barcelona;08046;41.63976;2.35739
Cardona;Barcelona;08047;41.91371;1.67855
Carme;Barcelona;08048;;
Casserres;Barcelona;08049;;
Castellar del Riu;Barcelona;08050;42.12299;1.77378
Castellar del Vallès;Barcelona;08051;41.61667;2.08333
Castellar de n'Hug;Barcelona;08052;;
Castellbell i el Vilar;Barcelona;08053;;
Castellbisbal;Barcelona;08054;41.47534;1.98174
Castellcir;Barcelona;08055;41.76074;2.16128
Castelldefels;Barcelona;08056;41.27794;1.97033
Castell de l'Areny;Barcelona;08057;;
Castellet i la Gornal;Barcelona;08058;;
Castellfollit del Boix;Barcelona;08059;41.66667;1.7
Castellfollit de Riubregós;Barcelona;08060;41.76667;1.43333
Castellgalí;Barcelona;08061;;
Castellnou de Bages;Barcelona;08062;;
Castellolí;Barcelona;08063;41.59829;1.70057
Castellterçol;Barcelona;08064;41.75;2.11667
Castellví de la Marca;Barcelona;08065;;
Castellví de Rosanes;Barcelona;08066;41.45;1.9
Centelles;Barcelona;08067;41.79746;2.21902
Cervelló;Barcelona;08068;41.39587;1.95917
Collbató;Barcelona;08069;41.57009;1.82712
Collsuspina;Barcelona;08070;41.8258;2.17546
Copons;Barcelona;08071;;
Corbera de Llobregat;Barcelona;08072;41.41702;1.9197
Cornellà de Llobregat;Barcelona;08073;41.35;2.08333
Cubelles;Barcelona;08074;41.20772;1.67267
Dosrius;Barcelona;08075;41.58333;2.41667
Esparreguera;Barcelona;08076;41.53333;1.86667
Esplugues de Llobregat;Barcelona;08077;41.37732;2.08809
Espunyola, L';Barcelona;08078;;
Estany, L';Barcelona;08079;;
Fígols;Barcelona;08080;;
Fogars de Montclús;Barcelona;08081;41.73333;2.45
Fogars de la Selva;Barcelona;08082;;
Folgueroles;Barcelona;08083;;
Fonollosa;Barcelona;08084;41.76303;1.66867
Font-rubí;Barcelona;08085;;
Franqueses del Vallès, Les;Barcelona;08086;41.61929;2.29829
Gallifa;Barcelona;08087;41.69243;2.11346
Garriga, La;Barcelona;08088;41.68333;2.28333
Gavà;Barcelona;08089;41.30605;2.00123
Gaià;Barcelona;08090;;
Gelida;Barcelona;08091;41.43333;1.86667
Gironella;Barcelona;08092;42.03433;1.88019
Gisclareny;Barcelona;08093;;
Granada, La;Barcelona;08094;41.37816;1.71902
Granera;Barcelona;08095;41.72741;2.05924
Granollers;Barcelona;08096;41.60797;2.28773
Gualba;Barcelona;08097;;
Sant Salvador de Guardiola;Barcelona;08098;41.68333;1.76667
Guardiola de Berguedà;Barcelona;08099;42.2349;1.87716
Gurb;Barcelona;08100;41.95419;2.23537
Hospitalet de Llobregat, L';Barcelona;08101;41.35967;2.10028
Igualada;Barcelona;08102;41.58098;1.6172
Jorba;Barcelona;08103;41.60193;1.5475
Llacuna, La;Barcelona;08104;;
Llagosta, La;Barcelona;08105;41.51435;2.19297
Llinars del Vallès;Barcelona;08106;41.63333;2.4
Lliçà d'Amunt;Barcelona;08107;41.61667;2.23333
Lliçà de Vall;Barcelona;08108;41.59054;2.24121
Lluçà;Barcelona;08109;;
Malgrat de Mar;Barcelona;08110;41.64662;2.74135
Malla;Barcelona;08111;;
Manlleu;Barcelona;08112;42.00228;2.28476
Manresa;Barcelona;08113;41.72498;1.82656
Martorell;Barcelona;08114;41.47402;1.93062
Martorelles;Barcelona;08115;;
Masies de Roda, Les;Barcelona;08116;;
Masies de Voltregà, Les;Barcelona;08117;;
Masnou, El;Barcelona;08118;41.47978;2.3188
Masquefa;Barcelona;08119;41.50353;1.81136
Matadepera;Barcelona;08120;41.59886;2.02648
Mataró;Barcelona;08121;41.54211;2.4445
Mediona;Barcelona;08122;41.47798;1.61222
Molins de Rei;Barcelona;08123;41.41667;2.01667
Mollet del Vallès;Barcelona;08124;41.54026;2.21306
Montcada i Reixac;Barcelona;08125;41.48333;2.18333
Montgat;Barcelona;08126;41.46859;2.28001
Monistrol de Montserrat;Barcelona;08127;41.61667;1.85
Monistrol de Calders;Barcelona;08128;;
Muntanyola;Barcelona;08129;41.88333;2.18333
Montclar;Barcelona;08130;;
Montesquiu;Barcelona;08131;42.11667;2.21667
Montmajor;Barcelona;08132;;
Montmaneu;Barcelona;08133;;
Figaró-Montmany;Barcelona;08134;;
Montmeló;Barcelona;08135;41.55002;2.2419
Montornès del Vallès;Barcelona;08136;41.53333;2.26667
Montseny;Barcelona;08137;;
Moià;Barcelona;08138;41.81112;2.09839
Mura;Barcelona;08139;41.69943;1.97612
Navarcles;Barcelona;08140;41.75171;1.90357
Navàs;Barcelona;08141;41.89998;1.87763
Nou de Berguedà, La;Barcelona;08142;;
Òdena;Barcelona;08143;41.6;1.65
Olvan;Barcelona;08144;42.06667;1.9
Olèrdola;Barcelona;08145;;
Olesa de Bonesvalls;Barcelona;08146;41.35435;1.84907
Olesa de Montserrat;Barcelona;08147;41.54372;1.89407
Olivella;Barcelona;08148;41.31667;1.81667
Olost;Barcelona;08149;41.9854;2.09457
Orís;Barcelona;08150;42.05967;2.22066
Oristà;Barcelona;08151;41.93333;2.06667
Orpí;Barcelona;08152;41.5187;1.57536
Òrrius;Barcelona;08153;41.55;2.35
Pacs del Penedès;Barcelona;08154;;
Palafolls;Barcelona;08155;41.66667;2.75
Palau-solità i Plegamans;Barcelona;08156;;
Pallejà;Barcelona;08157;41.42394;1.99505
Papiol, El;Barcelona;08158;;
Parets del Vallès;Barcelona;08159;41.57481;2.23306
Perafita;Barcelona;08160;;
Piera;Barcelona;08161;41.52232;1.75076
Hostalets de Pierola, Els;Barcelona;08162;;
Pineda de Mar;Barcelona;08163;41.62763;2.6889
Pla del Penedès, El;Barcelona;08164;41.41667;1.71667
Pobla de Claramunt, La;Barcelona;08165;41.55423;1.67712
Pobla de Lillet, La;Barcelona;08166;;
Polinyà;Barcelona;08167;41.55;2.15
Pontons;Barcelona;08168;;
Prat de Llobregat, El;Barcelona;08169;41.32784;2.09472
Prats de Rei, Els;Barcelona;08170;;
Prats de Lluçanès;Barcelona;08171;42.01667;2.03333
Premià de Mar;Barcelona;08172;41.49206;2.36524
Puigdàlber;Barcelona;08174;;
Puig-reig;Barcelona;08175;41.96667;1.88333
Pujalt;Barcelona;08176;41.7171;1.42088
Quar, La;Barcelona;08177;;
Rajadell;Barcelona;08178;41.72802;1.70621
Rellinars;Barcelona;08179;;
Ripollet;Barcelona;08180;41.49686;2.15739
Roca del Vallès, La;Barcelona;08181;41.58333;2.33333
Pont de Vilomara i Rocafort, El;Barcelona;08182;;
Roda de Ter;Barcelona;08183;;
Rubí;Barcelona;08184;41.49226;2.03305
Rubió;Barcelona;08185;;
Sabadell;Barcelona;08187;41.54329;2.10942
Sagàs;Barcelona;08188;42.05;1.96667
Sant Pere Sallavinera;Barcelona;08189;;
Saldes;Barcelona;08190;42.23333;1.73333
Sallent;Barcelona;08191;41.82602;1.8955
Santpedor;Barcelona;08192;41.78309;1.84673
Sant Iscle de Vallalta;Barcelona;08193;41.61667;2.56667
Sant Adrià de Besòs;Barcelona;08194;41.43073;2.21855
Sant Agustí de Lluçanès;Barcelona;08195;;
Sant Andreu de la Barca;Barcelona;08196;41.44659;1.97187
Sant Andreu de Llavaneres;Barcelona;08197;41.56667;2.48333
Sant Antoni de Vilamajor;Barcelona;08198;;
Sant Bartomeu del Grau;Barcelona;08199;;
Sant Boi de Llobregat;Barcelona;08200;41.34357;2.03659
Sant Boi de Lluçanès;Barcelona;08201;42.05;2.15
Sant Celoni;Barcelona;08202;41.68333;2.48333
Sant Cebrià de Vallalta;Barcelona;08203;;
Sant Climent de Llobregat;Barcelona;08204;;
Sant Cugat del Vallès;Barcelona;08205;41.46667;2.08333
Sant Cugat Sesgarrigues;Barcelona;08206;;
Sant Esteve de Palautordera;Barcelona;08207;;
Sant Esteve Sesrovires;Barcelona;08208;;
Sant Fost de Campsentelles;Barcelona;08209;;
Sant Feliu de Codines;Barcelona;08210;41.7;2.16667
Sant Feliu de Llobregat;Barcelona;08211;41.38333;2.05
Sant Feliu Sasserra;Barcelona;08212;41.95;2.03333
Sant Fruitós de Bages;Barcelona;08213;41.75;1.86667
Vilassar de Dalt;Barcelona;08214;;
Sant Hipòlit de Voltregà;Barcelona;08215;;
Sant Jaume de Frontanyà;Barcelona;08216;;
Sant Joan Despí;Barcelona;08217;41.36667;2.06667
Sant Joan de Vilatorrada;Barcelona;08218;41.74549;1.80476
Vilassar de Mar;Barcelona;08219;41.50961;2.39365
Sant Julià de Vilatorta;Barcelona;08220;41.92189;2.32447
Sant Just Desvern;Barcelona;08221;41.38602;2.07573
Sant Llorenç d'Hortons;Barcelona;08222;41.46667;1.83333
Sant Llorenç Savall;Barcelona;08223;;
Sant Martí de Centelles;Barcelona;08224;41.76617;2.20566
Sant Martí d'Albars;Barcelona;08225;;
Sant Martí de Tous;Barcelona;08226;41.55;1.51667
Sant Martí Sarroca;Barcelona;08227;41.38333;1.61667
Sant Martí Sesgueioles;Barcelona;08228;;
Sant Mateu de Bages;Barcelona;08229;;
Premià de Dalt;Barcelona;08230;;
Sant Pere de Ribes;Barcelona;08231;41.26667;1.76667
Sant Pere de Riudebitlles;Barcelona;08232;41.45;1.7
Sant Pere de Torelló;Barcelona;08233;;
Sant Pere de Vilamajor;Barcelona;08234;41.68333;2.38333
Sant Pol de Mar;Barcelona;08235;41.60177;2.61741
Sant Quintí de Mediona;Barcelona;08236;;
Sant Quirze de Besora;Barcelona;08237;;
Sant Quirze del Vallès;Barcelona;08238;41.53333;2.08333
Sant Quirze Safaja;Barcelona;08239;41.73333;2.15
Sant Sadurní d'Anoia;Barcelona;08240;41.41667;1.78333
Sant Sadurní d'Osormort;Barcelona;08241;;
Marganell;Barcelona;08242;;
Santa Cecília de Voltregà;Barcelona;08243;42;2.23333
Santa Coloma de Cervelló;Barcelona;08244;41.36736;2.01426
Santa Coloma de Gramenet;Barcelona;08245;41.45152;2.2081
Santa Eugènia de Berga;Barcelona;08246;41.9;2.28333
Santa Eulàlia de Riuprimer;Barcelona;08247;;
Santa Eulàlia de Ronçana;Barcelona;08248;41.65;2.23333
Santa Fe del Penedès;Barcelona;08249;;
Santa Margarida de Montbui;Barcelona;08250;;
Santa Margarida i els Monjos;Barcelona;08251;;
Barberà del Vallès;Barcelona;08252;41.5159;2.12457
Santa Maria de Besora;Barcelona;08253;;
Esquirol, L';Barcelona;08254;;
Santa Maria de Merlès;Barcelona;08255;;
Santa Maria de Martorelles;Barcelona;08256;;
Santa Maria de Miralles;Barcelona;08257;;
Santa Maria d'Oló;Barcelona;08258;41.86667;2.03333
Santa Maria de Palautordera;Barcelona;08259;41.7;2.45
Santa Perpètua de Mogoda;Barcelona;08260;41.53333;2.18333
Santa Susanna;Barcelona;08261;41.63333;2.71667
Sant Vicenç de Castellet;Barcelona;08262;;
Sant Vicenç dels Horts;Barcelona;08263;41.39317;2.00689
Sant Vicenç de Montalt;Barcelona;08264;;
Sant Vicenç de Torelló;Barcelona;08265;;
Cerdanyola del Vallès;Barcelona;08266;41.49109;2.14079
Sentmenat;Barcelona;08267;41.60862;2.13532
Cercs;Barcelona;08268;;
Seva;Barcelona;08269;41.83831;2.28007
Sitges;Barcelona;08270;41.23506;1.81193
Sobremunt;Barcelona;08271;;
Sora;Barcelona;08272;42.11236;2.16083
Subirats;Barcelona;08273;41.4;1.83333
Súria;Barcelona;08274;41.83333;1.75
Tavèrnoles;Barcelona;08275;;
Tagamanent;Barcelona;08276;41.73747;2.2672
Talamanca;Barcelona;08277;41.7374;1.97791
Taradell;Barcelona;08278;41.87495;2.28662
Terrassa;Barcelona;08279;41.56667;2.01667
Tavertet;Barcelona;08280;41.99572;2.41859
Teià;Barcelona;08281;41.49804;2.32206
Tiana;Barcelona;08282;41.48201;2.26702
Tona;Barcelona;08283;41.84789;2.22808
Tordera;Barcelona;08284;41.69914;2.71888
Torelló;Barcelona;08285;42.04627;2.26679
Torre de Claramunt, La;Barcelona;08286;;
Torrelavit;Barcelona;08287;;
Torrelles de Foix;Barcelona;08288;;
Torrelles de Llobregat;Barcelona;08289;41.35;1.98333
Ullastrell;Barcelona;08290;41.52643;1.95537
Vacarisses;Barcelona;08291;;
Vallbona d'Anoia;Barcelona;08292;;
Vallcebre;Barcelona;08293;42.20347;1.81815
Vallgorguina;Barcelona;08294;41.64822;2.50996
Vallirana;Barcelona;08295;41.38676;1.93205
Vallromanes;Barcelona;08296;41.53333;2.3
Veciana;Barcelona;08297;;
Vic;Barcelona;08298;41.93012;2.25486
Vilada;Barcelona;08299;42.13695;1.93162
Viladecavalls;Barcelona;08300;41.55;1.95
Viladecans;Barcelona;08301;41.31405;2.01427
Vilanova del Camí;Barcelona;08302;41.57165;1.63751
Vilanova de Sau;Barcelona;08303;41.947;2.3844
Vilobí del Penedès;Barcelona;08304;41.38333;1.65
Vilafranca del Penedès;Barcelona;08305;41.35;1.7
Vilalba Sasserra;Barcelona;08306;;
Vilanova i la Geltrú;Barcelona;08307;41.22392;1.72511
Viver i Serrateix;Barcelona;08308;;
Rupit i Pruit;Barcelona;08901;;
Vilanova del Vallès;Barcelona;08902;;
Sant Julià de Cerdanyola;Barcelona;08903;42.2235;1.89308
Badia del Vallès;Barcelona;08904;;
Palma de Cervelló, La;Barcelona;08905;;
Abajas;Burgos;09001;42.6231;-3.58086
Adrada de Haza;Burgos;09003;41.59454;-3.82327
Aguas Cándidas;Burgos;09006;;
Aguilar de Bureba;Burgos;09007;42.58974;-3.32913
Albillos;Burgos;09009;42.2768;-3.78908
Alcocero de Mola;Burgos;09010;42.47222;-3.3579
Alfoz de Bricia;Burgos;09011;;
Alfoz de Santa Gadea;Burgos;09012;;
Altable;Burgos;09013;42.60276;-3.07719
Altos, Los;Burgos;09014;;
Ameyugo;Burgos;09016;42.65617;-3.0617
Anguix;Burgos;09017;41.75331;-3.93125
Aranda de Duero;Burgos;09018;41.67041;-3.6892
Arandilla;Burgos;09019;41.73778;-3.42914
Arauzo de Miel;Burgos;09020;41.85878;-3.38773
Arauzo de Salce;Burgos;09021;41.81919;-3.41191
Arauzo de Torre;Burgos;09022;41.79818;-3.42314
Arcos;Burgos;09023;42.26664;-3.75458
Arenillas de Riopisuerga;Burgos;09024;;
Arija;Burgos;09025;42.9935;-3.94497
Arlanzón;Burgos;09026;42.32267;-3.45784
Arraya de Oca;Burgos;09027;42.41488;-3.39781
Atapuerca;Burgos;09029;42.37757;-3.5079
Ausines, Los;Burgos;09030;;
Avellanosa de Muñó;Burgos;09032;41.98349;-3.82553
Bahabón de Esgueva;Burgos;09033;41.86162;-3.7298
Balbases, Los;Burgos;09034;;
Baños de Valdearados;Burgos;09035;41.7701;-3.55589
Bañuelos de Bureba;Burgos;09036;42.50258;-3.27957
Barbadillo de Herreros;Burgos;09037;42.14974;-3.17702
Barbadillo del Mercado;Burgos;09038;42.03858;-3.35669
Barbadillo del Pez;Burgos;09039;42.11879;-3.22803
Barrio de Muñó;Burgos;09041;42.17584;-4.00715
Barrios de Bureba, Los;Burgos;09043;;
Barrios de Colina;Burgos;09044;42.39595;-3.46001
Basconcillos del Tozo;Burgos;09045;42.70236;-3.98937
Bascuñana;Burgos;09046;42.42548;-3.08231
Belbimbre;Burgos;09047;42.16873;-4.0128
Belorado;Burgos;09048;42.42048;-3.19133
Berberana;Burgos;09050;42.91784;-3.06063
Berlangas de Roa;Burgos;09051;41.68913;-3.87284
Berzosa de Bureba;Burgos;09052;42.62678;-3.26652
Bozoó;Burgos;09054;;
Brazacorta;Burgos;09055;41.71737;-3.36711
Briviesca;Burgos;09056;42.54993;-3.32315
Bugedo;Burgos;09057;42.64912;-3.01786
Buniel;Burgos;09058;42.31197;-3.8223
Burgos;Burgos;09059;42.35022;-3.67527
Busto de Bureba;Burgos;09060;42.6591;-3.26512
Cabañes de Esgueva;Burgos;09061;41.83023;-3.78824
Cabezón de la Sierra;Burgos;09062;41.93434;-3.24153
Cavia;Burgos;09063;;
Caleruega;Burgos;09064;41.82548;-3.48593
Campillo de Aranda;Burgos;09065;41.61015;-3.73017
Campolara;Burgos;09066;42.11953;-3.4274
Canicosa de la Sierra;Burgos;09067;41.93673;-3.04089
Cantabrana;Burgos;09068;42.73422;-3.46704
Carazo;Burgos;09070;41.96832;-3.3531
Carcedo de Bureba;Burgos;09071;42.57818;-3.49831
Carcedo de Burgos;Burgos;09072;42.28696;-3.62274
Cardeñadijo;Burgos;09073;42.30217;-3.66779
Cardeñajimeno;Burgos;09074;42.33038;-3.62103
Cardeñuela Riopico;Burgos;09075;;
Carrias;Burgos;09076;42.48141;-3.28319
Cascajares de Bureba;Burgos;09077;42.67884;-3.23768
Cascajares de la Sierra;Burgos;09078;42.06177;-3.39936
Castellanos de Castro;Burgos;09079;42.32806;-4.03417
Castildelgado;Burgos;09082;42.43756;-3.08389
Castil de Peones;Burgos;09083;42.48347;-3.38461
Castrillo de la Reina;Burgos;09084;41.98714;-3.2356
Castrillo de la Vega;Burgos;09085;41.65166;-3.78089
Castrillo del Val;Burgos;09086;42.31401;-3.58501
Castrillo de Riopisuerga;Burgos;09088;;
Castrillo Mota de Judíos;Burgos;09090;;
Castrojeriz;Burgos;09091;;
Cayuela;Burgos;09093;42.27223;-3.81895
Cebrecos;Burgos;09094;41.98408;-3.59661
Celada del Camino;Burgos;09095;42.26359;-3.93362
Cerezo de Río Tirón;Burgos;09098;42.4914;-3.136
Cerratón de Juarros;Burgos;09100;42.42227;-3.37347
Ciadoncha;Burgos;09101;42.15814;-3.93235
Cillaperlata;Burgos;09102;;
Cilleruelo de Abajo;Burgos;09103;41.88405;-3.79723
Cilleruelo de Arriba;Burgos;09104;41.90487;-3.66102
Ciruelos de Cervera;Burgos;09105;41.90562;-3.53015
Cogollos;Burgos;09108;42.19982;-3.70005
Condado de Treviño;Burgos;09109;;
Contreras;Burgos;09110;42.02004;-3.41084
Coruña del Conde;Burgos;09112;41.76566;-3.39059
Covarrubias;Burgos;09113;42.05927;-3.51956
Cubillo del Campo;Burgos;09114;42.16854;-3.61025
Cubo de Bureba;Burgos;09115;42.64011;-3.20626
Cueva de Roa, La;Burgos;09117;;
Cuevas de San Clemente;Burgos;09119;42.13009;-3.5684
Encío;Burgos;09120;42.67115;-3.0868
Espinosa de Cervera;Burgos;09122;41.89683;-3.46858
Espinosa del Camino;Burgos;09123;42.4059;-3.28019
Espinosa de los Monteros;Burgos;09124;43.07754;-3.55365
Estépar;Burgos;09125;42.27731;-3.89946
Fontioso;Burgos;09127;41.94273;-3.73872
Frandovínez;Burgos;09128;42.31032;-3.83783
Fresneda de la Sierra Tirón;Burgos;09129;42.31535;-3.13596
Fresneña;Burgos;09130;42.41366;-3.13453
Fresnillo de las Dueñas;Burgos;09131;41.647;-3.64558
Fresno de Río Tirón;Burgos;09132;;
Fresno de Rodilla;Burgos;09133;42.42054;-3.48507
Frías;Burgos;09134;42.76225;-3.29394
Fuentebureba;Burgos;09135;42.634;-3.2351
Fuentecén;Burgos;09136;41.62852;-3.86867
Fuentelcésped;Burgos;09137;41.59162;-3.64064
Fuentelisendo;Burgos;09138;41.62274;-3.90129
Fuentemolinos;Burgos;09139;41.60477;-3.85005
Fuentenebro;Burgos;09140;41.52873;-3.75449
Fuentespina;Burgos;09141;41.63079;-3.68475
Galbarros;Burgos;09143;42.52729;-3.43827
Gallega, La;Burgos;09144;;
Grijalba;Burgos;09148;42.43002;-4.11896
Grisaleña;Burgos;09149;42.59122;-3.26416
Gumiel de Izán;Burgos;09151;;
Gumiel de Mercado;Burgos;09152;;
Hacinas;Burgos;09154;41.98514;-3.28709
Haza;Burgos;09155;41.61667;-3.81667
Hontanas;Burgos;09159;42.31312;-4.04529
Hontangas;Burgos;09160;41.58216;-3.7955
Hontoria de la Cantera;Burgos;09162;42.18879;-3.64251
Hontoria del Pinar;Burgos;09163;41.84838;-3.16245
Hontoria de Valdearados;Burgos;09164;41.74488;-3.51983
Hormazas, Las;Burgos;09166;;
Hornillos del Camino;Burgos;09167;42.33863;-3.9256
Horra, La;Burgos;09168;;
Hortigüela;Burgos;09169;42.06842;-3.42578
Hoyales de Roa;Burgos;09170;41.65893;-3.86202
Huérmeces;Burgos;09172;42.5225;-3.77072
Huerta de Arriba;Burgos;09173;42.11672;-3.08211
Huerta de Rey;Burgos;09174;;
Humada;Burgos;09175;42.66667;-4.08333
Hurones;Burgos;09176;42.40571;-3.61588
Ibeas de Juarros;Burgos;09177;42.33088;-3.53519
Ibrillos;Burgos;09178;42.45431;-3.08238
Iglesiarrubia;Burgos;09179;41.97383;-3.84701
Iglesias;Burgos;09180;42.29807;-3.98932
Isar;Burgos;09181;42.3614;-3.9304
Itero del Castillo;Burgos;09182;42.28988;-4.24441
Jaramillo de la Fuente;Burgos;09183;42.11472;-3.31239
Jaramillo Quemado;Burgos;09184;42.08568;-3.35868
Junta de Traslaloma;Burgos;09189;;
Junta de Villalba de Losa;Burgos;09190;;
Jurisdicción de Lara;Burgos;09191;;
Jurisdicción de San Zadornil;Burgos;09192;;
Lerma;Burgos;09194;42.02609;-3.75978
Llano de Bureba;Burgos;09195;42.62435;-3.4589
Madrigal del Monte;Burgos;09196;42.14464;-3.67571
Madrigalejo del Monte;Burgos;09197;42.12442;-3.72509
Mahamud;Burgos;09198;42.11981;-3.9406
Mambrilla de Castrejón;Burgos;09199;41.66634;-3.98448
Mambrillas de Lara;Burgos;09200;42.09446;-3.46195
Mamolar;Burgos;09201;41.92762;-3.36228
Manciles;Burgos;09202;42.45728;-3.94461
Mazuela;Burgos;09206;42.20767;-3.9192
Mecerreyes;Burgos;09208;42.09536;-3.57393
Medina de Pomar;Burgos;09209;42.92938;-3.48804
Melgar de Fernamental;Burgos;09211;42.40445;-4.24484
Merindad de Cuesta-Urria;Burgos;09213;;
Merindad de Montija;Burgos;09214;;
Merindad de Sotoscueva;Burgos;09215;;
Merindad de Valdeporres;Burgos;09216;;
Merindad de Valdivielso;Burgos;09217;;
Milagros;Burgos;09218;41.575;-3.69907
Miranda de Ebro;Burgos;09219;42.6865;-2.94695
Miraveche;Burgos;09220;42.67396;-3.19947
Modúbar de la Emparedada;Burgos;09221;42.26118;-3.65965
Monasterio de la Sierra;Burgos;09223;42.0518;-3.19314
Monasterio de Rodilla;Burgos;09224;42.45775;-3.46965
Moncalvillo;Burgos;09225;41.95413;-3.19886
Monterrubio de la Demanda;Burgos;09226;;
Montorio;Burgos;09227;42.58469;-3.77724
Moradillo de Roa;Burgos;09228;41.55164;-3.79118
Nava de Roa;Burgos;09229;41.61326;-3.96442
Navas de Bureba;Burgos;09230;42.6809;-3.32698
Nebreda;Burgos;09231;41.96881;-3.6343
Neila;Burgos;09232;42.06016;-2.99691
Olmedillo de Roa;Burgos;09235;41.78362;-3.93419
Olmillos de Muñó;Burgos;09236;42.20322;-3.93911
Oña;Burgos;09238;42.734;-3.41459
Oquillas;Burgos;09239;41.83085;-3.70564
Orbaneja Riopico;Burgos;09241;;
Padilla de Abajo;Burgos;09242;42.40774;-4.17652
Padilla de Arriba;Burgos;09243;42.43803;-4.19094
Padrones de Bureba;Burgos;09244;42.70582;-3.53296
Palacios de la Sierra;Burgos;09246;41.96392;-3.12788
Palacios de Riopisuerga;Burgos;09247;;
Palazuelos de la Sierra;Burgos;09248;42.21162;-3.46014
Palazuelos de Muñó;Burgos;09249;42.19692;-3.98984
Pampliega;Burgos;09250;42.20582;-3.98666
Pancorbo;Burgos;09251;42.63418;-3.1118
Pardilla;Burgos;09253;41.55183;-3.71089
Partido de la Sierra en Tobalina;Burgos;09255;;
Pedrosa de Duero;Burgos;09256;41.71289;-3.98804
Pedrosa del Páramo;Burgos;09257;42.44208;-3.9719
Pedrosa del Príncipe;Burgos;09258;42.24918;-4.19849
Pedrosa de Río Úrbel;Burgos;09259;;
Peñaranda de Duero;Burgos;09261;41.68849;-3.47863
Peral de Arlanza;Burgos;09262;42.07612;-4.07733
Piérnigas;Burgos;09265;42.5903;-3.41337
Pineda de la Sierra;Burgos;09266;42.2156;-3.2969
Pineda Trasmonte;Burgos;09267;;
Pinilla de los Barruecos;Burgos;09268;41.91791;-3.30371
Pinilla de los Moros;Burgos;09269;42.06815;-3.32706
Pinilla Trasmonte;Burgos;09270;;
Poza de la Sal;Burgos;09272;42.66542;-3.5014
Prádanos de Bureba;Burgos;09273;42.50264;-3.34752
Pradoluengo;Burgos;09274;42.32484;-3.20284
Presencio;Burgos;09275;42.18656;-3.90135
Puebla de Arganzón, La;Burgos;09276;;
Puentedura;Burgos;09277;42.04134;-3.58227
Quemada;Burgos;09279;41.70073;-3.57476
Quintanabureba;Burgos;09280;42.58665;-3.36685
Quintana del Pidio;Burgos;09281;41.75886;-3.75121
Quintanaélez;Burgos;09283;42.66921;-3.29877
Quintanaortuño;Burgos;09287;42.45;-3.68333
Quintanapalla;Burgos;09288;42.40914;-3.53296
Quintanar de la Sierra;Burgos;09289;41.98288;-3.03765
Quintanavides;Burgos;09292;42.48084;-3.42449
Quintanilla de la Mata;Burgos;09294;41.98855;-3.76756
Quintanilla del Coco;Burgos;09295;41.98333;-3.51667
Quintanillas, Las;Burgos;09297;;
Quintanilla San García;Burgos;09298;;
Quintanilla Vivar;Burgos;09301;;
Rabanera del Pinar;Burgos;09302;41.89375;-3.19665
Rábanos;Burgos;09303;42.31971;-3.27029
Rabé de las Calzadas;Burgos;09304;42.34065;-3.83414
Rebolledo de la Torre;Burgos;09306;42.68931;-4.22693
Redecilla del Camino;Burgos;09307;42.43804;-3.06547
Redecilla del Campo;Burgos;09308;42.46675;-3.11531
Regumiel de la Sierra;Burgos;09309;41.95623;-2.98843
Reinoso;Burgos;09310;42.50915;-3.38466
Retuerta;Burgos;09311;42.02945;-3.50679
Revilla y Ahedo, La;Burgos;09312;;
Revilla del Campo;Burgos;09314;42.21081;-3.54289
Revillarruz;Burgos;09315;42.23006;-3.65246
Revilla Vallejera;Burgos;09316;;
Rezmondo;Burgos;09317;42.51565;-4.23877
Riocavado de la Sierra;Burgos;09318;42.15209;-3.19759
Roa;Burgos;09321;41.69699;-3.92782
Rojas;Burgos;09323;42.57781;-3.44195
Royuela de Río Franco;Burgos;09325;42.00217;-3.95547
Rubena;Burgos;09326;42.38746;-3.57485
Rublacedo de Abajo;Burgos;09327;42.55332;-3.50236
Rucandio;Burgos;09328;42.75111;-3.54166
Salas de Bureba;Burgos;09329;42.6919;-3.47359
Salas de los Infantes;Burgos;09330;42.02242;-3.28631
Saldaña de Burgos;Burgos;09332;42.25838;-3.69707
Salinillas de Bureba;Burgos;09334;42.55243;-3.38753
San Adrián de Juarros;Burgos;09335;42.27427;-3.47551
San Juan del Monte;Burgos;09337;41.68313;-3.52337
San Mamés de Burgos;Burgos;09338;42.33685;-3.79397
San Martín de Rubiales;Burgos;09339;41.64191;-3.99134
San Millán de Lara;Burgos;09340;42.13621;-3.34515
Santa Cecilia;Burgos;09343;42.05225;-3.80345
Santa Cruz de la Salceda;Burgos;09345;41.59591;-3.59317
Santa Cruz del Valle Urbión;Burgos;09346;42.30558;-3.2214
Santa Gadea del Cid;Burgos;09347;42.71531;-3.05885
Santa Inés;Burgos;09348;42.04013;-3.70322
Santa María del Campo;Burgos;09350;42.13304;-3.97283
Santa María del Invierno;Burgos;09351;42.44288;-3.43782
Santa María del Mercadillo;Burgos;09352;;
Santa María Ribarredonda;Burgos;09353;;
Santa Olalla de Bureba;Burgos;09354;42.47721;-3.44109
Santibáñez de Esgueva;Burgos;09355;;
Santibáñez del Val;Burgos;09356;41.97354;-3.48142
Santo Domingo de Silos;Burgos;09358;41.964;-3.4174
San Vicente del Valle;Burgos;09360;42.33756;-3.1621
Sargentes de la Lora;Burgos;09361;42.76917;-3.87278
Sarracín;Burgos;09362;42.25813;-3.68608
Sasamón;Burgos;09363;42.41687;-4.04288
Sequera de Haza, La;Burgos;09365;;
Solarana;Burgos;09366;41.97168;-3.65876
Sordillos;Burgos;09368;42.46197;-4.10726
Sotillo de la Ribera;Burgos;09369;41.77717;-3.82525
Sotragero;Burgos;09372;42.40996;-3.71312
Sotresgudo;Burgos;09373;42.57935;-4.17725
Susinos del Páramo;Burgos;09374;42.47108;-3.92555
Tamarón;Burgos;09375;42.27386;-3.99154
Tardajos;Burgos;09377;42.34909;-3.817
Tejada;Burgos;09378;41.95249;-3.53514
Terradillos de Esgueva;Burgos;09380;41.81885;-3.84318
Tinieblas de la Sierra;Burgos;09381;;
Tobar;Burgos;09382;42.48384;-3.93984
Tordómar;Burgos;09384;42.0463;-3.86514
Torrecilla del Monte;Burgos;09386;42.0949;-3.69356
Torregalindo;Burgos;09387;41.58299;-3.75222
Torrelara;Burgos;09388;42.16673;-3.51689
Torrepadre;Burgos;09389;;
Torresandino;Burgos;09390;41.8292;-3.90981
Tórtoles de Esgueva;Burgos;09391;;
Tosantos;Burgos;09392;42.41368;-3.24286
Trespaderne;Burgos;09394;42.80221;-3.38989
Tubilla del Agua;Burgos;09395;42.70932;-3.80116
Tubilla del Lago;Burgos;09396;41.80154;-3.58625
Úrbel del Castillo;Burgos;09398;;
Vadocondes;Burgos;09400;41.63925;-3.57378
Valdeande;Burgos;09403;41.83302;-3.52792
Valdezate;Burgos;09405;41.60231;-3.93045
Valdorros;Burgos;09406;42.17232;-3.70938
Valmala;Burgos;09407;42.3059;-3.25456
Vallarta de Bureba;Burgos;09408;42.58864;-3.20457
Valle de Manzanedo;Burgos;09409;;
Valle de Mena;Burgos;09410;;
Valle de Oca;Burgos;09411;;
Valle de Tobalina;Burgos;09412;;
Valle de Valdebezana;Burgos;09413;;
Valle de Valdelaguna;Burgos;09414;;
Valle de Valdelucio;Burgos;09415;;
Valle de Zamanzas;Burgos;09416;;
Vallejera;Burgos;09417;;
Valles de Palenzuela;Burgos;09418;42.12019;-4.0775
Valluércanes;Burgos;09419;42.5722;-3.12113
Vid y Barrios, La;Burgos;09421;;
Vid de Bureba, La;Burgos;09422;;
Vileña;Burgos;09423;42.62227;-3.32293
Viloria de Rioja;Burgos;09424;42.42608;-3.10056
Vilviestre del Pinar;Burgos;09425;41.95033;-3.07803
Villadiego;Burgos;09427;42.51589;-4.00958
Villaescusa de Roa;Burgos;09428;41.72727;-4.0172
Villaescusa la Sombría;Burgos;09429;42.41518;-3.4184
Villaespasa;Burgos;09430;42.09991;-3.40436
Villafranca Montes de Oca;Burgos;09431;;
Villafruela;Burgos;09432;41.91647;-3.91371
Villagalijo;Burgos;09433;42.34872;-3.19203
Villagonzalo Pedernales;Burgos;09434;42.30145;-3.73539
Villahoz;Burgos;09437;42.07587;-3.9129
Villalba de Duero;Burgos;09438;41.68243;-3.74443
Villalbilla de Burgos;Burgos;09439;42.34757;-3.78101
Villalbilla de Gumiel;Burgos;09440;41.80621;-3.62584
Villaldemiro;Burgos;09441;42.24719;-3.98534
Villalmanzo;Burgos;09442;42.0484;-3.74195
Villamayor de los Montes;Burgos;09443;42.10565;-3.76542
Villamayor de Treviño;Burgos;09444;42.46048;-4.11923
Villambistia;Burgos;09445;;
Villamedianilla;Burgos;09446;42.1607;-4.14592
Villamiel de la Sierra;Burgos;09447;42.19124;-3.41771
Villangómez;Burgos;09448;42.17961;-3.77419
Villanueva de Argaño;Burgos;09449;42.38045;-3.93353
Villanueva de Carazo;Burgos;09450;41.98275;-3.32428
Villanueva de Gumiel;Burgos;09451;41.73778;-3.62658
Villanueva de Teba;Burgos;09454;42.6489;-3.16313
Villaquirán de la Puebla;Burgos;09455;42.28287;-4.10037
Villaquirán de los Infantes;Burgos;09456;42.22744;-4.00864
Villariezo;Burgos;09458;42.26965;-3.73272
Villasandino;Burgos;09460;42.37072;-4.10975
Villasur de Herreros;Burgos;09463;;
Villatuelda;Burgos;09464;41.81499;-3.88054
Villaverde del Monte;Burgos;09466;42.16075;-3.81421
Villaverde-Mogina;Burgos;09467;42.16041;-4.05024
Villayerno Morquillas;Burgos;09471;;
Villazopeque;Burgos;09472;42.19845;-4.01688
Villegas;Burgos;09473;42.46866;-4.01759
Villoruebo;Burgos;09476;42.16874;-3.44159
Vizcaínos;Burgos;09478;42.10359;-3.26698
Zael;Burgos;09480;42.10587;-3.82623
Zarzosa de Río Pisuerga;Burgos;09482;;
Zazuar;Burgos;09483;41.69528;-3.55451
Zuñeda;Burgos;09485;42.60501;-3.22632
Quintanilla del Agua y Tordueles;Burgos;09901;;
Valle de Santibáñez;Burgos;09902;;
Villarcayo de Merindad de Castilla la Vieja;Burgos;09903;;
Valle de las Navas;Burgos;09904;;
Valle de Sedano;Burgos;09905;;
Merindad de Río Ubierna;Burgos;09906;;
Alfoz de Quintanadueñas;Burgos;09907;;
Valle de Losa;Burgos;09908;;
Abadía;Cáceres;10001;40.25922;-5.97828
Abertura;Cáceres;10002;39.24352;-5.81394
Acebo;Cáceres;10003;40.20105;-6.71689
Acehúche;Cáceres;10004;;
Aceituna;Cáceres;10005;40.15008;-6.33292
Ahigal;Cáceres;10006;40.18954;-6.18815
Albalá;Cáceres;10007;39.25592;-6.18528
Alcántara;Cáceres;10008;39.71895;-6.88375
Alcollarín;Cáceres;10009;39.2447;-5.73924
Alcuéscar;Cáceres;10010;39.18091;-6.22917
Aldeacentenera;Cáceres;10011;39.52725;-5.62936
Aldea del Cano;Cáceres;10012;39.28874;-6.31806
Aldea del Obispo, La;Cáceres;10013;;
Aldeanueva de la Vera;Cáceres;10014;40.1271;-5.7015
Aldeanueva del Camino;Cáceres;10015;40.2598;-5.92886
Aldehuela del Jerte;Cáceres;10016;;
Alía;Cáceres;10017;39.44803;-5.21754
Aliseda;Cáceres;10018;39.42329;-6.69228
Almaraz;Cáceres;10019;39.81416;-5.67698
Almoharín;Cáceres;10020;39.17685;-6.04283
Arroyo de la Luz;Cáceres;10021;39.48511;-6.58401
Arroyomolinos de la Vera;Cáceres;10022;40.05277;-5.85111
Arroyomolinos;Cáceres;10023;;
Baños de Montemayor;Cáceres;10024;40.31671;-5.86009
Barrado;Cáceres;10025;40.08477;-5.88068
Belvís de Monroy;Cáceres;10026;;
Benquerencia;Cáceres;10027;39.30994;-6.08465
Berrocalejo;Cáceres;10028;39.81948;-5.34951
Berzocana;Cáceres;10029;;
Bohonal de Ibor;Cáceres;10030;39.78457;-5.485
Botija;Cáceres;10031;39.34498;-6.07318
Brozas;Cáceres;10032;39.61278;-6.7777
Cabañas del Castillo;Cáceres;10033;39.54804;-5.51203
Cabezabellosa;Cáceres;10034;40.13763;-6.00086
Cabezuela del Valle;Cáceres;10035;40.19364;-5.8065
Cabrero;Cáceres;10036;40.11324;-5.89293
Cáceres;Cáceres;10037;39.47649;-6.37224
Cachorrilla;Cáceres;10038;39.91557;-6.66909
Cadalso;Cáceres;10039;40.23743;-6.54083
Calzadilla;Cáceres;10040;40.06014;-6.53328
Caminomorisco;Cáceres;10041;40.32719;-6.28923
Campillo de Deleitosa;Cáceres;10042;39.70297;-5.57436
Campo Lugar;Cáceres;10043;;
Cañamero;Cáceres;10044;39.37995;-5.38857
Cañaveral;Cáceres;10045;39.79198;-6.3913
Carbajo;Cáceres;10046;39.60333;-7.19565
Carcaboso;Cáceres;10047;40.04968;-6.21375
Carrascalejo;Cáceres;10048;39.63333;-5.21667
Casar de Cáceres;Cáceres;10049;39.56106;-6.41944
Casar de Palomero;Cáceres;10050;40.29483;-6.25698
Casares de las Hurdes;Cáceres;10051;40.43333;-6.28333
Casas de Don Antonio;Cáceres;10052;39.23578;-6.29143
Casas de Don Gómez;Cáceres;10053;40.00932;-6.60073
Casas del Castañar;Cáceres;10054;40.10785;-5.90509
Casas del Monte;Cáceres;10055;40.2032;-5.96152
Casas de Millán;Cáceres;10056;39.81757;-6.32966
Casas de Miravete;Cáceres;10057;39.72687;-5.74363
Casatejada;Cáceres;10058;39.88642;-5.68193
Casillas de Coria;Cáceres;10059;39.96543;-6.63711
Castañar de Ibor;Cáceres;10060;39.62843;-5.41709
Ceclavín;Cáceres;10061;39.82231;-6.77329
Cedillo;Cáceres;10062;39.65099;-7.49817
Cerezo;Cáceres;10063;40.23678;-6.22764
Cilleros;Cáceres;10064;40.11486;-6.79256
Collado de la Vera;Cáceres;10065;;
Conquista de la Sierra;Cáceres;10066;39.3507;-5.73464
Coria;Cáceres;10067;39.98788;-6.53772
Cuacos de Yuste;Cáceres;10068;;
Cumbre, La;Cáceres;10069;39.4046;-5.97635
Deleitosa;Cáceres;10070;39.64359;-5.64576
Descargamaría;Cáceres;10071;40.30446;-6.48666
Eljas;Cáceres;10072;40.21648;-6.84616
Escurial;Cáceres;10073;39.16857;-5.88465
Fresnedoso de Ibor;Cáceres;10075;39.68418;-5.50899
Galisteo;Cáceres;10076;39.97642;-6.26782
Garciaz;Cáceres;10077;;
Garganta, La;Cáceres;10078;;
Garganta la Olla;Cáceres;10079;40.11049;-5.77665
Gargantilla;Cáceres;10080;40.24835;-5.92068
Gargüera;Cáceres;10081;40.0613;-5.92781
Garrovillas de Alconétar;Cáceres;10082;;
Garvín;Cáceres;10083;39.71984;-5.34678
Gata;Cáceres;10084;40.23758;-6.59684
Gordo, El;Cáceres;10085;;
Granja, La;Cáceres;10086;;
Guadalupe;Cáceres;10087;39.4508;-5.32588
Guijo de Coria;Cáceres;10088;40.10098;-6.46383
Guijo de Galisteo;Cáceres;10089;40.09383;-6.41007
Guijo de Granadilla;Cáceres;10090;40.19351;-6.16339
Guijo de Santa Bárbara;Cáceres;10091;40.1541;-5.65414
Herguijuela;Cáceres;10092;39.37452;-5.76001
Hernán-Pérez;Cáceres;10093;40.21246;-6.46479
Herrera de Alcántara;Cáceres;10094;39.63865;-7.40619
Herreruela;Cáceres;10095;;
Hervás;Cáceres;10096;40.27081;-5.86721
Higuera de Albalat;Cáceres;10097;;
Hinojal;Cáceres;10098;39.709;-6.35567
Holguera;Cáceres;10099;39.89916;-6.34999
Hoyos;Cáceres;10100;40.17154;-6.72092
Huélaga;Cáceres;10101;40.05582;-6.61568
Ibahernando;Cáceres;10102;39.32538;-5.91833
Jaraicejo;Cáceres;10103;39.66624;-5.81308
Jaraíz de la Vera;Cáceres;10104;40.06005;-5.75426
Jarandilla de la Vera;Cáceres;10105;40.12915;-5.66079
Jarilla;Cáceres;10106;40.17156;-6.00281
Jerte;Cáceres;10107;40.22271;-5.75011
Ladrillar;Cáceres;10108;40.46576;-6.22427
Logrosán;Cáceres;10109;39.33641;-5.49281
Losar de la Vera;Cáceres;10110;40.12158;-5.60454
Madrigal de la Vera;Cáceres;10111;40.1476;-5.36818
Madrigalejo;Cáceres;10112;39.13858;-5.6274
Madroñera;Cáceres;10113;39.42526;-5.75568
Majadas;Cáceres;10114;39.94291;-5.74589
Malpartida de Cáceres;Cáceres;10115;39.44664;-6.5076
Malpartida de Plasencia;Cáceres;10116;39.97962;-6.04609
Marchagaz;Cáceres;10117;40.26769;-6.27485
Mata de Alcántara;Cáceres;10118;39.71738;-6.81825
Membrío;Cáceres;10119;;
Mesas de Ibor;Cáceres;10120;39.75587;-5.54637
Miajadas;Cáceres;10121;39.15127;-5.90841
Millanes;Cáceres;10122;39.84917;-5.58079
Mirabel;Cáceres;10123;39.8623;-6.23274
Mohedas de Granadilla;Cáceres;10124;;
Monroy;Cáceres;10125;;
Montánchez;Cáceres;10126;39.22548;-6.14914
Montehermoso;Cáceres;10127;40.08796;-6.34984
Moraleja;Cáceres;10128;40.06682;-6.65983
Morcillo;Cáceres;10129;40.01884;-6.39746
Navaconcejo;Cáceres;10130;40.17712;-5.83108
Navalmoral de la Mata;Cáceres;10131;39.89158;-5.54064
Navalvillar de Ibor;Cáceres;10132;39.58389;-5.41328
Navas del Madroño;Cáceres;10133;39.6229;-6.6526
Navezuelas;Cáceres;10134;39.50918;-5.43766
Nuñomoral;Cáceres;10135;40.40692;-6.24636
Oliva de Plasencia;Cáceres;10136;40.11227;-6.08648
Palomero;Cáceres;10137;40.24688;-6.27706
Pasarón de la Vera;Cáceres;10138;;
Pedroso de Acim;Cáceres;10139;39.82522;-6.41251
Peraleda de la Mata;Cáceres;10140;39.85288;-5.46065
Peraleda de San Román;Cáceres;10141;39.7413;-5.38726
Perales del Puerto;Cáceres;10142;40.15596;-6.68192
Pescueza;Cáceres;10143;39.91807;-6.64589
Pesga, La;Cáceres;10144;40.3263;-6.17603
Piedras Albas;Cáceres;10145;39.78417;-6.92588
Pinofranqueado;Cáceres;10146;40.30351;-6.33181
Piornal;Cáceres;10147;40.11731;-5.84787
Plasencia;Cáceres;10148;40.03116;-6.08845
Plasenzuela;Cáceres;10149;39.38194;-6.04786
Portaje;Cáceres;10150;39.91757;-6.56218
Portezuelo;Cáceres;10151;39.81233;-6.47433
Pozuelo de Zarzón;Cáceres;10152;40.14805;-6.41458
Puerto de Santa Cruz;Cáceres;10153;39.31631;-5.85875
Rebollar;Cáceres;10154;;
Riolobos;Cáceres;10155;39.92074;-6.30397
Robledillo de Gata;Cáceres;10156;40.32234;-6.47129
Robledillo de la Vera;Cáceres;10157;40.10093;-5.58896
Robledillo de Trujillo;Cáceres;10158;39.26956;-5.98001
Robledollano;Cáceres;10159;39.60962;-5.50855
Romangordo;Cáceres;10160;39.74199;-5.70081
Ruanes;Cáceres;10161;39.32814;-6.01347
Salorino;Cáceres;10162;39.48018;-7.00758
Salvatierra de Santiago;Cáceres;10163;39.30363;-6.03206
San Martín de Trevejo;Cáceres;10164;40.21241;-6.79535
Santa Ana;Cáceres;10165;39.30823;-5.99027
Santa Cruz de la Sierra;Cáceres;10166;39.33635;-5.84561
Santa Cruz de Paniagua;Cáceres;10167;40.19167;-6.34003
Santa Marta de Magasca;Cáceres;10168;39.5115;-6.09881
Santiago de Alcántara;Cáceres;10169;39.60661;-7.24402
Santiago del Campo;Cáceres;10170;39.6284;-6.36362
Santibáñez el Alto;Cáceres;10171;40.18525;-6.54782
Santibáñez el Bajo;Cáceres;10172;40.17637;-6.22441
Saucedilla;Cáceres;10173;39.85284;-5.67781
Segura de Toro;Cáceres;10174;40.22427;-5.94836
Serradilla;Cáceres;10175;39.8292;-6.14034
Serrejón;Cáceres;10176;39.81735;-5.80263
Sierra de Fuentes;Cáceres;10177;39.43997;-6.27242
Talaván;Cáceres;10178;39.71715;-6.28146
Talaveruela de la Vera;Cáceres;10179;;
Talayuela;Cáceres;10180;39.98701;-5.60982
Tejeda de Tiétar;Cáceres;10181;40.0179;-5.86953
Toril;Cáceres;10182;39.89749;-5.7795
Tornavacas;Cáceres;10183;40.25498;-5.68876
Torno, El;Cáceres;10184;;
Torrecilla de los Ángeles;Cáceres;10185;40.24788;-6.41606
Torrecillas de la Tiesa;Cáceres;10186;39.56837;-5.74238
Torre de Don Miguel;Cáceres;10187;40.22333;-6.57686
Torre de Santa María;Cáceres;10188;39.25441;-6.1161
Torrejoncillo;Cáceres;10189;39.89675;-6.46712
Torrejón el Rubio;Cáceres;10190;39.77068;-6.0126
Torremenga;Cáceres;10191;40.04658;-5.77471
Torremocha;Cáceres;10192;39.34565;-6.17335
Torreorgaz;Cáceres;10193;39.3831;-6.24941
Torrequemada;Cáceres;10194;39.36664;-6.22052
Trujillo;Cáceres;10195;39.45786;-5.88203
Valdastillas;Cáceres;10196;40.13293;-5.87932
Valdecañas de Tajo;Cáceres;10197;39.75919;-5.61951
Valdefuentes;Cáceres;10198;39.27433;-6.12183
Valdehúncar;Cáceres;10199;39.83659;-5.52307
Valdelacasa de Tajo;Cáceres;10200;39.72588;-5.28296
Valdemorales;Cáceres;10201;39.20588;-6.06622
Valdeobispo;Cáceres;10202;40.08297;-6.24757
Valencia de Alcántara;Cáceres;10203;39.41148;-7.24435
Valverde de la Vera;Cáceres;10204;40.12268;-5.49541
Valverde del Fresno;Cáceres;10205;40.2221;-6.87848
Viandar de la Vera;Cáceres;10206;40.12191;-5.53593
Villa del Campo;Cáceres;10207;40.14223;-6.42679
Villa del Rey;Cáceres;10208;39.65955;-6.82122
Villamesías;Cáceres;10209;39.24568;-5.87307
Villamiel;Cáceres;10210;40.18635;-6.78425
Villanueva de la Sierra;Cáceres;10211;40.20163;-6.40611
Villanueva de la Vera;Cáceres;10212;40.12998;-5.4625
Villar del Pedroso;Cáceres;10213;39.70631;-5.19583
Villar de Plasencia;Cáceres;10214;40.13773;-6.0279
Villasbuenas de Gata;Cáceres;10215;40.17879;-6.62641
Zarza de Granadilla;Cáceres;10216;40.23723;-6.0485
Zarza de Montánchez;Cáceres;10217;39.25756;-6.03248
Zarza la Mayor;Cáceres;10218;39.87692;-6.86211
Zorita;Cáceres;10219;39.28522;-5.69973
Rosalejo;Cáceres;10901;39.4366;-4.90821
Vegaviana;Cáceres;10902;;
Alagón del Río;Cáceres;10903;;
Tiétar;Cáceres;10904;;
Pueblonuevo de Miramontes;Cáceres;10905;;
Alcalá de los Gazules;Cádiz;11001;36.46212;-5.72382
Alcalá del Valle;Cádiz;11002;36.90448;-5.1724
Algar;Cádiz;11003;36.65748;-5.65558
Algeciras;Cádiz;11004;36.13326;-5.45051
Algodonales;Cádiz;11005;36.88044;-5.40536
Arcos de la Frontera;Cádiz;11006;36.75075;-5.81056
Barbate;Cádiz;11007;;
Barrios, Los;Cádiz;11008;36.18482;-5.49213
Benaocaz;Cádiz;11009;36.70069;-5.42222
Bornos;Cádiz;11010;36.81677;-5.74448
Bosque, El;Cádiz;11011;36.75828;-5.50535
Cádiz;Cádiz;11012;36.52978;-6.29465
Castellar de la Frontera;Cádiz;11013;36.31736;-5.45407
Conil de la Frontera;Cádiz;11014;36.27719;-6.0885
Chiclana de la Frontera;Cádiz;11015;36.41915;-6.14941
Chipiona;Cádiz;11016;36.73663;-6.43703
Espera;Cádiz;11017;36.87446;-5.806
Gastor, El;Cádiz;11018;36.85478;-5.32334
Grazalema;Cádiz;11019;36.76018;-5.36839
Jerez de la Frontera;Cádiz;11020;36.68645;-6.13606
Jimena de la Frontera;Cádiz;11021;36.43517;-5.45387
Línea de la Concepción, La;Cádiz;11022;36.16809;-5.34777
Medina Sidonia;Cádiz;11023;36.45695;-5.92717
Olvera;Cádiz;11024;36.93418;-5.26678
Paterna de Rivera;Cádiz;11025;36.52246;-5.86578
Prado del Rey;Cádiz;11026;36.78756;-5.55589
Puerto de Santa María, El;Cádiz;11027;36.59389;-6.23298
Puerto Real;Cádiz;11028;36.52819;-6.19011
Puerto Serrano;Cádiz;11029;36.92209;-5.54304
Rota;Cádiz;11030;36.62545;-6.3622
San Fernando;Cádiz;11031;36.4759;-6.19817
Sanlúcar de Barrameda;Cádiz;11032;36.77808;-6.3515
San Roque;Cádiz;11033;36.21067;-5.38415
Setenil de las Bodegas;Cádiz;11034;;
Tarifa;Cádiz;11035;36.01393;-5.60695
Torre Alháquime;Cádiz;11036;36.91588;-5.23381
Trebujena;Cádiz;11037;36.87075;-6.17586
Ubrique;Cádiz;11038;36.67777;-5.446
Vejer de la Frontera;Cádiz;11039;36.24456;-5.96953
Villaluenga del Rosario;Cádiz;11040;36.69644;-5.38601
Villamartín;Cádiz;11041;36.85979;-5.64485
Zahara;Cádiz;11042;36.84055;-5.39128
Benalup-Casas Viejas;Cádiz;11901;36.34375;-5.8128
San José del Valle;Cádiz;11902;36.60554;-5.79895
San Martín del Tesorillo;Cádiz;11903;;
Atzeneta del Maestrat;Castellón;12001;;
Aín;Castellón;12002;;
Albocàsser;Castellón;12003;40.35;0.03333
Alcalà de Xivert;Castellón;12004;40.3;0.23333
Alcora, l';Castellón;12005;40.06667;-0.2
Alcudia de Veo;Castellón;12006;39.91667;-0.35
Alfondeguilla;Castellón;12007;39.83333;-0.26667
Algimia de Almonacid;Castellón;12008;39.91667;-0.43333
Almassora;Castellón;12009;39.95;-0.05
Almedíjar;Castellón;12010;39.86667;-0.4
Almenara;Castellón;12011;39.75;-0.21667
Altura;Castellón;12012;39.85;-0.51667
Arañuel;Castellón;12013;40.06667;-0.48333
Ares del Maestrat;Castellón;12014;;
Argelita;Castellón;12015;40.05;-0.35
Artana;Castellón;12016;39.89104;-0.25758
Ayódar;Castellón;12017;40;-0.36667
Azuébar;Castellón;12018;39.83333;-0.36667
Barracas;Castellón;12020;40.01667;-0.68333
Betxí;Castellón;12021;39.93333;-0.2
Bejís;Castellón;12022;;
Benafer;Castellón;12024;;
Benafigos;Castellón;12025;40.27641;-0.20772
Benassal;Castellón;12026;;
Benicarló;Castellón;12027;40.4165;0.42709
Benicàssim/Benicasim;Castellón;12028;;
Benlloc;Castellón;12029;;
Borriol;Castellón;12031;40.04249;-0.07025
Borriana/Burriana;Castellón;12032;;
Cabanes;Castellón;12033;40.156;0.04325
Càlig;Castellón;12034;40.46262;0.35521
Canet lo Roig;Castellón;12036;40.55142;0.24308
Castell de Cabres;Castellón;12037;40.66058;0.04217
Castellfort;Castellón;12038;40.50208;-0.19133
Castellnovo;Castellón;12039;39.86667;-0.45
Castelló de la Plana/Castellón de la Plana;Castellón;12040;;
Castillo de Villamalefa;Castellón;12041;40.13333;-0.38333
Catí;Castellón;12042;40.47156;0.02275
Caudiel;Castellón;12043;;
Cervera del Maestre;Castellón;12044;40.45366;0.27659
Cinctorres;Castellón;12045;40.58333;-0.21667
Cirat;Castellón;12046;40.05;-0.45
Cortes de Arenoso;Castellón;12048;40.18812;-0.54195
Costur;Castellón;12049;40.11971;-0.17385
Coves de Vinromà, les;Castellón;12050;;
Culla;Castellón;12051;40.3365;-0.16569
Xert;Castellón;12052;;
Chilches/Xilxes;Castellón;12053;;
Xodos/Chodos;Castellón;12055;;
Chóvar;Castellón;12056;39.85;-0.31667
Eslida;Castellón;12057;39.88333;-0.3
Espadilla;Castellón;12058;40.03333;-0.35
Fanzara;Castellón;12059;40.01667;-0.31667
Figueroles;Castellón;12060;40.11667;-0.23333
Forcall;Castellón;12061;40.64542;-0.19992
Fuente la Reina;Castellón;12063;40.06667;-0.6
Fuentes de Ayódar;Castellón;12064;40.03333;-0.41667
Gaibiel;Castellón;12065;39.93333;-0.48333
Geldo;Castellón;12067;39.83333;-0.46667
Herbers;Castellón;12068;;
Higueras;Castellón;12069;39.98333;-0.5
Jana, la;Castellón;12070;;
Jérica;Castellón;12071;39.91667;-0.56667
Llucena/Lucena del Cid;Castellón;12072;;
Ludiente;Castellón;12073;40.08333;-0.36667
Llosa, la;Castellón;12074;;
Mata de Morella, la;Castellón;12075;;
Matet;Castellón;12076;39.93333;-0.46667
Moncofa;Castellón;12077;;
Montán;Castellón;12078;40.03333;-0.55
Montanejos;Castellón;12079;40.06667;-0.51667
Morella;Castellón;12080;40.61966;-0.09892
Navajas;Castellón;12081;39.88333;-0.5
Nules;Castellón;12082;39.85362;-0.15643
Olocau del Rey;Castellón;12083;40.63775;-0.34041
Onda;Castellón;12084;39.96667;-0.25
Orpesa/Oropesa del Mar;Castellón;12085;40.1;0.15
Palanques;Castellón;12087;40.718;-0.17941
Pavías;Castellón;12088;39.96667;-0.48333
Peníscola/Peñíscola;Castellón;12089;;
Pina de Montalgrao;Castellón;12090;40.01667;-0.65
Portell de Morella;Castellón;12091;40.53267;-0.26249
Puebla de Arenoso;Castellón;12092;40.1;-0.58333
Pobla de Benifassà, la;Castellón;12093;;
Pobla Tornesa, la;Castellón;12094;;
Ribesalbes;Castellón;12095;40.01667;-0.26667
Rossell;Castellón;12096;;
Sacañet;Castellón;12097;39.86667;-0.71667
Salzadella, la;Castellón;12098;;
Sant Jordi/San Jorge;Castellón;12099;;
Sant Mateu;Castellón;12100;;
San Rafael del Río;Castellón;12101;;
Santa Magdalena de Pulpis;Castellón;12102;40.35625;0.30258
Serratella, la;Castellón;12103;;
Segorbe;Castellón;12104;39.85;-0.48333
Sierra Engarcerán;Castellón;12105;40.26929;-0.01892
Soneja;Castellón;12106;39.81667;-0.41667
Sot de Ferrer;Castellón;12107;39.8;-0.4
Suera/Sueras;Castellón;12108;;
Tales;Castellón;12109;39.94844;-0.30719
Teresa;Castellón;12110;;
Tírig;Castellón;12111;;
Todolella;Castellón;12112;40.64675;-0.24675
Toga;Castellón;12113;40.05;-0.36667
Torás;Castellón;12114;39.91667;-0.68333
Toro, El;Castellón;12115;;
Torralba del Pinar;Castellón;12116;39.98333;-0.43333
Torreblanca;Castellón;12117;40.22033;0.1965
Torrechiva;Castellón;12118;40.05;-0.4
Torre d'en Besora, la;Castellón;12119;;
Torre d'en Doménec, la;Castellón;12120;;
Traiguera;Castellón;12121;40.52511;0.29023
Useres, les/Useras;Castellón;12122;;
Vallat;Castellón;12123;;
Vall d'Alba;Castellón;12124;;
Vall de Almonacid;Castellón;12125;39.9;-0.45
Vall d'Uixó, la;Castellón;12126;;
Vallibona;Castellón;12127;40.603;0.04642
Vilafamés;Castellón;12128;;
Vilafranca/Villafranca del Cid;Castellón;12129;;
Villahermosa del Río;Castellón;12130;40.20268;-0.4199
Villamalur;Castellón;12131;39.96667;-0.4
Vilanova d'Alcolea;Castellón;12132;;
Villanueva de Viver;Castellón;12133;40.05;-0.65
Vilar de Canes;Castellón;12134;;
Vila-real;Castellón;12135;39.93333;-0.1
Vilavella, la;Castellón;12136;;
Villores;Castellón;12137;40.67478;-0.20023
Vinaròs;Castellón;12138;40.47033;0.47559
Vistabella del Maestrat;Castellón;12139;;
Viver;Castellón;12140;39.91667;-0.6
Zorita del Maestrazgo;Castellón;12141;40.72817;-0.16667
Zucaina;Castellón;12142;40.11667;-0.41667
Alqueries, les/Alquerías del Niño Perdido;Castellón;12901;;
Sant Joan de Moró;Castellón;12902;;
Abenójar;Ciudad Real;13001;38.88032;-4.35702
Agudo;Ciudad Real;13002;38.98183;-4.87133
Alamillo;Ciudad Real;13003;38.67842;-4.79008
Albaladejo;Ciudad Real;13004;38.61887;-2.80784
Alcázar de San Juan;Ciudad Real;13005;39.39011;-3.20827
Alcoba;Ciudad Real;13006;39.25988;-4.47715
Alcolea de Calatrava;Ciudad Real;13007;38.9868;-4.11597
Alcubillas;Ciudad Real;13008;38.75312;-3.13407
Aldea del Rey;Ciudad Real;13009;38.7383;-3.84017
Alhambra;Ciudad Real;13010;38.89925;-3.05333
Almadén;Ciudad Real;13011;38.77541;-4.83156
Almadenejos;Ciudad Real;13012;;
Almagro;Ciudad Real;13013;38.88941;-3.71131
Almedina;Ciudad Real;13014;38.62453;-2.95382
Almodóvar del Campo;Ciudad Real;13015;38.70936;-4.17908
Almuradiel;Ciudad Real;13016;;
Anchuras;Ciudad Real;13017;39.48059;-4.83381
Arenas de San Juan;Ciudad Real;13018;39.21861;-3.50211
Argamasilla de Alba;Ciudad Real;13019;39.12917;-3.09247
Argamasilla de Calatrava;Ciudad Real;13020;38.72985;-4.07627
Arroba de los Montes;Ciudad Real;13021;;
Ballesteros de Calatrava;Ciudad Real;13022;38.8346;-3.9447
Bolaños de Calatrava;Ciudad Real;13023;38.9069;-3.66345
Brazatortas;Ciudad Real;13024;38.65869;-4.29368
Cabezarados;Ciudad Real;13025;38.84469;-4.2983
Cabezarrubias del Puerto;Ciudad Real;13026;;
Calzada de Calatrava;Ciudad Real;13027;;
Campo de Criptana;Ciudad Real;13028;39.40463;-3.12492
Cañada de Calatrava;Ciudad Real;13029;38.85429;-4.02103
Caracuel de Calatrava;Ciudad Real;13030;;
Carrión de Calatrava;Ciudad Real;13031;39.01897;-3.81683
Carrizosa;Ciudad Real;13032;38.84204;-2.9925
Castellar de Santiago;Ciudad Real;13033;38.53928;-3.27573
Ciudad Real;Ciudad Real;13034;38.98626;-3.92907
Corral de Calatrava;Ciudad Real;13035;38.85793;-4.0814
Cortijos, Los;Ciudad Real;13036;;
Cózar;Ciudad Real;13037;38.66219;-3.07205
Chillón;Ciudad Real;13038;38.79595;-4.86628
Daimiel;Ciudad Real;13039;39.07004;-3.61498
Fernán Caballero;Ciudad Real;13040;;
Fontanarejo;Ciudad Real;13041;39.22014;-4.51753
Fuencaliente;Ciudad Real;13042;39.18624;-4.02576
Fuenllana;Ciudad Real;13043;38.7559;-2.95814
Fuente el Fresno;Ciudad Real;13044;39.22839;-3.77487
Granátula de Calatrava;Ciudad Real;13045;;
Guadalmez;Ciudad Real;13046;38.72665;-4.97104
Herencia;Ciudad Real;13047;39.36616;-3.35735
Hinojosas de Calatrava;Ciudad Real;13048;38.61446;-4.13979
Horcajo de los Montes;Ciudad Real;13049;;
Labores, Las;Ciudad Real;13050;;
Luciana;Ciudad Real;13051;;
Malagón;Ciudad Real;13052;39.16668;-3.85419
Manzanares;Ciudad Real;13053;38.99915;-3.36991
Membrilla;Ciudad Real;13054;38.97198;-3.3433
Mestanza;Ciudad Real;13055;38.57616;-4.07096
Miguelturra;Ciudad Real;13056;38.96442;-3.89047
Montiel;Ciudad Real;13057;38.69802;-2.86441
Moral de Calatrava;Ciudad Real;13058;38.82989;-3.57813
Navalpino;Ciudad Real;13059;39.22573;-4.59133
Navas de Estena;Ciudad Real;13060;39.49481;-4.52155
Pedro Muñoz;Ciudad Real;13061;39.40285;-2.94664
Picón;Ciudad Real;13062;39.05074;-4.06084
Piedrabuena;Ciudad Real;13063;39.03536;-4.17512
Poblete;Ciudad Real;13064;38.9355;-3.98137
Porzuna;Ciudad Real;13065;39.14618;-4.15407
Pozuelo de Calatrava;Ciudad Real;13066;38.58333;-3.83333
Pozuelos de Calatrava, Los;Ciudad Real;13067;;
Puebla de Don Rodrigo;Ciudad Real;13068;39.08564;-4.61966
Puebla del Príncipe;Ciudad Real;13069;38.56766;-2.92605
Puerto Lápice;Ciudad Real;13070;;
Puertollano;Ciudad Real;13071;38.68712;-4.10734
Retuerta del Bullaque;Ciudad Real;13072;;
Saceruela;Ciudad Real;13073;38.94382;-4.60768
San Carlos del Valle;Ciudad Real;13074;38.84399;-3.24148
San Lorenzo de Calatrava;Ciudad Real;13075;38.47681;-3.82605
Santa Cruz de los Cáñamos;Ciudad Real;13076;38.63759;-2.86618
Santa Cruz de Mudela;Ciudad Real;13077;38.64241;-3.4665
Socuéllamos;Ciudad Real;13078;39.28581;-2.79205
Solana, La;Ciudad Real;13079;38.94422;-3.2381
Solana del Pino;Ciudad Real;13080;;
Terrinches;Ciudad Real;13081;38.61057;-2.84215
Tomelloso;Ciudad Real;13082;39.15218;-3.02431
Torralba de Calatrava;Ciudad Real;13083;39.01785;-3.75105
Torre de Juan Abad;Ciudad Real;13084;38.58417;-3.05994
Torrenueva;Ciudad Real;13085;38.6396;-3.36259
Valdemanco del Esteras;Ciudad Real;13086;38.93858;-4.8292
Valdepeñas;Ciudad Real;13087;38.76211;-3.38483
Valenzuela de Calatrava;Ciudad Real;13088;38.85254;-3.7721
Villahermosa;Ciudad Real;13089;38.75023;-2.87066
Villamanrique;Ciudad Real;13090;38.54636;-2.99729
Villamayor de Calatrava;Ciudad Real;13091;38.78763;-4.13774
Villanueva de la Fuente;Ciudad Real;13092;38.69463;-2.69637
Villanueva de los Infantes;Ciudad Real;13093;;
Villanueva de San Carlos;Ciudad Real;13094;38.62173;-3.90903
Villar del Pozo;Ciudad Real;13095;38.8501;-3.96405
Villarrubia de los Ojos;Ciudad Real;13096;39.22085;-3.60802
Villarta de San Juan;Ciudad Real;13097;39.23785;-3.42333
Viso del Marqués;Ciudad Real;13098;38.52208;-3.56348
Robledo, El;Ciudad Real;13901;39.21898;-4.28099
Ruidera;Ciudad Real;13902;38.97775;-2.88321
Arenales de San Gregorio;Ciudad Real;13903;;
Llanos del Caudillo;Ciudad Real;13904;;
Adamuz;Córdoba;14001;38.02674;-4.52231
Aguilar de la Frontera;Córdoba;14002;;
Alcaracejos;Córdoba;14003;38.38333;-4.96667
Almedinilla;Córdoba;14004;37.43902;-4.09052
Almodóvar del Río;Córdoba;14005;37.8107;-5.02037
Añora;Córdoba;14006;38.41667;-4.9
Baena;Córdoba;14007;37.6167;-4.32245
Belalcázar;Córdoba;14008;38.57566;-5.16653
Belmez;Córdoba;14009;38.26667;-5.2
Benamejí;Córdoba;14010;37.26833;-4.54123
Blázquez, Los;Córdoba;14011;;
Bujalance;Córdoba;14012;37.89556;-4.38074
Cabra;Córdoba;14013;37.47249;-4.44206
Cañete de las Torres;Córdoba;14014;37.86717;-4.31835
Carcabuey;Córdoba;14015;37.4442;-4.27471
Cardeña;Córdoba;14016;38.27023;-4.32358
Carlota, La;Córdoba;14017;37.67359;-4.93122
Carpio, El;Córdoba;14018;37.94085;-4.49696
Castro del Río;Córdoba;14019;37.69125;-4.48058
Conquista;Córdoba;14020;38.4;-4.5
Córdoba;Córdoba;14021;37.89155;-4.77275
Doña Mencía;Córdoba;14022;37.55346;-4.35602
Dos Torres;Córdoba;14023;38.45;-4.9
Encinas Reales;Córdoba;14024;37.27419;-4.48828
Espejo;Córdoba;14025;37.6798;-4.55355
Espiel;Córdoba;14026;38.2;-5.01667
Fernán-Núñez;Córdoba;14027;37.67044;-4.7264
Fuente la Lancha;Córdoba;14028;38.41667;-5.03333
Fuente Obejuna;Córdoba;14029;38.26667;-5.41667
Fuente Palmera;Córdoba;14030;37.70494;-5.09965
Fuente-Tójar;Córdoba;14031;37.51095;-4.14631
Granjuela, La;Córdoba;14032;;
Guadalcázar;Córdoba;14033;37.75738;-4.94387
Guijo, El;Córdoba;14034;;
Hinojosa del Duque;Córdoba;14035;38.50057;-5.14651
Hornachuelos;Córdoba;14036;37.83333;-5.23333
Iznájar;Córdoba;14037;37.25766;-4.30836
Lucena;Córdoba;14038;37.40881;-4.48522
Luque;Córdoba;14039;37.55797;-4.27974
Montalbán de Córdoba;Córdoba;14040;37.57996;-4.74935
Montemayor;Córdoba;14041;37.6479;-4.69779
Montilla;Córdoba;14042;37.58627;-4.63805
Montoro;Córdoba;14043;38.02409;-4.3834
Monturque;Córdoba;14044;37.47186;-4.58164
Moriles;Córdoba;14045;37.4367;-4.60761
Nueva Carteya;Córdoba;14046;37.5863;-4.46759
Obejo;Córdoba;14047;38.13265;-4.80018
Palenciana;Córdoba;14048;37.24851;-4.58261
Palma del Río;Córdoba;14049;37.70024;-5.28121
Pedro Abad;Córdoba;14050;37.96686;-4.4556
Pedroche;Córdoba;14051;38.42848;-4.76325
Peñarroya-Pueblonuevo;Córdoba;14052;38.3;-5.26667
Posadas;Córdoba;14053;37.80205;-5.10726
Pozoblanco;Córdoba;14054;38.37906;-4.84827
Priego de Córdoba;Córdoba;14055;37.43807;-4.19523
Puente Genil;Córdoba;14056;37.38943;-4.76686
Rambla, La;Córdoba;14057;37.6076;-4.73962
Rute;Córdoba;14058;37.3269;-4.36827
San Sebastián de los Ballesteros;Córdoba;14059;37.65376;-4.82409
Santaella;Córdoba;14060;37.56294;-4.84362
Santa Eufemia;Córdoba;14061;38.6;-4.9
Torrecampo;Córdoba;14062;38.46667;-4.66667
Valenzuela;Córdoba;14063;37.7756;-4.22038
Valsequillo;Córdoba;14064;;
Victoria, La;Córdoba;14065;37.68126;-4.85199
Villa del Río;Córdoba;14066;37.98108;-4.29003
Villafranca de Córdoba;Córdoba;14067;37.96257;-4.54547
Villaharta;Córdoba;14068;38.13333;-4.9
Villanueva de Córdoba;Córdoba;14069;38.32277;-4.62873
Villanueva del Duque;Córdoba;14070;38.38333;-5
Villanueva del Rey;Córdoba;14071;;
Villaralto;Córdoba;14072;38.45;-4.98333
Villaviciosa de Córdoba;Córdoba;14073;38.08333;-5.01667
Viso, El;Córdoba;14074;38.48333;-4.95
Zuheros;Córdoba;14075;37.54332;-4.31531
Fuente Carreteros;Córdoba;14901;;
Guijarrosa, La;Córdoba;14902;;
Abegondo;A Coruña;15001;43.21667;-8.28333
Ames;A Coruña;15002;42.9;-8.63333
Aranga;A Coruña;15003;43.23469;-8.01705
Ares;A Coruña;15004;43.42995;-8.24254
Arteixo;A Coruña;15005;43.30482;-8.50749
Arzúa;A Coruña;15006;42.93333;-8.15
Baña, A;A Coruña;15007;;
Bergondo;A Coruña;15008;43.31667;-8.23333
Betanzos;A Coruña;15009;43.28042;-8.21467
Boimorto;A Coruña;15010;43;-8.13333
Boiro;A Coruña;15011;42.65;-8.9
Boqueixón;A Coruña;15012;;
Brión;A Coruña;15013;;
Cabana de Bergantiños;A Coruña;15014;;
Cabanas;A Coruña;15015;;
Camariñas;A Coruña;15016;43.13115;-9.18172
Cambre;A Coruña;15017;43.29438;-8.34736
Capela, A;A Coruña;15018;;
Carballo;A Coruña;15019;43.213;-8.69104
Carnota;A Coruña;15020;42.8233;-9.08913
Carral;A Coruña;15021;43.2286;-8.35545
Cedeira;A Coruña;15022;43.66044;-8.05719
Cee;A Coruña;15023;42.95466;-9.188
Cerceda;A Coruña;15024;43.18333;-8.48333
Cerdido;A Coruña;15025;43.61667;-8
Coirós;A Coruña;15027;43.25;-8.16667
Corcubión;A Coruña;15028;42.94414;-9.1926
Coristanco;A Coruña;15029;43.2;-8.75
Coruña, A;A Coruña;15030;43.37135;-8.396
Culleredo;A Coruña;15031;43.28788;-8.38858
Curtis;A Coruña;15032;43.11667;-8.05
Dodro;A Coruña;15033;;
Dumbría;A Coruña;15034;43.00836;-9.11328
Fene;A Coruña;15035;43.45;-8.15
Ferrol;A Coruña;15036;43.48321;-8.23689
Fisterra;A Coruña;15037;42.90492;-9.26289
Frades;A Coruña;15038;43.05011;-8.29391
Irixoa;A Coruña;15039;43.2847;-8.05916
Laxe;A Coruña;15040;43.22019;-9.0063
Laracha, A;A Coruña;15041;43.25375;-8.58535
Lousame;A Coruña;15042;42.77299;-8.8444
Malpica de Bergantiños;A Coruña;15043;;
Mañón;A Coruña;15044;43.65;-7.73333
Mazaricos;A Coruña;15045;42.94033;-8.97187
Melide;A Coruña;15046;42.91382;-8.01496
Mesía;A Coruña;15047;43.1;-8.26667
Miño;A Coruña;15048;43.35;-8.2
Moeche;A Coruña;15049;43.55;-8.01667
Monfero;A Coruña;15050;43.33333;-8.01667
Mugardos;A Coruña;15051;43.4604;-8.25507
Muxía;A Coruña;15052;;
Muros;A Coruña;15053;42.77617;-9.06032
Narón;A Coruña;15054;43.51667;-8.15278
Neda;A Coruña;15055;;
Negreira;A Coruña;15056;42.90402;-8.74273
Noia;A Coruña;15057;42.78583;-8.88734
Oleiros;A Coruña;15058;43.33333;-8.31667
Ordes;A Coruña;15059;43.07654;-8.409
Oroso;A Coruña;15060;42.98333;-8.43333
Ortigueira;A Coruña;15061;;
Outes;A Coruña;15062;42.86189;-8.90181
Paderne;A Coruña;15064;43.28567;-8.17415
Padrón;A Coruña;15065;42.73875;-8.66057
Pino, O;A Coruña;15066;;
Pobra do Caramiñal, A;A Coruña;15067;;
Ponteceso;A Coruña;15068;;
Pontedeume;A Coruña;15069;;
Pontes de García Rodríguez, As;A Coruña;15070;43.45266;-7.85178
Porto do Son;A Coruña;15071;42.72482;-9.00527
Rianxo;A Coruña;15072;42.64977;-8.81763
Ribeira;A Coruña;15073;42.74611;-8.44392
Rois;A Coruña;15074;42.76295;-8.70528
Sada;A Coruña;15075;43.35619;-8.25796
San Sadurniño;A Coruña;15076;43.53333;-8.06667
Santa Comba;A Coruña;15077;43.03306;-8.80925
Santiago de Compostela;A Coruña;15078;42.88052;-8.54569
Santiso;A Coruña;15079;42.87388;-8.05497
Sobrado;A Coruña;15080;43.03882;-8.02784
Somozas, As;A Coruña;15081;43.53333;-7.93333
Teo;A Coruña;15082;42.75;-8.5
Toques;A Coruña;15083;;
Tordoia;A Coruña;15084;;
Touro;A Coruña;15085;42.86812;-8.30764
Trazo;A Coruña;15086;43.01667;-8.53333
Valdoviño;A Coruña;15087;43.6;-8.13333
Val do Dubra;A Coruña;15088;;
Vedra;A Coruña;15089;42.77817;-8.47636
Vilasantar;A Coruña;15090;43.06667;-8.1
Vilarmaior;A Coruña;15091;;
Vimianzo;A Coruña;15092;43.10988;-9.03351
Zas;A Coruña;15093;43.09885;-8.91558
Cariño;A Coruña;15901;43.74134;-7.86715
Oza-Cesuras;A Coruña;15902;;
Abia de la Obispalía;Cuenca;16001;;
Acebrón, El;Cuenca;16002;;
Alarcón;Cuenca;16003;39.55;-2.08333
Albaladejo del Cuende;Cuenca;16004;39.80684;-2.22903
Albalate de las Nogueras;Cuenca;16005;40.36614;-2.27718
Albendea;Cuenca;16006;40.48751;-2.41747
Alberca de Záncara, La;Cuenca;16007;39.51458;-2.49272
Alcalá de la Vega;Cuenca;16008;40.03333;-1.51667
Alcantud;Cuenca;16009;40.54818;-2.33258
Alcázar del Rey;Cuenca;16010;40.06289;-2.80782
Alcohujate;Cuenca;16011;40.41763;-2.6149
Alconchel de la Estrella;Cuenca;16012;39.71963;-2.57366
Algarra;Cuenca;16013;40;-1.43333
Aliaguilla;Cuenca;16014;39.73333;-1.31667
Almarcha, La;Cuenca;16015;;
Almendros;Cuenca;16016;;
Almodóvar del Pinar;Cuenca;16017;39.71667;-1.88333
Almonacid del Marquesado;Cuenca;16018;39.82344;-2.7677
Altarejos;Cuenca;16019;39.91258;-2.35692
Arandilla del Arroyo;Cuenca;16020;40.51056;-2.38355
Arcos de la Sierra;Cuenca;16022;40.34664;-2.1131
Chillarón de Cuenca;Cuenca;16023;40.10539;-2.22181
Arguisuelas;Cuenca;16024;39.83333;-1.81667
Arrancacepas;Cuenca;16025;40.3032;-2.35899
Atalaya del Cañavate;Cuenca;16026;39.51864;-2.25175
Barajas de Melo;Cuenca;16027;40.1234;-2.91675
Barchín del Hoyo;Cuenca;16029;39.66667;-2.06667
Bascuñana de San Pedro;Cuenca;16030;40.21322;-2.22812
Beamud;Cuenca;16031;40.18645;-1.8288
Belinchón;Cuenca;16032;40.04603;-3.05517
Belmonte;Cuenca;16033;39.55746;-2.70461
Belmontejo;Cuenca;16034;39.82212;-2.34467
Beteta;Cuenca;16035;40.57191;-2.07588
Boniches;Cuenca;16036;39.98333;-1.61667
Buciegas;Cuenca;16038;40.33622;-2.4625
Buenache de Alarcón;Cuenca;16039;39.65;-2.16667
Buenache de la Sierra;Cuenca;16040;;
Buendía;Cuenca;16041;40.36643;-2.75645
Campillo de Altobuey;Cuenca;16042;39.6;-1.8
Campillos-Paravientos;Cuenca;16043;39.98333;-1.55
Campillos-Sierra;Cuenca;16044;40.1;-1.7
Canalejas del Arroyo;Cuenca;16045;40.3685;-2.49408
Cañada del Hoyo;Cuenca;16046;39.96667;-1.9
Cañada Juncosa;Cuenca;16047;;
Cañamares;Cuenca;16048;40.45203;-2.23983
Cañavate, El;Cuenca;16049;;
Cañaveras;Cuenca;16050;40.35994;-2.39611
Cañaveruelas;Cuenca;16051;40.40024;-2.63719
Cañete;Cuenca;16052;40.05;-1.65
Cañizares;Cuenca;16053;40.5187;-2.19201
Carboneras de Guadazaón;Cuenca;16055;39.88333;-1.8
Cardenete;Cuenca;16056;39.76667;-1.68333
Carrascosa;Cuenca;16057;40.59092;-2.16305
Carrascosa de Haro;Cuenca;16058;39.59757;-2.54182
Casas de Benítez;Cuenca;16060;39.36667;-2.13333
Casas de Fernando Alonso;Cuenca;16061;39.35065;-2.32402
Casas de Garcimolina;Cuenca;16062;40;-1.41667
Casas de Guijarro;Cuenca;16063;39.35;-2.16667
Casas de Haro;Cuenca;16064;39.33355;-2.27273
Casas de los Pinos;Cuenca;16065;39.33375;-2.36984
Casasimarro;Cuenca;16066;39.36667;-2.03333
Castejón;Cuenca;16067;;
Castillejo de Iniesta;Cuenca;16068;39.53333;-1.76667
Castillejo-Sierra;Cuenca;16070;40.37477;-2.1404
Castillo-Albaráñez;Cuenca;16071;40.29869;-2.39277
Castillo de Garcimuñoz;Cuenca;16072;39.65928;-2.3803
Cervera del Llano;Cuenca;16073;39.78312;-2.42019
Cierva, La;Cuenca;16074;;
Cuenca;Cuenca;16078;40.06667;-2.13333
Cueva del Hierro;Cuenca;16079;40.58258;-2.03612
Chumillas;Cuenca;16081;39.76667;-2.03333
Enguídanos;Cuenca;16082;39.66667;-1.6
Fresneda de Altarejos;Cuenca;16083;39.92577;-2.31498
Fresneda de la Sierra;Cuenca;16084;40.39101;-2.14233
Frontera, La;Cuenca;16085;40.40161;-2.21699
Fuente de Pedro Naharro;Cuenca;16086;39.92438;-3.00916
Fuentelespino de Haro;Cuenca;16087;39.68934;-2.66869
Fuentelespino de Moya;Cuenca;16088;39.91667;-1.46667
Fuentes;Cuenca;16089;39.96667;-2.01667
Fuertescusa;Cuenca;16091;40.47552;-2.1762
Gabaldón;Cuenca;16092;39.61667;-1.93333
Garaballa;Cuenca;16093;39.81667;-1.36667
Gascueña;Cuenca;16094;40.29937;-2.51856
Graja de Campalbo;Cuenca;16095;39.9;-1.26667
Graja de Iniesta;Cuenca;16096;39.51667;-1.66667
Henarejos;Cuenca;16097;39.86667;-1.48333
Herrumblar, El;Cuenca;16098;;
Hinojosa, La;Cuenca;16099;;
Hinojosos, Los;Cuenca;16100;39.60417;-2.82572
Hito, El;Cuenca;16101;;
Honrubia;Cuenca;16102;39.61358;-2.28077
Hontanaya;Cuenca;16103;39.71553;-2.83516
Hontecillas;Cuenca;16104;39.7;-2.18333
Horcajo de Santiago;Cuenca;16106;39.84221;-2.99724
Huélamo;Cuenca;16107;40.27658;-1.80957
Huelves;Cuenca;16108;40.04282;-2.88444
Huérguina;Cuenca;16109;40.03333;-1.6
Huerta de la Obispalía;Cuenca;16110;39.98901;-2.47875
Huerta del Marquesado;Cuenca;16111;40.15;-1.68333
Huete;Cuenca;16112;40.14526;-2.69026
Iniesta;Cuenca;16113;39.43333;-1.75
Laguna del Marquesado;Cuenca;16115;40.17749;-1.67167
Lagunaseca;Cuenca;16116;40.531;-2.01956
Landete;Cuenca;16117;39.9;-1.36667
Ledaña;Cuenca;16118;39.36667;-1.7
Leganiel;Cuenca;16119;40.16568;-2.94966
Majadas, Las;Cuenca;16121;;
Mariana;Cuenca;16122;40.16717;-2.14601
Masegosa;Cuenca;16123;40.54689;-2.02588
Mesas, Las;Cuenca;16124;39.38871;-2.76524
Minglanilla;Cuenca;16125;39.53333;-1.6
Mira;Cuenca;16126;39.71667;-1.43333
Monreal del Llano;Cuenca;16128;39.56888;-2.76046
Montalbanejo;Cuenca;16129;39.73369;-2.49911
Montalbo;Cuenca;16130;39.87994;-2.67038
Monteagudo de las Salinas;Cuenca;16131;39.8;-1.9
Mota de Altarejos;Cuenca;16132;39.88201;-2.30958
Mota del Cuervo;Cuenca;16133;39.50189;-2.86994
Motilla del Palancar;Cuenca;16134;39.56667;-1.88333
Moya;Cuenca;16135;39.95;-1.36667
Narboneta;Cuenca;16137;39.75;-1.46667
Olivares de Júcar;Cuenca;16139;39.76101;-2.35589
Olmeda de la Cuesta;Cuenca;16140;40.31088;-2.47592
Olmeda del Rey;Cuenca;16141;39.8;-2.08333
Olmedilla de Alarcón;Cuenca;16142;39.61667;-2.1
Olmedilla de Eliz;Cuenca;16143;40.30232;-2.41952
Osa de la Vega;Cuenca;16145;39.65977;-2.75998
Pajarón;Cuenca;16146;39.95;-1.78333
Pajaroncillo;Cuenca;16147;39.95;-1.73333
Palomares del Campo;Cuenca;16148;39.94664;-2.59776
Palomera;Cuenca;16149;;
Paracuellos;Cuenca;16150;39.71667;-1.78333
Paredes;Cuenca;16151;40.06578;-2.854
Parra de las Vegas, La;Cuenca;16152;;
Pedernoso, El;Cuenca;16153;39.4858;-2.74642
Pedroñeras, Las;Cuenca;16154;39.44997;-2.67394
Peral, El;Cuenca;16155;;
Peraleja, La;Cuenca;16156;;
Pesquera, La;Cuenca;16157;;
Picazo, El;Cuenca;16158;;
Pinarejo;Cuenca;16159;39.61639;-2.42592
Pineda de Gigüela;Cuenca;16160;40.08546;-2.54368
Piqueras del Castillo;Cuenca;16161;39.71667;-2.06667
Portalrubio de Guadamejud;Cuenca;16162;;
Portilla;Cuenca;16163;40.28957;-2.08178
Poyatos;Cuenca;16165;;
Pozoamargo;Cuenca;16166;39.36558;-2.19617
Pozorrubio de Santiago;Cuenca;16167;;
Pozuelo, El;Cuenca;16169;;
Priego;Cuenca;16170;40.44936;-2.31435
Provencio, El;Cuenca;16171;39.3774;-2.57448
Puebla de Almenara;Cuenca;16172;39.7844;-2.81435
Valle de Altomira, El;Cuenca;16173;;
Puebla del Salvador;Cuenca;16174;39.56667;-1.66667
Quintanar del Rey;Cuenca;16175;39.33333;-1.93333
Rada de Haro;Cuenca;16176;39.57002;-2.62086
Reíllo;Cuenca;16177;39.9;-1.86667
Rozalén del Monte;Cuenca;16181;39.99083;-2.80525
Saceda-Trasierra;Cuenca;16185;40.15525;-2.85369
Saelices;Cuenca;16186;39.92061;-2.80502
Salinas del Manzano;Cuenca;16187;40.08333;-1.55
Salmeroncillos;Cuenca;16188;;
Salvacañete;Cuenca;16189;40.1;-1.5
San Clemente;Cuenca;16190;39.4041;-2.42819
San Lorenzo de la Parrilla;Cuenca;16191;39.85129;-2.36079
San Martín de Boniches;Cuenca;16192;39.9;-1.56667
San Pedro Palmiches;Cuenca;16193;40.42956;-2.40602
Santa Cruz de Moya;Cuenca;16194;39.95;-1.26667
Santa María del Campo Rus;Cuenca;16195;39.55942;-2.42306
Santa María de los Llanos;Cuenca;16196;;
Santa María del Val;Cuenca;16197;40.50439;-2.04115
Sisante;Cuenca;16198;39.40849;-2.20173
Solera de Gabaldón;Cuenca;16199;;
Talayuelas;Cuenca;16202;39.85;-1.28333
Tarancón;Cuenca;16203;40.00851;-3.00731
Tébar;Cuenca;16204;39.5;-2.16667
Tejadillos;Cuenca;16205;40.13333;-1.63333
Tinajas;Cuenca;16206;40.32547;-2.58228
Torralba;Cuenca;16209;40.30253;-2.28546
Torrejoncillo del Rey;Cuenca;16211;40.0084;-2.57107
Torrubia del Campo;Cuenca;16212;39.89749;-2.96133
Torrubia del Castillo;Cuenca;16213;39.65852;-2.31171
Tragacete;Cuenca;16215;;
Tresjuncos;Cuenca;16216;39.70087;-2.75502
Tribaldos;Cuenca;16217;39.97264;-2.89809
Uclés;Cuenca;16218;39.97938;-2.86143
Uña;Cuenca;16219;40.2241;-1.97788
Valdemeca;Cuenca;16224;40.22367;-1.74358
Valdemorillo de la Sierra;Cuenca;16225;40.03333;-1.78333
Valdemoro-Sierra;Cuenca;16227;40.1;-1.76667
Valdeolivas;Cuenca;16228;40.506;-2.44532
Valhermoso de la Fuente;Cuenca;16231;39.56667;-2.01667
Valsalobre;Cuenca;16234;40.61742;-2.09297
Valverde de Júcar;Cuenca;16236;39.71866;-2.22135
Valverdejo;Cuenca;16237;39.61667;-2.01667
Vara de Rey;Cuenca;16238;39.42595;-2.29404
Vega del Codorno;Cuenca;16239;40.42457;-1.91312
Vellisca;Cuenca;16240;40.12965;-2.81444
Villaconejos de Trabaque;Cuenca;16242;40.40064;-2.31956
Villaescusa de Haro;Cuenca;16243;;
Villagarcía del Llano;Cuenca;16244;39.31667;-1.83333
Villalba de la Sierra;Cuenca;16245;40.23437;-2.08929
Villalba del Rey;Cuenca;16246;40.34653;-2.63902
Villalgordo del Marquesado;Cuenca;16247;39.68245;-2.50885
Villalpardo;Cuenca;16248;39.46667;-1.63333
Villamayor de Santiago;Cuenca;16249;39.73072;-2.92357
Villanueva de Guadamejud;Cuenca;16250;;
Villanueva de la Jara;Cuenca;16251;39.43333;-1.93333
Villar de Cañas;Cuenca;16253;39.7786;-2.56428
Villar de Domingo García;Cuenca;16254;40.23732;-2.29136
Villar de la Encina;Cuenca;16255;39.63725;-2.52155
Villar del Humo;Cuenca;16258;39.86667;-1.63333
Villar del Infantado;Cuenca;16259;40.45514;-2.47905
Villar de Olalla;Cuenca;16263;40.01496;-2.19561
Villarejo de Fuentes;Cuenca;16264;39.78809;-2.6968
Villarejo de la Peñuela;Cuenca;16265;40.08745;-2.40996
Villarejo-Periesteban;Cuenca;16266;39.87231;-2.44145
Villares del Saz;Cuenca;16269;39.84109;-2.50427
Villarrubio;Cuenca;16270;39.94511;-2.89431
Villarta;Cuenca;16271;39.45;-1.65
Villas de la Ventosa;Cuenca;16272;;
Villaverde y Pasaconsol;Cuenca;16273;39.77099;-2.26552
Víllora;Cuenca;16274;;
Vindel;Cuenca;16275;40.58743;-2.3806
Yémeda;Cuenca;16276;39.76667;-1.71667
Zafra de Záncara;Cuenca;16277;39.89203;-2.55786
Zafrilla;Cuenca;16278;40.2;-1.61667
Zarza de Tajo;Cuenca;16279;40.01591;-3.12877
Zarzuela;Cuenca;16280;40.25902;-2.11034
Campos del Paraíso;Cuenca;16901;;
Valdetórtola;Cuenca;16902;;
Valeras, Las;Cuenca;16903;;
Fuentenava de Jábaga;Cuenca;16904;;
Arcas;Cuenca;16905;;
Valdecolmenas, Los;Cuenca;16906;;
Pozorrubielos de la Mancha;Cuenca;16908;;
Sotorribas;Cuenca;16909;;
Villar y Velasco;Cuenca;16910;;
Agullana;Girona;17001;42.39408;2.84666
Aiguaviva;Girona;17002;41.9384;2.76217
Albanyà;Girona;17003;;
Albons;Girona;17004;42.10389;3.08433
Far d'Empordà, El;Girona;17005;;
Alp;Girona;17006;42.37256;1.88699
Amer;Girona;17007;;
Anglès;Girona;17008;41.95617;2.63603
Arbúcies;Girona;17009;41.81667;2.51667
Argelaguer;Girona;17010;42.21563;2.64193
Armentera, L';Girona;17011;;
Avinyonet de Puigventós;Girona;17012;42.24984;2.91509
Begur;Girona;17013;41.95;3.21667
Vajol, La;Girona;17014;;
Banyoles;Girona;17015;42.11667;2.76667
Bàscara;Girona;17016;42.15998;2.91028
Bellcaire d'Empordà;Girona;17018;;
Besalú;Girona;17019;42.19893;2.69953
Bescanó;Girona;17020;41.96603;2.73922
Beuda;Girona;17021;42.23722;2.70942
Bisbal d'Empordà, La;Girona;17022;41.95;3.05
Blanes;Girona;17023;41.67419;2.79036
Bolvir;Girona;17024;42.41775;1.87986
Bordils;Girona;17025;42.04336;2.91088
Borrassà;Girona;17026;42.22316;2.9261
Breda;Girona;17027;41.74833;2.55964
Brunyola i Sant Martí Sapresa;Girona;17028;;
Boadella i les Escaules;Girona;17029;;
Cabanes;Girona;17030;42.30805;2.97766
Cabanelles;Girona;17031;42.23068;2.81997
Cadaqués;Girona;17032;42.28856;3.27706
Caldes de Malavella;Girona;17033;41.83333;2.81667
Calonge i Sant Antoni;Girona;17034;;
Camós;Girona;17035;42.08776;2.76288
Campdevànol;Girona;17036;42.22445;2.1686
Campelles;Girona;17037;;
Campllong;Girona;17038;;
Camprodon;Girona;17039;42.31185;2.36506
Canet d'Adri;Girona;17040;;
Cantallops;Girona;17041;42.42216;2.92524
Capmany;Girona;17042;42.37351;2.92026
Queralbs;Girona;17043;;
Cassà de la Selva;Girona;17044;41.88784;2.87524
Castellfollit de la Roca;Girona;17046;;
Castelló d'Empúries;Girona;17047;42.25673;3.07446
Castell d'Aro, Platja d'Aro i s'Agaró;Girona;17048;;
Celrà;Girona;17049;42.03333;2.88333
Cervià de Ter;Girona;17050;42.0665;2.90743
Cistella;Girona;17051;42.2687;2.8478
Siurana;Girona;17052;42.20916;2.99392
Colera;Girona;17054;42.40394;3.15153
Colomers;Girona;17055;42.08333;2.98333
Cornellà del Terri;Girona;17056;42.08333;2.81667
Corçà;Girona;17057;41.98333;3.01667
Crespià;Girona;17058;42.18333;2.8
Darnius;Girona;17060;42.36667;2.83333
Das;Girona;17061;42.36143;1.87051
Escala, L';Girona;17062;42.12562;3.13261
Espinelves;Girona;17063;;
Espolla;Girona;17064;42.3912;3.00064
Esponellà;Girona;17065;42.16667;2.8
Figueres;Girona;17066;42.26645;2.96163
Flaçà;Girona;17067;42.06667;2.96667
Foixà;Girona;17068;42.03626;3.00021
Fontanals de Cerdanya;Girona;17069;;
Fontanilles;Girona;17070;42.01117;3.10776
Fontcoberta;Girona;17071;42.13333;2.8
Fornells de la Selva;Girona;17073;41.93159;2.80907
Fortià;Girona;17074;42.2432;3.03881
Garrigàs;Girona;17075;42.19343;2.95438
Garrigoles;Girona;17076;42.1;3.03333
Garriguella;Girona;17077;42.34392;3.06506
Ger;Girona;17078;42.41059;1.84536
Girona;Girona;17079;41.98311;2.82493
Gombrèn;Girona;17080;;
Gualta;Girona;17081;42.02953;3.10312
Guils de Cerdanya;Girona;17082;42.4474;1.88012
Hostalric;Girona;17083;41.75;2.63333
Isòvol;Girona;17084;42.37763;1.81807
Jafre;Girona;17085;42.07254;3.01062
Jonquera, La;Girona;17086;42.41728;2.87363
Juià;Girona;17087;42.01667;2.91667
Lladó;Girona;17088;42.24769;2.81373
Llagostera;Girona;17089;41.82688;2.89365
Llambilles;Girona;17090;41.92106;2.85078
Llanars;Girona;17091;;
Llançà;Girona;17092;42.36241;3.15213
Llers;Girona;17093;42.29571;2.91183
Llívia;Girona;17094;42.46462;1.9807
Lloret de Mar;Girona;17095;41.69993;2.84565
Llosses, Les;Girona;17096;42.15;2.11667
Madremanya;Girona;17097;41.98333;2.96667
Maià de Montcal;Girona;17098;;
Meranges;Girona;17099;42.44518;1.78777
Masarac i Vilarnadal;Girona;17100;;
Massanes;Girona;17101;41.76536;2.65324
Maçanet de Cabrenys;Girona;17102;42.38597;2.74806
Maçanet de la Selva;Girona;17103;41.78333;2.73333
Mieres;Girona;17105;42.12247;2.6385
Mollet de Peralada;Girona;17106;42.35959;3.00034
Molló;Girona;17107;;
Montagut i Oix;Girona;17109;;
Mont-ras;Girona;17110;;
Navata;Girona;17111;42.22353;2.8611
Ogassa;Girona;17112;;
Olot;Girona;17114;42.18096;2.49012
Ordis;Girona;17115;42.2183;2.90705
Osor;Girona;17116;;
Palafrugell;Girona;17117;41.91738;3.1631
Palamós;Girona;17118;41.84843;3.12912
Palau de Santa Eulàlia;Girona;17119;;
Palau-saverdera;Girona;17120;;
Palau-sator;Girona;17121;41.98897;3.11016
Palol de Revardit;Girona;17123;42.06667;2.8
Pals;Girona;17124;41.97102;3.14814
Pardines;Girona;17125;;
Parlavà;Girona;17126;42.02163;3.03197
Pau;Girona;17128;42.31607;3.11621
Pedret i Marzà;Girona;17129;;
Pera, La;Girona;17130;;
Peralada;Girona;17132;42.30823;3.0091
Planes d'Hostoles, Les;Girona;17133;42.05669;2.54093
Planoles;Girona;17134;42.31667;2.1
Pont de Molins;Girona;17135;42.3144;2.92996
Pontós;Girona;17136;42.18665;2.91706
Porqueres;Girona;17137;42.11682;2.74143
Portbou;Girona;17138;42.4265;3.15805
Preses, Les;Girona;17139;;
Port de la Selva, El;Girona;17140;;
Puigcerdà;Girona;17141;42.4316;1.92819
Quart;Girona;17142;;
Rabós;Girona;17143;42.3789;3.02828
Regencós;Girona;17144;41.95271;3.17006
Ribes de Freser;Girona;17145;42.30417;2.16757
Riells i Viabrea;Girona;17146;41.78333;2.51667
Ripoll;Girona;17147;42.20064;2.19033
Riudarenes;Girona;17148;41.81667;2.71667
Riudaura;Girona;17149;;
Riudellots de la Selva;Girona;17150;41.89327;2.80452
Riumors;Girona;17151;42.22726;3.0419
Roses;Girona;17152;42.26199;3.17689
Rupià;Girona;17153;42.01667;3.01667
Sales de Llierca;Girona;17154;42.23333;2.65
Salt;Girona;17155;41.97489;2.79281
Sant Andreu Salou;Girona;17157;41.86667;2.83333
Sant Climent Sescebes;Girona;17158;;
Sant Feliu de Buixalleu;Girona;17159;;
Sant Feliu de Guíxols;Girona;17160;41.78333;3.03333
Sant Feliu de Pallerols;Girona;17161;42.07708;2.50935
Sant Ferriol;Girona;17162;42.2;2.66667
Sant Gregori;Girona;17163;41.98333;2.73333
Sant Hilari Sacalm;Girona;17164;41.88333;2.51667
Sant Jaume de Llierca;Girona;17165;;
Sant Jordi Desvalls;Girona;17166;42.06667;2.95
Sant Joan de les Abadesses;Girona;17167;42.23332;2.28524
Sant Joan de Mollet;Girona;17168;42.05;2.95
Sant Julià de Ramis;Girona;17169;42.02932;2.85338
Vallfogona de Ripollès;Girona;17170;;
Sant Llorenç de la Muga;Girona;17171;42.31976;2.78888
Sant Martí de Llémena;Girona;17172;;
Sant Martí Vell;Girona;17173;42.01667;2.93333
Sant Miquel de Campmajor;Girona;17174;42.13333;2.68333
Sant Miquel de Fluvià;Girona;17175;42.172;2.99259
Sant Mori;Girona;17176;42.1559;2.98946
Sant Pau de Segúries;Girona;17177;;
Sant Pere Pescador;Girona;17178;42.18812;3.08212
Santa Coloma de Farners;Girona;17180;41.86667;2.66667
Santa Cristina d'Aro;Girona;17181;41.81667;3
Santa Llogaia d'Àlguema;Girona;17182;;
Sant Aniol de Finestres;Girona;17183;42.09023;2.58688
Santa Pau;Girona;17184;42.1443;2.57123
Sant Joan les Fonts;Girona;17185;42.21186;2.51291
Sarrià de Ter;Girona;17186;42.01667;2.83333
Saus, Camallera i Llampaies;Girona;17187;;
Selva de Mar, La;Girona;17188;;
Cellera de Ter, La;Girona;17189;41.96919;2.62402
Serinyà;Girona;17190;;
Serra de Daró;Girona;17191;42.02877;3.07222
Setcases;Girona;17192;;
Sils;Girona;17193;41.80842;2.74507
Susqueda;Girona;17194;41.97776;2.51652
Tallada d'Empordà, La;Girona;17195;42.0802;3.05583
Terrades;Girona;17196;42.31032;2.83855
Torrent;Girona;17197;41.95243;3.12684
Torroella de Fluvià;Girona;17198;42.17522;3.04025
Torroella de Montgrí;Girona;17199;42.04254;3.12703
Tortellà;Girona;17200;;
Toses;Girona;17201;42.32162;2.01582
Tossa de Mar;Girona;17202;41.71667;2.93333
Ultramort;Girona;17203;42.0364;3.03455
Ullà;Girona;17204;42.05;3.11667
Ullastret;Girona;17205;42;3.06667
Urús;Girona;17206;42.35131;1.85343
Vall d'en Bas, La;Girona;17207;;
Vall de Bianya, La;Girona;17208;;
Vall-llobrega;Girona;17209;;
Ventalló;Girona;17210;42.14921;3.02635
Verges;Girona;17211;42.06283;3.04579
Vidrà;Girona;17212;42.12285;2.30977
Vidreres;Girona;17213;41.78333;2.78333
Vilabertran;Girona;17214;42.28255;2.98144
Vilablareix;Girona;17215;41.95746;2.77377
Viladasens;Girona;17216;42.08333;2.93333
Viladamat;Girona;17217;;
Vilademuls;Girona;17218;42.1389;2.88819
Viladrau;Girona;17220;41.84746;2.39019
Vilafant;Girona;17221;42.24668;2.9382
Vilaür;Girona;17222;;
Vilajuïga;Girona;17223;42.32533;3.09302
Vilallonga de Ter;Girona;17224;;
Vilamacolum;Girona;17225;42.19618;3.05662
Vilamalla;Girona;17226;42.2172;2.97009
Vilamaniscle;Girona;17227;42.37522;3.06755
Vilanant;Girona;17228;42.25471;2.88923
Vila-sacra;Girona;17230;42.26578;3.01839
Vilopriu;Girona;17232;42.1;3
Vilobí d'Onyar;Girona;17233;41.88333;2.75
Biure;Girona;17234;42.33734;2.89513
Cruïlles, Monells i Sant Sadurní de l'Heura;Girona;17901;41.95;3.01667
Forallac;Girona;17902;;
Sant Julià del Llor i Bonmatí;Girona;17903;;
Agrón;Granada;18001;37.03023;-3.8287
Alamedilla;Granada;18002;37.58232;-3.24241
Albolote;Granada;18003;37.23088;-3.6551
Albondón;Granada;18004;36.8277;-3.21144
Albuñán;Granada;18005;37.22708;-3.13321
Albuñol;Granada;18006;36.79203;-3.205
Albuñuelas;Granada;18007;36.92828;-3.63184
Aldeire;Granada;18010;37.16012;-3.07204
Alfacar;Granada;18011;37.23744;-3.56807
Algarinejo;Granada;18012;37.32526;-4.1585
Alhama de Granada;Granada;18013;37.00689;-3.98963
Alhendín;Granada;18014;37.10879;-3.64557
Alicún de Ortega;Granada;18015;37.60898;-3.13648
Almegíjar;Granada;18016;36.90258;-3.30122
Almuñécar;Granada;18017;36.73393;-3.69072
Alquife;Granada;18018;37.18024;-3.11553
Arenas del Rey;Granada;18020;36.95799;-3.89362
Armilla;Granada;18021;37.14102;-3.61854
Atarfe;Granada;18022;37.22479;-3.68686
Baza;Granada;18023;37.49073;-2.77259
Beas de Granada;Granada;18024;37.21803;-3.48095
Beas de Guadix;Granada;18025;37.27861;-3.20579
Benalúa;Granada;18027;;
Benalúa de las Villas;Granada;18028;37.42742;-3.68346
Benamaurel;Granada;18029;37.60826;-2.7025
Bérchules;Granada;18030;36.97678;-3.19067
Bubión;Granada;18032;36.949;-3.35615
Busquístar;Granada;18033;36.93796;-3.29444
Cacín;Granada;18034;;
Cádiar;Granada;18035;36.94591;-3.1802
Cájar;Granada;18036;37.13381;-3.57274
Calicasas;Granada;18037;37.2713;-3.61345
Campotéjar;Granada;18038;37.48235;-3.61771
Caniles;Granada;18039;37.43671;-2.72482
Cáñar;Granada;18040;36.92684;-3.42808
Capileira;Granada;18042;36.96148;-3.35864
Carataunas;Granada;18043;36.92204;-3.40834
Cástaras;Granada;18044;36.93164;-3.25406
Castilléjar;Granada;18045;37.71697;-2.6406
Castril;Granada;18046;37.79581;-2.78002
Cenes de la Vega;Granada;18047;37.16006;-3.53548
Cijuela;Granada;18048;37.198;-3.81174
Cogollos de Guadix;Granada;18049;37.22521;-3.16094
Cogollos de la Vega;Granada;18050;;
Colomera;Granada;18051;37.37156;-3.71393
Cortes de Baza;Granada;18053;37.65514;-2.77167
Cortes y Graena;Granada;18054;;
Cúllar;Granada;18056;;
Cúllar Vega;Granada;18057;37.15361;-3.67072
Chauchina;Granada;18059;37.19977;-3.77157
Chimeneas;Granada;18061;37.13125;-3.8213
Churriana de la Vega;Granada;18062;37.14499;-3.64617
Darro;Granada;18063;37.34987;-3.29465
Dehesas de Guadix;Granada;18064;37.58876;-3.10317
Dehesas Viejas;Granada;18065;;
Deifontes;Granada;18066;37.3262;-3.59568
Diezma;Granada;18067;37.31982;-3.33256
Dílar;Granada;18068;37.07282;-3.60134
Dólar;Granada;18069;;
Dúdar;Granada;18070;37.18579;-3.48347
Dúrcal;Granada;18071;36.98788;-3.56601
Escúzar;Granada;18072;37.06219;-3.76126
Ferreira;Granada;18074;37.17247;-3.03539
Fonelas;Granada;18076;37.41042;-3.17158
Fornes;Granada;18077;;
Freila;Granada;18078;37.5299;-2.90828
Fuente Vaqueros;Granada;18079;37.22019;-3.78294
Galera;Granada;18082;37.74262;-2.55175
Gobernador;Granada;18083;37.47845;-3.32119
Gójar;Granada;18084;37.10456;-3.60565
Gor;Granada;18085;37.36937;-2.97016
Gorafe;Granada;18086;;
Granada;Granada;18087;37.18817;-3.60667
Guadahortuna;Granada;18088;;
Guadix;Granada;18089;37.29932;-3.13922
Gualchos;Granada;18093;36.74467;-3.39079
Güéjar Sierra;Granada;18094;37.15994;-3.43863
Güevéjar;Granada;18095;37.25759;-3.59691
Huélago;Granada;18096;37.41972;-3.26226
Huéneja;Granada;18097;37.1766;-2.95024
Huéscar;Granada;18098;37.81104;-2.54116
Huétor de Santillán;Granada;18099;;
Huétor Tájar;Granada;18100;37.19834;-4.04692
Huétor Vega;Granada;18101;37.14622;-3.57011
Íllora;Granada;18102;37.28771;-3.88109
Ítrabo;Granada;18103;36.79998;-3.63899
Iznalloz;Granada;18105;37.39258;-3.52762
Játar;Granada;18106;;
Jayena;Granada;18107;36.9492;-3.82313
Jérez del Marquesado;Granada;18108;;
Jete;Granada;18109;36.79691;-3.6672
Jun;Granada;18111;37.22083;-3.59407
Juviles;Granada;18112;36.94879;-3.22586
Calahorra, La;Granada;18114;;
Láchar;Granada;18115;37.19519;-3.83277
Lanjarón;Granada;18116;36.91853;-3.4818
Lanteira;Granada;18117;37.16871;-3.13823
Lecrín;Granada;18119;;
Lentegí;Granada;18120;36.83613;-3.67426
Lobras;Granada;18121;36.92849;-3.2123
Loja;Granada;18122;37.16887;-4.15129
Lugros;Granada;18123;37.22942;-3.2415
Lújar;Granada;18124;36.78831;-3.404
Malahá, La;Granada;18126;;
Maracena;Granada;18127;37.20764;-3.63493
Marchal;Granada;18128;37.29639;-3.20353
Moclín;Granada;18132;37.33959;-3.78651
Molvízar;Granada;18133;36.78592;-3.60783
Monachil;Granada;18134;37.1332;-3.53724
Montefrío;Granada;18135;37.32308;-4.00898
Montejícar;Granada;18136;37.57223;-3.50527
Montillana;Granada;18137;37.50168;-3.67368
Moraleda de Zafayona;Granada;18138;37.16723;-3.96505
Motril;Granada;18140;36.75066;-3.5179
Murtas;Granada;18141;36.88504;-3.10945
Nigüelas;Granada;18143;36.9776;-3.53949
Nívar;Granada;18144;37.25909;-3.57768
Ogíjares;Granada;18145;37.11913;-3.60772
Orce;Granada;18146;37.7212;-2.47752
Órgiva;Granada;18147;;
Otívar;Granada;18148;36.81582;-3.67979
Villa de Otura;Granada;18149;;
Padul;Granada;18150;37.02462;-3.62678
Pampaneira;Granada;18151;36.94015;-3.36096
Pedro Martínez;Granada;18152;37.5029;-3.23134
Peligros;Granada;18153;37.23231;-3.62901
Peza, La;Granada;18154;;
Pinos Genil;Granada;18157;37.16346;-3.50215
Pinos Puente;Granada;18158;37.25109;-3.74967
Píñar;Granada;18159;37.44457;-3.43861
Polícar;Granada;18161;37.25759;-3.23375
Polopos;Granada;18162;36.79466;-3.29816
Pórtugos;Granada;18163;36.94193;-3.31066
Puebla de Don Fadrique;Granada;18164;37.96156;-2.43961
Pulianas;Granada;18165;37.22302;-3.60832
Purullena;Granada;18167;37.31763;-3.19056
Quéntar;Granada;18168;37.19253;-3.46653
Rubite;Granada;18170;36.80947;-3.34816
Salar;Granada;18171;37.15036;-4.06576
Salobreña;Granada;18173;36.74277;-3.58717
Santa Cruz del Comercio;Granada;18174;;
Santa Fe;Granada;18175;;
Soportújar;Granada;18176;36.92863;-3.40542
Sorvilán;Granada;18177;36.79505;-3.26769
Torre-Cardela;Granada;18178;37.50456;-3.35609
Torvizcón;Granada;18179;;
Trevélez;Granada;18180;37.00037;-3.26545
Turón;Granada;18181;;
Ugíjar;Granada;18182;36.96087;-3.05523
Válor;Granada;18183;36.99618;-3.08287
Vélez de Benaudalla;Granada;18184;36.83244;-3.51539
Ventas de Huelma;Granada;18185;37.0684;-3.81983
Villanueva de las Torres;Granada;18187;37.55719;-3.08868
Villanueva Mesía;Granada;18188;;
Víznar;Granada;18189;37.23149;-3.55382
Zafarraya;Granada;18192;36.97554;-4.14442
Zubia, La;Granada;18193;37.11906;-3.584
Zújar;Granada;18194;37.54285;-2.84197
Taha, La;Granada;18901;;
Valle, El;Granada;18902;;
Nevada;Granada;18903;;
Alpujarra de la Sierra;Granada;18904;;
Gabias, Las;Granada;18905;37.13296;-3.69765
Guájares, Los;Granada;18906;;
Valle del Zalabí;Granada;18907;;
Villamena;Granada;18908;;
Morelábor;Granada;18909;;
Pinar, El;Granada;18910;37.44457;-3.43861
Vegas del Genil;Granada;18911;;
Cuevas del Campo;Granada;18912;37.60755;-2.92938
Zagra;Granada;18913;37.25561;-4.16905
Valderrubio;Granada;18914;;
Domingo Pérez de Granada;Granada;18915;;
Torrenueva Costa;Granada;18916;;
Abánades;Guadalajara;19001;40.89261;-2.48526
Ablanque;Guadalajara;19002;40.89818;-2.22523
Adobes;Guadalajara;19003;40.67584;-1.67916
Alaminos;Guadalajara;19004;40.86303;-2.72573
Alarilla;Guadalajara;19005;40.84711;-3.1031
Albalate de Zorita;Guadalajara;19006;40.30812;-2.84267
Albares;Guadalajara;19007;40.3069;-3.00897
Albendiego;Guadalajara;19008;41.22742;-3.05171
Alcocer;Guadalajara;19009;40.46972;-2.6094
Alcolea de las Peñas;Guadalajara;19010;41.2096;-2.78483
Alcolea del Pinar;Guadalajara;19011;41.03569;-2.46645
Alcoroches;Guadalajara;19013;40.62669;-1.74629
Aldeanueva de Guadalajara;Guadalajara;19015;40.67988;-3.04438
Algar de Mesa;Guadalajara;19016;41.13494;-1.95964
Algora;Guadalajara;19017;40.96324;-2.66688
Alhóndiga;Guadalajara;19018;40.52669;-2.82438
Alique;Guadalajara;19019;40.58671;-2.64441
Almadrones;Guadalajara;19020;40.90096;-2.77406
Almoguera;Guadalajara;19021;40.29713;-2.9824
Almonacid de Zorita;Guadalajara;19022;40.32932;-2.8504
Alocén;Guadalajara;19023;40.57455;-2.74993
Alovera;Guadalajara;19024;40.59368;-3.24529
Alustante;Guadalajara;19027;40.61442;-1.6591
Angón;Guadalajara;19031;;
Anguita;Guadalajara;19032;41.02659;-2.36849
Anquela del Ducado;Guadalajara;19033;40.97084;-2.13066
Anquela del Pedregal;Guadalajara;19034;40.74336;-1.73697
Aranzueque;Guadalajara;19036;40.49094;-3.07448
Arbancón;Guadalajara;19037;40.96434;-3.11505
Arbeteta;Guadalajara;19038;40.66999;-2.40236
Argecilla;Guadalajara;19039;40.88151;-2.82181
Armallones;Guadalajara;19040;40.7358;-2.30257
Armuña de Tajuña;Guadalajara;19041;40.52884;-3.02819
Arroyo de las Fraguas;Guadalajara;19042;41.10246;-3.13005
Atanzón;Guadalajara;19043;40.66697;-2.99686
Atienza;Guadalajara;19044;41.19722;-2.87129
Auñón;Guadalajara;19045;40.51752;-2.7925
Azuqueca de Henares;Guadalajara;19046;40.56688;-3.25992
Baides;Guadalajara;19047;41.00685;-2.7762
Baños de Tajo;Guadalajara;19048;40.71667;-1.96667
Bañuelos;Guadalajara;19049;41.28601;-2.91477
Barriopedro;Guadalajara;19050;40.79026;-2.75246
Berninches;Guadalajara;19051;40.57106;-2.80121
Bodera, La;Guadalajara;19052;;
Brihuega;Guadalajara;19053;40.76049;-2.86966
Budia;Guadalajara;19054;40.62734;-2.75846
Bujalaro;Guadalajara;19055;40.93687;-2.88333
Bustares;Guadalajara;19057;41.13333;-3.06667
Cabanillas del Campo;Guadalajara;19058;40.63376;-3.22937
Campillo de Dueñas;Guadalajara;19059;40.88376;-1.68505
Campillo de Ranas;Guadalajara;19060;41.08601;-3.31431
Campisábalos;Guadalajara;19061;41.26667;-3.13333
Canredondo;Guadalajara;19064;40.81257;-2.49377
Cantalojas;Guadalajara;19065;41.23472;-3.24629
Cañizar;Guadalajara;19066;40.76763;-3.06399
Cardoso de la Sierra, El;Guadalajara;19067;;
Casa de Uceda;Guadalajara;19070;40.84115;-3.36849
Casar, El;Guadalajara;19071;;
Casas de San Galindo;Guadalajara;19073;40.87234;-2.9575
Caspueñas;Guadalajara;19074;40.69497;-2.97941
Castejón de Henares;Guadalajara;19075;40.93762;-2.78665
Castellar de la Muela;Guadalajara;19076;40.81902;-1.75932
Castilforte;Guadalajara;19078;40.55735;-2.43226
Castilnuevo;Guadalajara;19079;40.81431;-1.85782
Cendejas de Enmedio;Guadalajara;19080;;
Cendejas de la Torre;Guadalajara;19081;40.97916;-2.85053
Centenera;Guadalajara;19082;40.65064;-3.0512
Cifuentes;Guadalajara;19086;40.78622;-2.62245
Cincovillas;Guadalajara;19087;41.20501;-2.81834
Ciruelas;Guadalajara;19088;40.75021;-3.0858
Ciruelos del Pinar;Guadalajara;19089;;
Cobeta;Guadalajara;19090;40.8656;-2.14211
Cogollor;Guadalajara;19091;40.84818;-2.74425
Cogolludo;Guadalajara;19092;40.94691;-3.0893
Condemios de Abajo;Guadalajara;19095;41.21667;-3.1
Condemios de Arriba;Guadalajara;19096;41.21644;-3.12543
Congostrina;Guadalajara;19097;41.03719;-2.98569
Copernal;Guadalajara;19098;40.86463;-3.05396
Corduente;Guadalajara;19099;40.84304;-1.97841
Cubillo de Uceda, El;Guadalajara;19102;;
Checa;Guadalajara;19103;40.58614;-1.79056
Chequilla;Guadalajara;19104;40.606;-1.82787
Chiloeches;Guadalajara;19105;40.57038;-3.16003
Chillarón del Rey;Guadalajara;19106;40.59818;-2.69126
Driebes;Guadalajara;19107;40.24498;-3.04165
Durón;Guadalajara;19108;40.6253;-2.72662
Embid;Guadalajara;19109;40.97256;-1.71206
Escamilla;Guadalajara;19110;40.54979;-2.56292
Escariche;Guadalajara;19111;40.40553;-3.0531
Escopete;Guadalajara;19112;40.41324;-3.0046
Espinosa de Henares;Guadalajara;19113;40.90053;-3.06956
Esplegares;Guadalajara;19114;40.8565;-2.37084
Establés;Guadalajara;19115;41.00767;-2.02438
Estriégana;Guadalajara;19116;41.05821;-2.52363
Fontanar;Guadalajara;19117;40.72466;-3.17309
Fuembellida;Guadalajara;19118;40.75589;-1.99861
Fuencemillán;Guadalajara;19119;40.92063;-3.09818
Fuentelahiguera de Albatages;Guadalajara;19120;40.78312;-3.30492
Fuentelencina;Guadalajara;19121;40.51781;-2.88226
Fuentelsaz;Guadalajara;19122;41.07359;-1.83108
Fuentelviejo;Guadalajara;19123;40.52637;-2.9843
Fuentenovilla;Guadalajara;19124;40.36248;-3.09102
Gajanejos;Guadalajara;19125;40.84147;-2.89229
Galápagos;Guadalajara;19126;40.69347;-3.33537
Galve de Sorbe;Guadalajara;19127;41.21667;-3.18333
Gascueña de Bornova;Guadalajara;19129;41.14243;-3.01924
Guadalajara;Guadalajara;19130;40.62862;-3.16185
Henche;Guadalajara;19132;40.71474;-2.70746
Heras de Ayuso;Guadalajara;19133;;
Herrería;Guadalajara;19134;40.88815;-1.96014
Hiendelaencina;Guadalajara;19135;41.08373;-3.00337
Hijes;Guadalajara;19136;41.25139;-2.99989
Hita;Guadalajara;19138;40.82149;-3.0454
Hombrados;Guadalajara;19139;40.80118;-1.68558
Hontoba;Guadalajara;19142;40.45385;-3.03858
Horche;Guadalajara;19143;40.56399;-3.0611
Hortezuela de Océn;Guadalajara;19145;;
Huerce, La;Guadalajara;19146;;
Huérmeces del Cerro;Guadalajara;19147;41.05332;-2.79711
Huertahernando;Guadalajara;19148;40.82348;-2.28697
Hueva;Guadalajara;19150;40.46221;-2.96039
Humanes;Guadalajara;19151;40.82598;-3.15257
Illana;Guadalajara;19152;40.18442;-2.90889
Iniéstola;Guadalajara;19153;40.994;-2.37063
Inviernas, Las;Guadalajara;19154;;
Irueste;Guadalajara;19155;40.61206;-2.89072
Jadraque;Guadalajara;19156;40.92454;-2.92468
Jirueque;Guadalajara;19157;40.96431;-2.90289
Ledanca;Guadalajara;19159;40.86881;-2.8434
Loranca de Tajuña;Guadalajara;19160;40.44368;-3.11082
Lupiana;Guadalajara;19161;40.60846;-3.05118
Luzaga;Guadalajara;19162;40.97337;-2.44497
Luzón;Guadalajara;19163;41.02691;-2.27691
Majaelrayo;Guadalajara;19165;41.1126;-3.30257
Málaga del Fresno;Guadalajara;19166;40.7874;-3.24465
Malaguilla;Guadalajara;19167;40.81956;-3.2545
Mandayona;Guadalajara;19168;40.9561;-2.75021
Mantiel;Guadalajara;19169;40.61892;-2.66324
Maranchón;Guadalajara;19170;41.04754;-2.20482
Marchamalo;Guadalajara;19171;40.66677;-3.19914
Masegoso de Tajuña;Guadalajara;19172;40.82552;-2.69532
Matarrubia;Guadalajara;19173;40.86463;-3.28944
Matillas;Guadalajara;19174;40.94415;-2.8359
Mazarete;Guadalajara;19175;41.00086;-2.15921
Mazuecos;Guadalajara;19176;40.2602;-3.00755
Medranda;Guadalajara;19177;40.98333;-2.93719
Megina;Guadalajara;19178;40.63911;-1.87041
Membrillera;Guadalajara;19179;40.94807;-2.97969
Miedes de Atienza;Guadalajara;19181;41.26672;-2.96375
Mierla, La;Guadalajara;19182;;
Milmarcos;Guadalajara;19183;41.08622;-1.87652
Millana;Guadalajara;19184;40.50717;-2.57116
Miñosa, La;Guadalajara;19185;;
Mirabueno;Guadalajara;19186;40.94479;-2.72438
Miralrío;Guadalajara;19187;40.88901;-2.9434
Mochales;Guadalajara;19188;41.09647;-2.0156
Mohernando;Guadalajara;19189;40.80129;-3.17234
Molina de Aragón;Guadalajara;19190;40.84358;-1.88762
Monasterio;Guadalajara;19191;40.98547;-3.09711
Mondéjar;Guadalajara;19192;40.32095;-3.10686
Montarrón;Guadalajara;19193;40.90675;-3.11495
Moratilla de los Meleros;Guadalajara;19194;40.50182;-2.94276
Morenilla;Guadalajara;19195;40.78687;-1.70717
Muduex;Guadalajara;19196;40.8293;-2.95899
Navas de Jadraque, Las;Guadalajara;19197;;
Negredo;Guadalajara;19198;41.02737;-2.85878
Ocentejo;Guadalajara;19199;40.77234;-2.39764
Olivar, El;Guadalajara;19200;;
Olmeda de Cobeta;Guadalajara;19201;40.85971;-2.1828
Olmeda de Jadraque, La;Guadalajara;19202;;
Ordial, El;Guadalajara;19203;;
Orea;Guadalajara;19204;40.55725;-1.72738
Pálmaces de Jadraque;Guadalajara;19208;41.0561;-2.9106
Pardos;Guadalajara;19209;40.94818;-1.92555
Paredes de Sigüenza;Guadalajara;19210;41.24283;-2.73376
Pareja;Guadalajara;19211;40.55578;-2.64882
Pastrana;Guadalajara;19212;40.41902;-2.92256
Pedregal, El;Guadalajara;19213;;
Peñalén;Guadalajara;19214;40.6656;-2.06999
Peñalver;Guadalajara;19215;40.5814;-2.8889
Peralejos de las Truchas;Guadalajara;19216;40.59336;-1.90953
Peralveche;Guadalajara;19217;40.61078;-2.44957
Pinilla de Jadraque;Guadalajara;19218;41.01988;-2.94254
Pinilla de Molina;Guadalajara;19219;40.67969;-1.88034
Pioz;Guadalajara;19220;40.46153;-3.17234
Piqueras;Guadalajara;19221;40.66367;-1.72202
Pobo de Dueñas, El;Guadalajara;19222;;
Poveda de la Sierra;Guadalajara;19223;40.64329;-2.02905
Pozo de Almoguera;Guadalajara;19224;40.3403;-3.02638
Pozo de Guadalajara;Guadalajara;19225;40.49533;-3.1814
Prádena de Atienza;Guadalajara;19226;41.17245;-3.00728
Prados Redondos;Guadalajara;19227;40.78505;-1.79329
Puebla de Beleña;Guadalajara;19228;40.88794;-3.21624
Puebla de Valles;Guadalajara;19229;;
Quer;Guadalajara;19230;40.60532;-3.2753
Rebollosa de Jadraque;Guadalajara;19231;41.0904;-2.84201
Recuenco, El;Guadalajara;19232;;
Renera;Guadalajara;19233;40.48976;-3.01367
Retiendas;Guadalajara;19234;40.96835;-3.27229
Riba de Saelices;Guadalajara;19235;40.91145;-2.29715
Rillo de Gallo;Guadalajara;19237;40.86635;-1.9374
Riofrío del Llano;Guadalajara;19238;;
Robledillo de Mohernando;Guadalajara;19239;40.85118;-3.23162
Robledo de Corpes;Guadalajara;19240;41.11838;-2.95
Romanillos de Atienza;Guadalajara;19241;41.26667;-2.9
Romanones;Guadalajara;19242;40.57149;-2.99072
Rueda de la Sierra;Guadalajara;19243;40.91795;-1.85439
Sacecorbo;Guadalajara;19244;40.8328;-2.41838
Sacedón;Guadalajara;19245;40.48076;-2.73337
Saelices de la Sal;Guadalajara;19246;40.90723;-2.32325
Salmerón;Guadalajara;19247;40.54529;-2.49315
San Andrés del Congosto;Guadalajara;19248;40.99775;-3.02423
San Andrés del Rey;Guadalajara;19249;40.63837;-2.8202
Santiuste;Guadalajara;19250;41.08462;-2.80953
Saúca;Guadalajara;19251;41.03098;-2.52905
Sayatón;Guadalajara;19252;40.37635;-2.85253
Selas;Guadalajara;19254;40.9515;-2.10203
Setiles;Guadalajara;19255;40.73419;-1.6172
Sienes;Guadalajara;19256;41.20096;-2.65332
Sigüenza;Guadalajara;19257;41.06892;-2.64308
Solanillos del Extremo;Guadalajara;19258;40.75088;-2.69799
Somolinos;Guadalajara;19259;41.24606;-3.06004
Sotillo, El;Guadalajara;19260;;
Sotodosos;Guadalajara;19261;40.92149;-2.39211
Tamajón;Guadalajara;19262;40.99914;-3.24743
Taragudo;Guadalajara;19263;40.82106;-3.0768
Taravilla;Guadalajara;19264;40.69743;-1.96817
Tartanedo;Guadalajara;19265;40.99347;-1.92459
Tendilla;Guadalajara;19266;40.54379;-2.95782
Terzaga;Guadalajara;19267;40.69508;-1.90386
Tierzo;Guadalajara;19268;40.74925;-1.93069
Toba, La;Guadalajara;19269;;
Tordelrábano;Guadalajara;19270;41.21827;-2.75792
Tordellego;Guadalajara;19271;40.72165;-1.67036
Tordesilos;Guadalajara;19272;40.67074;-1.59372
Torija;Guadalajara;19274;40.74251;-3.0283
Torrecuadrada de Molina;Guadalajara;19277;40.74947;-1.80707
Torrecuadradilla;Guadalajara;19278;40.85364;-2.53215
Torre del Burgo;Guadalajara;19279;40.79176;-3.07723
Torrejón del Rey;Guadalajara;19280;40.64325;-3.33376
Torremocha de Jadraque;Guadalajara;19281;41.01881;-2.89918
Torremocha del Campo;Guadalajara;19282;40.97819;-2.61881
Torremocha del Pinar;Guadalajara;19283;40.88954;-2.04497
Torremochuela;Guadalajara;19284;40.76528;-1.8419
Torrubia;Guadalajara;19285;40.96581;-1.90064
Tórtola de Henares;Guadalajara;19286;40.70425;-3.12316
Tortuera;Guadalajara;19287;40.97181;-1.79764
Tortuero;Guadalajara;19288;40.93414;-3.35024
Traíd;Guadalajara;19289;;
Trijueque;Guadalajara;19290;40.77426;-2.99253
Trillo;Guadalajara;19291;40.70086;-2.59265
Uceda;Guadalajara;19293;40.83944;-3.4604
Ujados;Guadalajara;19294;41.23526;-3.00482
Utande;Guadalajara;19296;40.84832;-2.9277
Valdarachas;Guadalajara;19297;40.5171;-3.12652
Valdearenas;Guadalajara;19298;40.80939;-2.99218
Valdeavellano;Guadalajara;19299;40.6656;-2.96977
Valdeaveruelo;Guadalajara;19300;40.63473;-3.31367
Valdeconcha;Guadalajara;19301;40.45643;-2.87663
Valdegrudas;Guadalajara;19302;40.71125;-3.01209
Valdelcubo;Guadalajara;19303;41.22637;-2.67588
Valdenuño Fernández;Guadalajara;19304;;
Valdepeñas de la Sierra;Guadalajara;19305;40.90562;-3.38414
Valderrebollo;Guadalajara;19306;40.81035;-2.72887
Valdesotos;Guadalajara;19307;40.95546;-3.32542
Valfermoso de Tajuña;Guadalajara;19308;40.61902;-2.95407
Valhermoso;Guadalajara;19309;40.7859;-1.96121
Valtablado del Río;Guadalajara;19310;40.7142;-2.40225
Valverde de los Arroyos;Guadalajara;19311;41.1293;-3.23333
Viana de Jadraque;Guadalajara;19314;41.02577;-2.76966
Villanueva de Alcorón;Guadalajara;19317;40.67956;-2.25145
Villanueva de Argecilla;Guadalajara;19318;40.90257;-2.91431
Villanueva de la Torre;Guadalajara;19319;40.58216;-3.29764
Villares de Jadraque;Guadalajara;19321;41.10169;-3.02558
Villaseca de Henares;Guadalajara;19322;40.9606;-2.79775
Villaseca de Uceda;Guadalajara;19323;40.81827;-3.34904
Villel de Mesa;Guadalajara;19324;41.12616;-1.99072
Viñuelas;Guadalajara;19325;40.79229;-3.34036
Yebes;Guadalajara;19326;40.53162;-3.10782
Yebra;Guadalajara;19327;40.35702;-2.9663
Yélamos de Abajo;Guadalajara;19329;40.63092;-2.85803
Yélamos de Arriba;Guadalajara;19330;40.64008;-2.8434
Yunquera de Henares;Guadalajara;19331;40.75139;-3.1626
Yunta, La;Guadalajara;19332;;
Zaorejas;Guadalajara;19333;40.76209;-2.2012
Zarzuela de Jadraque;Guadalajara;19334;41.06838;-3.04436
Zorita de los Canes;Guadalajara;19335;40.33052;-2.88764
Semillas;Guadalajara;19901;41.05857;-3.11945
Abaltzisketa;Gipuzkoa;20001;;
Aduna;Gipuzkoa;20002;43.20375;-2.05033
Aizarnazabal;Gipuzkoa;20003;43.25591;-2.23607
Albiztur;Gipuzkoa;20004;43.12933;-2.13649
Alegia;Gipuzkoa;20005;;
Alkiza;Gipuzkoa;20006;;
Altzo;Gipuzkoa;20007;;
Amezketa;Gipuzkoa;20008;;
Andoain;Gipuzkoa;20009;43.21658;-2.0253
Anoeta;Gipuzkoa;20010;43.16241;-2.07107
Antzuola;Gipuzkoa;20011;;
Arama;Gipuzkoa;20012;43.06335;-2.1654
Aretxabaleta;Gipuzkoa;20013;43.03414;-2.50456
Asteasu;Gipuzkoa;20014;43.19436;-2.09818
Ataun;Gipuzkoa;20015;43.00612;-2.17663
Aia;Gipuzkoa;20016;;
Azkoitia;Gipuzkoa;20017;43.17744;-2.31129
Azpeitia;Gipuzkoa;20018;43.18246;-2.26693
Beasain;Gipuzkoa;20019;43.05017;-2.20087
Beizama;Gipuzkoa;20020;43.13385;-2.20001
Belauntza;Gipuzkoa;20021;;
Berastegi;Gipuzkoa;20022;;
Berrobi;Gipuzkoa;20023;43.14518;-2.02623
Bidania-Goiatz;Gipuzkoa;20024;;
Zegama;Gipuzkoa;20025;;
Zerain;Gipuzkoa;20026;;
Zestoa;Gipuzkoa;20027;;
Zizurkil;Gipuzkoa;20028;43.19917;-2.0742
Deba;Gipuzkoa;20029;43.29571;-2.35213
Eibar;Gipuzkoa;20030;43.18493;-2.47158
Elduain;Gipuzkoa;20031;;
Elgoibar;Gipuzkoa;20032;43.21601;-2.41334
Elgeta;Gipuzkoa;20033;43.13703;-2.48862
Eskoriatza;Gipuzkoa;20034;43.01829;-2.52598
Ezkio-Itsaso;Gipuzkoa;20035;;
Hondarribia;Gipuzkoa;20036;;
Gaintza;Gipuzkoa;20037;;
Gabiria;Gipuzkoa;20038;43.04934;-2.27962
Getaria;Gipuzkoa;20039;43.30326;-2.20444
Hernani;Gipuzkoa;20040;43.26615;-1.97615
Hernialde;Gipuzkoa;20041;43.15446;-2.08521
Ibarra;Gipuzkoa;20042;43.13127;-2.06487
Idiazabal;Gipuzkoa;20043;43.01189;-2.23356
Ikaztegieta;Gipuzkoa;20044;;
Irun;Gipuzkoa;20045;43.33904;-1.78938
Irura;Gipuzkoa;20046;43.16651;-2.06746
Itsasondo;Gipuzkoa;20047;;
Larraul;Gipuzkoa;20048;43.18773;-2.10202
Lazkao;Gipuzkoa;20049;;
Leaburu;Gipuzkoa;20050;43.12188;-2.0543
Legazpi;Gipuzkoa;20051;;
Legorreta;Gipuzkoa;20052;43.08464;-2.15017
Lezo;Gipuzkoa;20053;43.32142;-1.89739
Lizartza;Gipuzkoa;20054;;
Arrasate/Mondragón;Gipuzkoa;20055;43.06441;-2.48977
Mutriku;Gipuzkoa;20056;43.30643;-2.38517
Mutiloa;Gipuzkoa;20057;43.02288;-2.27257
Olaberria;Gipuzkoa;20058;43.02726;-2.20349
Oñati;Gipuzkoa;20059;;
Orexa;Gipuzkoa;20060;;
Orio;Gipuzkoa;20061;43.2787;-2.12537
Ormaiztegi;Gipuzkoa;20062;;
Oiartzun;Gipuzkoa;20063;;
Pasaia;Gipuzkoa;20064;43.3253;-1.92707
Soraluze-Placencia de las Armas;Gipuzkoa;20065;;
Errezil;Gipuzkoa;20066;43.16505;-2.17395
Errenteria;Gipuzkoa;20067;43.31195;-1.90234
Leintz-Gatzaga;Gipuzkoa;20068;42.98684;-2.56851
Donostia/San Sebastián;Gipuzkoa;20069;;
Segura;Gipuzkoa;20070;43.00753;-2.254
Tolosa;Gipuzkoa;20071;43.13484;-2.07801
Urnieta;Gipuzkoa;20072;43.24727;-1.99084
Usurbil;Gipuzkoa;20073;43.27164;-2.04912
Bergara;Gipuzkoa;20074;43.1151;-2.4175
Villabona;Gipuzkoa;20075;43.1854;-2.05304
Ordizia;Gipuzkoa;20076;;
Urretxu;Gipuzkoa;20077;43.091;-2.31701
Zaldibia;Gipuzkoa;20078;;
Zarautz;Gipuzkoa;20079;43.28444;-2.16992
Zumarraga;Gipuzkoa;20080;43.08858;-2.31408
Zumaia;Gipuzkoa;20081;43.29469;-2.25341
Mendaro;Gipuzkoa;20901;43.25326;-2.38568
Lasarte-Oria;Gipuzkoa;20902;;
Astigarraga;Gipuzkoa;20903;43.28174;-1.94634
Baliarrain;Gipuzkoa;20904;43.06928;-2.12781
Orendain;Gipuzkoa;20905;43.07896;-2.11201
Altzaga;Gipuzkoa;20906;;
Gaztelu;Gipuzkoa;20907;43.11622;-2.02439
Alájar;Huelva;21001;37.87408;-6.66536
Aljaraque;Huelva;21002;37.26989;-7.02313
Almendro, El;Huelva;21003;;
Almonaster la Real;Huelva;21004;;
Almonte;Huelva;21005;37.2647;-6.51667
Alosno;Huelva;21006;37.54861;-7.1147
Aracena;Huelva;21007;37.89396;-6.56116
Aroche;Huelva;21008;37.94213;-6.9576
Arroyomolinos de León;Huelva;21009;38.01667;-6.41667
Ayamonte;Huelva;21010;37.20994;-7.40266
Beas;Huelva;21011;37.4257;-6.79318
Berrocal;Huelva;21012;37.60863;-6.54147
Bollullos Par del Condado;Huelva;21013;37.34127;-6.5397
Bonares;Huelva;21014;37.32423;-6.68073
Cabezas Rubias;Huelva;21015;37.7266;-7.08738
Cala;Huelva;21016;37.96667;-6.31667
Calañas;Huelva;21017;37.65568;-6.8805
Campillo, El;Huelva;21018;;
Campofrío;Huelva;21019;37.76652;-6.57363
Cañaveral de León;Huelva;21020;38.01667;-6.51667
Cartaya;Huelva;21021;37.28114;-7.15071
Castaño del Robledo;Huelva;21022;;
Cerro de Andévalo, El;Huelva;21023;37.73537;-6.93692
Corteconcepción;Huelva;21024;37.9;-6.5
Cortegana;Huelva;21025;37.91116;-6.82045
Cortelazor;Huelva;21026;37.93639;-6.62462
Cumbres de Enmedio;Huelva;21027;;
Cumbres de San Bartolomé;Huelva;21028;;
Cumbres Mayores;Huelva;21029;38.06194;-6.64565
Chucena;Huelva;21030;37.36305;-6.39304
Encinasola;Huelva;21031;38.13413;-6.86675
Escacena del Campo;Huelva;21032;37.40837;-6.3887
Fuenteheridos;Huelva;21033;37.90545;-6.66108
Galaroza;Huelva;21034;37.92864;-6.7073
Gibraleón;Huelva;21035;37.37628;-6.96895
Granada de Río-Tinto, La;Huelva;21036;;
Granado, El;Huelva;21037;;
Higuera de la Sierra;Huelva;21038;37.83333;-6.45
Hinojales;Huelva;21039;38;-6.58333
Hinojos;Huelva;21040;37.29173;-6.37872
Huelva;Huelva;21041;37.26638;-6.94004
Isla Cristina;Huelva;21042;37.2;-7.31667
Jabugo;Huelva;21043;37.91622;-6.72968
Lepe;Huelva;21044;37.25482;-7.20433
Linares de la Sierra;Huelva;21045;37.87963;-6.62321
Lucena del Puerto;Huelva;21046;37.30396;-6.72926
Manzanilla;Huelva;21047;37.38987;-6.43295
Marines, Los;Huelva;21048;;
Minas de Riotinto;Huelva;21049;;
Moguer;Huelva;21050;37.27559;-6.83851
Nava, La;Huelva;21051;;
Nerva;Huelva;21052;37.69627;-6.54967
Niebla;Huelva;21053;37.36213;-6.67894
Palma del Condado, La;Huelva;21054;37.38605;-6.55231
Palos de la Frontera;Huelva;21055;37.23457;-6.89471
Paterna del Campo;Huelva;21056;37.41948;-6.40248
Paymogo;Huelva;21057;37.73999;-7.34499
Puebla de Guzmán;Huelva;21058;37.61427;-7.24878
Puerto Moral;Huelva;21059;;
Punta Umbría;Huelva;21060;37.18213;-6.96605
Rociana del Condado;Huelva;21061;;
Rosal de la Frontera;Huelva;21062;37.96754;-7.21889
San Bartolomé de la Torre;Huelva;21063;37.44515;-7.10597
San Juan del Puerto;Huelva;21064;37.31667;-6.84139
Sanlúcar de Guadiana;Huelva;21065;37.47268;-7.46546
San Silvestre de Guzmán;Huelva;21066;37.3877;-7.34908
Santa Ana la Real;Huelva;21067;37.86245;-6.72385
Santa Bárbara de Casa;Huelva;21068;37.79665;-7.18735
Santa Olalla del Cala;Huelva;21069;37.9;-6.21667
Trigueros;Huelva;21070;37.38606;-6.8268
Valdelarco;Huelva;21071;37.94877;-6.68202
Valverde del Camino;Huelva;21072;37.57511;-6.75432
Villablanca;Huelva;21073;37.30239;-7.34413
Villalba del Alcor;Huelva;21074;37.39731;-6.47461
Villanueva de las Cruces;Huelva;21075;37.62783;-7.02359
Villanueva de los Castillejos;Huelva;21076;37.4994;-7.29118
Villarrasa;Huelva;21077;37.38849;-6.60641
Zalamea la Real;Huelva;21078;37.68012;-6.65977
Zufre;Huelva;21079;37.83333;-6.33333
Zarza-Perrunal, La;Huelva;21902;;
Abiego;Huesca;22001;42.12094;-0.06873
Abizanda;Huesca;22002;42.24236;0.19717
Adahuesca;Huesca;22003;42.1461;-0.00804
Agüero;Huesca;22004;;
Aisa;Huesca;22006;;
Albalate de Cinca;Huesca;22007;41.72521;0.15244
Albalatillo;Huesca;22008;41.73527;-0.15115
Albelda;Huesca;22009;41.86542;0.45999
Albero Alto;Huesca;22011;42.05031;-0.3371
Albero Bajo;Huesca;22012;42.0238;-0.38018
Alberuela de Tubo;Huesca;22013;41.90846;-0.21418
Alcalá de Gurrea;Huesca;22014;42.06653;-0.68534
Alcalá del Obispo;Huesca;22015;42.0773;-0.2912
Alcampell;Huesca;22016;;
Alcolea de Cinca;Huesca;22017;41.71944;0.11716
Alcubierre;Huesca;22018;41.80757;-0.45291
Alerre;Huesca;22019;42.16468;-0.46369
Alfántega;Huesca;22020;41.82832;0.14823
Almudévar;Huesca;22021;;
Almunia de San Juan;Huesca;22022;;
Almuniente;Huesca;22023;41.94949;-0.41173
Alquézar;Huesca;22024;42.17268;0.02586
Altorricón;Huesca;22025;;
Angüés;Huesca;22027;42.11109;-0.15298
Ansó;Huesca;22028;42.75785;-0.82947
Antillón;Huesca;22029;42.03639;-0.16239
Aragüés del Puerto;Huesca;22032;42.70641;-0.66999
Arén;Huesca;22035;;
Argavieso;Huesca;22036;42.05275;-0.27834
Arguis;Huesca;22037;42.31476;-0.43967
Ayerbe;Huesca;22039;42.27267;-0.68844
Azanuy-Alins;Huesca;22040;;
Azara;Huesca;22041;42.07033;-0.02921
Azlor;Huesca;22042;42.09427;-0.04594
Baélls;Huesca;22043;41.95325;0.45956
Bailo;Huesca;22044;42.50906;-0.81136
Baldellou;Huesca;22045;;
Ballobar;Huesca;22046;41.62106;0.192
Banastás;Huesca;22047;42.18089;-0.45191
Barbastro;Huesca;22048;42.03565;0.12686
Barbués;Huesca;22049;41.98085;-0.41949
Barbuñales;Huesca;22050;42.02563;-0.08659
Bárcabo;Huesca;22051;42.24219;0.06934
Belver de Cinca;Huesca;22052;;
Benabarre;Huesca;22053;;
Benasque;Huesca;22054;42.60528;0.52305
Berbegal;Huesca;22055;41.95959;-0.00326
Bielsa;Huesca;22057;42.63347;0.21858
Bierge;Huesca;22058;42.16216;-0.08326
Biescas;Huesca;22059;42.62897;-0.32135
Binaced;Huesca;22060;41.82564;0.20084
Binéfar;Huesca;22061;41.85141;0.29433
Bisaurri;Huesca;22062;42.49677;0.50647
Biscarrués;Huesca;22063;42.22867;-0.74967
Blecua y Torres;Huesca;22064;;
Boltaña;Huesca;22066;42.4455;0.06802
Bonansa;Huesca;22067;42.42691;0.66692
Borau;Huesca;22068;42.65858;-0.58846
Broto;Huesca;22069;42.60434;-0.12351
Caldearenas;Huesca;22072;;
Campo;Huesca;22074;42.40956;0.39615
Camporrélls;Huesca;22075;41.95856;0.52136
Canal de Berdún;Huesca;22076;;
Candasnos;Huesca;22077;41.50213;0.06425
Canfranc;Huesca;22078;42.71628;-0.52563
Capdesaso;Huesca;22079;41.84287;-0.18316
Capella;Huesca;22080;42.19635;0.39637
Casbas de Huesca;Huesca;22081;42.1555;-0.1399
Castejón del Puente;Huesca;22082;41.96179;0.15883
Castejón de Monegros;Huesca;22083;41.61802;-0.24013
Castejón de Sos;Huesca;22084;42.51235;0.49241
Castelflorite;Huesca;22085;41.80273;-0.02169
Castiello de Jaca;Huesca;22086;42.62964;-0.5502
Castigaleu;Huesca;22087;42.20374;0.57944
Castillazuelo;Huesca;22088;42.06774;0.06491
Castillonroy;Huesca;22089;;
Colungo;Huesca;22090;42.17125;0.06812
Chalamera;Huesca;22094;41.66567;0.16299
Chía;Huesca;22095;42.5208;0.46563
Chimillas;Huesca;22096;42.17033;-0.45168
Esplús;Huesca;22099;41.7987;0.27586
Estada;Huesca;22102;42.07201;0.23219
Estadilla;Huesca;22103;42.05657;0.24343
Estopiñán del Castillo;Huesca;22105;;
Fago;Huesca;22106;42.7344;-0.88131
Fanlo;Huesca;22107;;
Fiscal;Huesca;22109;42.49561;-0.12094
Fonz;Huesca;22110;42.01015;0.25878
Foradada del Toscar;Huesca;22111;;
Fraga;Huesca;22112;41.52294;0.34894
Fueva, La;Huesca;22113;;
Gistaín;Huesca;22114;42.5911;0.33478
Grado, El;Huesca;22115;;
Grañén;Huesca;22116;41.94104;-0.36941
Graus;Huesca;22117;42.18885;0.33749
Gurrea de Gállego;Huesca;22119;42.01541;-0.7615
Hoz de Jaca;Huesca;22122;42.69045;-0.3065
Huerto;Huesca;22124;41.93128;-0.16684
Huesca;Huesca;22125;42.13615;-0.4087
Ibieca;Huesca;22126;42.16079;-0.20855
Igriés;Huesca;22127;42.21443;-0.43201
Ilche;Huesca;22128;41.95702;0.05728
Isábena;Huesca;22129;;
Jaca;Huesca;22130;42.56898;-0.54987
Jasa;Huesca;22131;42.6948;-0.66605
Labuerda;Huesca;22133;42.45234;0.13561
Laluenga;Huesca;22135;42.00703;-0.04715
Lalueza;Huesca;22136;41.83967;-0.25493
Lanaja;Huesca;22137;41.77063;-0.33095
Laperdiguera;Huesca;22139;41.99053;-0.04657
Lascellas-Ponzano;Huesca;22141;;
Lascuarre;Huesca;22142;42.19611;0.5201
Laspaúles;Huesca;22143;42.47136;0.59698
Laspuña;Huesca;22144;42.50374;0.15441
Loarre;Huesca;22149;42.31432;-0.62588
Loporzano;Huesca;22150;42.16137;-0.32337
Loscorrales;Huesca;22151;42.25451;-0.64296
Monesma y Cajigar;Huesca;22155;;
Monflorite-Lascasas;Huesca;22156;;
Montanuy;Huesca;22157;;
Monzón;Huesca;22158;41.91084;0.19406
Naval;Huesca;22160;42.19503;0.15183
Novales;Huesca;22162;42.03201;-0.287
Nueno;Huesca;22163;42.26697;-0.43906
Olvena;Huesca;22164;;
Ontiñena;Huesca;22165;41.67663;0.08858
Osso de Cinca;Huesca;22167;;
Palo;Huesca;22168;42.3227;0.24376
Panticosa;Huesca;22170;;
Peñalba;Huesca;22172;41.50087;-0.03798
Peñas de Riglos, Las;Huesca;22173;;
Peralta de Alcofea;Huesca;22174;;
Peralta de Calasanz;Huesca;22175;;
Peraltilla;Huesca;22176;42.05407;-0.0184
Perarrúa;Huesca;22177;;
Pertusa;Huesca;22178;42.00214;-0.12732
Piracés;Huesca;22181;42.00448;-0.31769
Plan;Huesca;22182;42.58126;0.33742
Poleñino;Huesca;22184;41.86972;-0.31009
Pozán de Vero;Huesca;22186;42.08219;0.03066
Puebla de Castro, La;Huesca;22187;;
Puente de Montañana;Huesca;22188;;
Puértolas;Huesca;22189;42.54748;0.13214
Pueyo de Araguás, El;Huesca;22190;;
Pueyo de Santa Cruz;Huesca;22193;41.85799;0.1566
Quicena;Huesca;22195;42.14797;-0.36049
Robres;Huesca;22197;41.86746;-0.46094
Sabiñánigo;Huesca;22199;42.51924;-0.36607
Sahún;Huesca;22200;42.5759;0.46546
Salas Altas;Huesca;22201;42.11407;0.06821
Salas Bajas;Huesca;22202;42.10046;0.08349
Salillas;Huesca;22203;41.99498;-0.22278
Sallent de Gállego;Huesca;22204;42.77127;-0.33448
San Esteban de Litera;Huesca;22205;;
Sangarrén;Huesca;22206;42.01921;-0.43323
San Juan de Plan;Huesca;22207;;
Santa Cilia;Huesca;22208;;
Santa Cruz de la Serós;Huesca;22209;42.52271;-0.67515
Santaliestra y San Quílez;Huesca;22212;;
Sariñena;Huesca;22213;41.79128;-0.15804
Secastilla;Huesca;22214;42.18112;0.26736
Seira;Huesca;22215;42.47696;0.43127
Sena;Huesca;22217;;
Senés de Alcubierre;Huesca;22218;41.90731;-0.48906
Sesa;Huesca;22220;41.99484;-0.24511
Sesué;Huesca;22221;42.55131;0.47212
Siétamo;Huesca;22222;42.12392;-0.28066
Sopeira;Huesca;22223;42.31615;0.74632
Tamarite de Litera;Huesca;22225;;
Tardienta;Huesca;22226;41.97781;-0.53731
Tella-Sin;Huesca;22227;;
Tierz;Huesca;22228;42.13356;-0.35489
Tolva;Huesca;22229;;
Torla-Ordesa;Huesca;22230;;
Torralba de Aragón;Huesca;22232;41.93487;-0.51053
Torre la Ribera;Huesca;22233;;
Torrente de Cinca;Huesca;22234;;
Torres de Alcanadre;Huesca;22235;41.96727;-0.11096
Torres de Barbués;Huesca;22236;41.9605;-0.4335
Tramaced;Huesca;22239;41.97318;-0.29752
Valfarta;Huesca;22242;41.55726;-0.13304
Valle de Bardají;Huesca;22243;;
Valle de Lierp;Huesca;22244;;
Velilla de Cinca;Huesca;22245;;
Beranuy;Huesca;22246;;
Viacamp y Litera;Huesca;22247;;
Vicién;Huesca;22248;;
Villanova;Huesca;22249;42.54702;0.46183
Villanúa;Huesca;22250;42.6797;-0.53769
Villanueva de Sigena;Huesca;22251;41.71576;-0.00897
Yebra de Basa;Huesca;22252;42.48647;-0.28178
Yésero;Huesca;22253;42.61911;-0.2502
Zaidín;Huesca;22254;;
Valle de Hecho;Huesca;22901;;
Puente la Reina de Jaca;Huesca;22902;;
San Miguel del Cinca;Huesca;22903;;
Sotonera, La;Huesca;22904;;
Lupiñén-Ortilla;Huesca;22905;;
Santa María de Dulcis;Huesca;22906;;
Aínsa-Sobrarbe;Huesca;22907;;
Hoz y Costean;Huesca;22908;;
Vencillón;Huesca;22909;;
Albanchez de Mágina;Jaén;23001;;
Alcalá la Real;Jaén;23002;37.4614;-3.92301
Alcaudete;Jaén;23003;37.59091;-4.08237
Aldeaquemada;Jaén;23004;38.41215;-3.37137
Andújar;Jaén;23005;38.03922;-4.05077
Arjona;Jaén;23006;37.93493;-4.05478
Arjonilla;Jaén;23007;37.97422;-4.10677
Arquillos;Jaén;23008;38.18148;-3.42827
Baeza;Jaén;23009;37.99384;-3.47103
Bailén;Jaén;23010;38.09639;-3.77786
Baños de la Encina;Jaén;23011;38.17379;-3.77477
Beas de Segura;Jaén;23012;38.2524;-2.88875
Begíjar;Jaén;23014;37.98492;-3.53094
Bélmez de la Moraleda;Jaén;23015;37.72382;-3.38207
Benatae;Jaén;23016;38.35323;-2.65121
Cabra del Santo Cristo;Jaén;23017;37.70379;-3.28765
Cambil;Jaén;23018;37.67934;-3.56537
Campillo de Arenas;Jaén;23019;37.55535;-3.63552
Canena;Jaén;23020;38.0493;-3.4831
Carboneros;Jaén;23021;38.22958;-3.63139
Carolina, La;Jaén;23024;38.27559;-3.61535
Castellar;Jaén;23025;;
Castillo de Locubín;Jaén;23026;37.52858;-3.9422
Cazalilla;Jaén;23027;37.98389;-3.88295
Cazorla;Jaén;23028;37.91495;-3.00342
Chiclana de Segura;Jaén;23029;38.31187;-3.04219
Chilluévar;Jaén;23030;38.00088;-3.0324
Escañuela;Jaén;23031;37.87885;-4.03376
Espeluy;Jaén;23032;38.0318;-3.86309
Frailes;Jaén;23033;37.48617;-3.83743
Fuensanta de Martos;Jaén;23034;37.64756;-3.90846
Fuerte del Rey;Jaén;23035;37.87492;-3.88389
Génave;Jaén;23037;38.43062;-2.7331
Guardia de Jaén, La;Jaén;23038;37.74303;-3.69312
Guarromán;Jaén;23039;38.18282;-3.68697
Lahiguera;Jaén;23040;;
Higuera de Calatrava;Jaén;23041;37.79848;-4.15737
Hinojares;Jaén;23042;37.71586;-2.99769
Hornos;Jaén;23043;;
Huelma;Jaén;23044;37.64784;-3.45985
Huesa;Jaén;23045;37.76434;-3.07639
Ibros;Jaén;23046;38.02106;-3.50313
Iruela, La;Jaén;23047;37.91986;-2.99659
Iznatoraf;Jaén;23048;38.15706;-3.03242
Jabalquinto;Jaén;23049;38.01935;-3.72512
Jaén;Jaén;23050;37.76922;-3.79028
Jamilena;Jaén;23051;37.74717;-3.91433
Jimena;Jaén;23052;37.84157;-3.4771
Jódar;Jaén;23053;37.84064;-3.35262
Larva;Jaén;23054;37.76069;-3.20269
Linares;Jaén;23055;38.09519;-3.63602
Lopera;Jaén;23056;37.94542;-4.21463
Lupión;Jaén;23057;37.99653;-3.54699
Mancha Real;Jaén;23058;37.78627;-3.61226
Marmolejo;Jaén;23059;38.04549;-4.17029
Martos;Jaén;23060;37.72107;-3.97264
Mengíbar;Jaén;23061;37.96978;-3.80884
Montizón;Jaén;23062;38.34249;-3.10404
Navas de San Juan;Jaén;23063;38.18382;-3.31598
Noalejo;Jaén;23064;37.53017;-3.65615
Orcera;Jaén;23065;38.31742;-2.66487
Peal de Becerro;Jaén;23066;37.91338;-3.12148
Pegalajar;Jaén;23067;37.74008;-3.64946
Porcuna;Jaén;23069;37.87102;-4.18501
Pozo Alcón;Jaén;23070;37.70256;-2.93367
Puente de Génave;Jaén;23071;38.35544;-2.8032
Puerta de Segura, La;Jaén;23072;38.35293;-2.73956
Quesada;Jaén;23073;37.84338;-3.06561
Rus;Jaén;23074;38.04759;-3.46254
Sabiote;Jaén;23075;38.06916;-3.31448
Santa Elena;Jaén;23076;38.34162;-3.53953
Santiago de Calatrava;Jaén;23077;37.75382;-4.17093
Santisteban del Puerto;Jaén;23079;38.24829;-3.20762
Santo Tomé;Jaén;23080;38.02861;-3.10092
Segura de la Sierra;Jaén;23081;38.29777;-2.65229
Siles;Jaén;23082;38.38983;-2.5819
Sorihuela del Guadalimar;Jaén;23084;38.24062;-3.0536
Torreblascopedro;Jaén;23085;37.9975;-3.6378
Torredelcampo;Jaén;23086;;
Torredonjimeno;Jaén;23087;37.76748;-3.95776
Torreperogil;Jaén;23088;38.0354;-3.28998
Torres;Jaén;23090;37.78537;-3.50902
Torres de Albánchez;Jaén;23091;;
Úbeda;Jaén;23092;38.01328;-3.3705
Valdepeñas de Jaén;Jaén;23093;37.58903;-3.8145
Vilches;Jaén;23094;38.20695;-3.51025
Villacarrillo;Jaén;23095;38.1156;-3.0848
Villanueva de la Reina;Jaén;23096;38.00432;-3.91603
Villanueva del Arzobispo;Jaén;23097;38.16842;-3.00742
Villardompardo;Jaén;23098;37.83735;-4.00051
Villares, Los;Jaén;23099;;
Villarrodrigo;Jaén;23101;;
Cárcheles;Jaén;23901;;
Bedmar y Garcíez;Jaén;23902;;
Villatorres;Jaén;23903;;
Santiago-Pontones;Jaén;23904;;
Arroyo del Ojanco;Jaén;23905;38.32065;-2.89486
Acebedo;León;24001;43.03969;-5.116
Algadefe;León;24002;42.21931;-5.58419
Alija del Infantado;León;24003;;
Almanza;León;24004;42.65825;-5.0362
Antigua, La;León;24005;;
Ardón;León;24006;42.43629;-5.56048
Arganza;León;24007;42.64077;-6.68627
Astorga;León;24008;42.45879;-6.05601
Balboa;León;24009;42.70608;-6.92222
Bañeza, La;León;24010;42.30026;-5.89772
Barjas;León;24011;42.61182;-6.97979
Barrios de Luna, Los;León;24012;;
Bembibre;León;24014;42.61771;-6.41545
Benavides;León;24015;42.50442;-5.89442
Benuza;León;24016;42.39941;-6.70969
Bercianos del Páramo;León;24017;42.38017;-5.70834
Bercianos del Real Camino;León;24018;42.38732;-5.14462
Berlanga del Bierzo;León;24019;42.73104;-6.60565
Boca de Huérgano;León;24020;42.97287;-4.92419
Boñar;León;24021;42.8668;-5.32386
Borrenes;León;24022;42.49019;-6.72338
Brazuelo;León;24023;42.49702;-6.15734
Burgo Ranero, El;León;24024;;
Burón;León;24025;43.02486;-5.05119
Bustillo del Páramo;León;24026;42.44126;-5.7928
Cabañas Raras;León;24027;;
Cabreros del Río;León;24028;42.40205;-5.54154
Cabrillanes;León;24029;42.95343;-6.14849
Cacabelos;León;24030;42.60021;-6.72373
Calzada del Coto;León;24031;42.38613;-5.07809
Campazas;León;24032;42.14219;-5.49349
Campo de Villavidel;León;24033;42.43906;-5.52808
Camponaraya;León;24034;42.57799;-6.66709
Valle de Ancares;León;24036;;
Cármenes;León;24037;42.95863;-5.57346
Carracedelo;León;24038;42.55602;-6.73317
Carrizo;León;24039;;
Carrocera;León;24040;42.79605;-5.74374
Carucedo;León;24041;42.49029;-6.76565
Castilfalé;León;24042;42.21991;-5.42122
Castrillo de Cabrera;León;24043;42.34036;-6.54451
Castrillo de la Valduerna;León;24044;42.32393;-6.13455
Castrocalbón;León;24046;42.19706;-5.98226
Castrocontrigo;León;24047;42.18363;-6.19022
Castropodame;León;24049;42.57943;-6.46837
Castrotierra de Valmadrigal;León;24050;;
Cea;León;24051;;
Cebanico;León;24052;42.72526;-5.02568
Cebrones del Río;León;24053;42.25726;-5.82622
Cimanes de la Vega;León;24054;42.11646;-5.59851
Cimanes del Tejar;León;24055;42.61789;-5.80506
Cistierna;León;24056;42.80344;-5.12664
Congosto;León;24057;42.61755;-6.52048
Corbillos de los Oteros;León;24058;42.40769;-5.45963
Corullón;León;24059;42.57896;-6.81925
Crémenes;León;24060;42.90357;-5.14374
Cuadros;León;24061;42.71163;-5.63828
Cubillas de los Oteros;León;24062;42.37199;-5.50877
Cubillas de Rueda;León;24063;42.65626;-5.17528
Cubillos del Sil;León;24064;42.62519;-6.5636
Chozas de Abajo;León;24065;42.50657;-5.68656
Destriana;León;24066;42.32729;-6.09573
Encinedo;León;24067;42.27049;-6.59368
Ercina, La;León;24068;;
Escobar de Campos;León;24069;42.31337;-4.96573
Fabero;León;24070;42.76803;-6.62651
Folgoso de la Ribera;León;24071;42.64693;-6.32035
Fresno de la Vega;León;24073;42.34545;-5.53587
Fuentes de Carbajal;León;24074;42.17776;-5.44606
Garrafe de Torío;León;24076;42.73285;-5.5236
Gordaliza del Pino;León;24077;42.34357;-5.15731
Gordoncillo;León;24078;42.13557;-5.40181
Gradefes;León;24079;42.62396;-5.22691
Grajal de Campos;León;24080;42.32073;-5.01938
Gusendos de los Oteros;León;24081;42.37818;-5.43088
Hospital de Órbigo;León;24082;42.46354;-5.88636
Igüeña;León;24083;42.72853;-6.27738
Izagre;León;24084;42.2241;-5.25727
Joarilla de las Matas;León;24086;42.28755;-5.17855
Laguna Dalga;León;24087;42.33192;-5.7522
Laguna de Negrillos;León;24088;42.23889;-5.66066
León;León;24089;42.60003;-5.57032
Lucillo;León;24090;;
Luyego;León;24091;42.36667;-6.23333
Llamas de la Ribera;León;24092;42.63504;-5.82524
Magaz de Cepeda;León;24093;42.53967;-6.0717
Mansilla de las Mulas;León;24094;42.49886;-5.41738
Mansilla Mayor;León;24095;42.50943;-5.44271
Maraña;León;24096;43.04991;-5.17726
Matadeón de los Oteros;León;24097;42.33776;-5.36887
Matallana de Torío;León;24098;42.8656;-5.52034
Matanza;León;24099;;
Molinaseca;León;24100;42.53829;-6.51997
Murias de Paredes;León;24101;42.85027;-6.19164
Noceda del Bierzo;León;24102;;
Oencia;León;24103;42.54758;-6.96859
Omañas, Las;León;24104;;
Onzonilla;León;24105;42.52435;-5.5816
Oseja de Sajambre;León;24106;43.13671;-5.03786
Pajares de los Oteros;León;24107;42.3301;-5.47313
Palacios de la Valduerna;León;24108;42.32773;-5.9383
Palacios del Sil;León;24109;42.87601;-6.4315
Páramo del Sil;León;24110;42.82056;-6.48747
Peranzanes;León;24112;42.87725;-6.63383
Pobladura de Pelayo García;León;24113;42.30602;-5.6856
Pola de Gordón, La;León;24114;42.85658;-5.66768
Ponferrada;León;24115;42.54664;-6.59619
Posada de Valdeón;León;24116;43.15154;-4.92102
Pozuelo del Páramo;León;24117;42.17101;-5.76813
Prado de la Guzpeña;León;24118;42.78309;-5.02554
Priaranza del Bierzo;León;24119;42.50978;-6.67017
Prioro;León;24120;42.89481;-4.96349
Puebla de Lillo;León;24121;43.00691;-5.27387
Puente de Domingo Flórez;León;24122;42.41166;-6.82077
Quintana del Castillo;León;24123;42.65987;-6.04978
Quintana del Marco;León;24124;42.2067;-5.8503
Quintana y Congosto;León;24125;42.25585;-6.03636
Regueras de Arriba;León;24127;42.29414;-5.85958
Reyero;León;24129;42.94882;-5.19892
Riaño;León;24130;42.97705;-5.00352
Riego de la Vega;León;24131;42.39138;-5.98102
Riello;León;24132;;
Rioseco de Tapia;León;24133;;
Robla, La;León;24134;42.80302;-5.62904
Roperuelos del Páramo;León;24136;42.2378;-5.78235
Sabero;León;24137;42.83593;-5.14875
Sahagún;León;24139;42.37085;-5.02942
San Adrián del Valle;León;24141;42.13033;-5.72905
San Andrés del Rabanedo;León;24142;42.61174;-5.61671
Sancedo;León;24143;42.66666;-6.63456
San Cristóbal de la Polantera;León;24144;42.39041;-5.90732
San Emiliano;León;24145;42.97164;-6.00075
San Esteban de Nogales;León;24146;42.15995;-5.93065
San Justo de la Vega;León;24148;42.45696;-6.01825
San Millán de los Caballeros;León;24149;42.2852;-5.56107
San Pedro Bercianos;León;24150;42.39145;-5.71341
Santa Colomba de Curueño;León;24151;42.75058;-5.41201
Santa Colomba de Somoza;León;24152;42.44466;-6.24483
Santa Cristina de Valmadrigal;León;24153;42.35446;-5.30929
Santa Elena de Jamuz;León;24154;42.26064;-5.88762
Santa María de la Isla;León;24155;42.35533;-5.9287
Santa María del Monte de Cea;León;24156;42.49137;-5.11689
Santa María del Páramo;León;24157;42.35512;-5.75151
Santa María de Ordás;León;24158;42.72653;-5.82301
Santa Marina del Rey;León;24159;42.51334;-5.86065
Santas Martas;León;24160;42.4322;-5.37066
Santiago Millas;León;24161;42.38379;-6.10538
Santovenia de la Valdoncina;León;24162;;
Sariegos;León;24163;42.65;-5.63333
Sena de Luna;León;24164;42.92906;-5.95267
Sobrado;León;24165;42.51667;-6.85
Soto de la Vega;León;24166;42.33227;-5.88225
Soto y Amío;León;24167;42.77477;-5.88693
Toral de los Guzmanes;León;24168;42.24274;-5.56771
Toreno;León;24169;42.69955;-6.51236
Torre del Bierzo;León;24170;42.60769;-6.36675
Trabadelo;León;24171;42.64874;-6.88
Truchas;León;24172;42.26093;-6.43605
Turcia;León;24173;42.53431;-5.87844
Urdiales del Páramo;León;24174;42.37034;-5.77297
Valdefresno;León;24175;42.59492;-5.49355
Valdefuentes del Páramo;León;24176;42.3237;-5.83097
Valdelugueros;León;24177;;
Valdemora;León;24178;42.19541;-5.42747
Valdepiélago;León;24179;42.86895;-5.39763
Valdepolo;León;24180;42.57686;-5.22513
Valderas;León;24181;42.0783;-5.44355
Valderrey;León;24182;42.39408;-6.02151
Valderrueda;León;24183;42.81558;-4.94731
Valdesamario;León;24184;42.72094;-5.95104
Val de San Lorenzo;León;24185;42.41819;-6.12391
Valdevimbre;León;24187;42.41959;-5.61975
Valencia de Don Juan;León;24188;42.29374;-5.5172
Valverde de la Virgen;León;24189;42.56823;-5.68461
Valverde-Enrique;León;24190;42.30459;-5.2999
Vallecillo;León;24191;42.35604;-5.21088
Vecilla, La;León;24193;;
Vegacervera;León;24194;42.88808;-5.53549
Vega de Espinareda;León;24196;42.72537;-6.65439
Vega de Infanzones;León;24197;42.48116;-5.53295
Vega de Valcarce;León;24198;42.66068;-6.93785
Vegaquemada;León;24199;42.8187;-5.33242
Vegas del Condado;León;24201;;
Villablino;León;24202;42.93932;-6.31943
Villabraz;León;24203;42.24658;-5.44593
Villadangos del Páramo;León;24205;42.51672;-5.76737
Toral de los Vados;León;24206;;
Villademor de la Vega;León;24207;42.26964;-5.56808
Villafranca del Bierzo;León;24209;42.60601;-6.81069
Villagatón;León;24210;42.63413;-6.16184
Villamandos;León;24211;42.18058;-5.59397
Villamañán;León;24212;42.32198;-5.58195
Villamartín de Don Sancho;León;24213;42.56943;-5.06056
Villamejil;León;24214;42.56205;-6.02514
Villamol;León;24215;42.42766;-5.04832
Villamontán de la Valduerna;León;24216;42.30962;-5.99656
Villamoratiel de las Matas;León;24217;42.39755;-5.30064
Villanueva de las Manzanas;León;24218;42.47264;-5.48043
Villaobispo de Otero;León;24219;42.50065;-6.05809
Villaquejida;León;24221;42.145;-5.59699
Villaquilambre;León;24222;42.64685;-5.55835
Villarejo de Órbigo;León;24223;42.44559;-5.90462
Villares de Órbigo;León;24224;42.46955;-5.91002
Villasabariego;León;24225;42.53288;-5.41322
Villaselán;León;24226;42.56105;-5.0482
Villaturiel;León;24227;42.51819;-5.48615
Villazala;León;24228;42.36146;-5.856
Villazanzo de Valderaduey;León;24229;42.53592;-4.96462
Zotes del Páramo;León;24230;42.27268;-5.73617
Villamanín;León;24901;42.93864;-5.65669
Villaornate y Castro;León;24902;;
Abella de la Conca;Lleida;25001;;
Àger;Lleida;25002;42;0.76667
Agramunt;Lleida;25003;41.78686;1.09683
Alamús, Els;Lleida;25004;;
Alàs i Cerc;Lleida;25005;42.35;1.51667
Albagés, L';Lleida;25006;;
Albatàrrec;Lleida;25007;;
Albesa;Lleida;25008;41.75282;0.65936
Albi, L';Lleida;25009;;
Alcanó;Lleida;25010;41.48064;0.61659
Alcarràs;Lleida;25011;41.56667;0.51667
Alcoletge;Lleida;25012;41.64762;0.69383
Alfarràs;Lleida;25013;41.81667;0.58333
Alfés;Lleida;25014;41.52143;0.6205
Algerri;Lleida;25015;41.81482;0.63633
Alguaire;Lleida;25016;41.73703;0.5845
Alins;Lleida;25017;;
Almacelles;Lleida;25019;;
Almatret;Lleida;25020;;
Almenar;Lleida;25021;41.79604;0.56834
Alòs de Balaguer;Lleida;25022;;
Alpicat;Lleida;25023;41.6657;0.55564
Alt Àneu;Lleida;25024;;
Naut Aran;Lleida;25025;;
Anglesola;Lleida;25027;41.65649;1.08286
Arbeca;Lleida;25029;41.54153;0.92457
Pont de Bar, El;Lleida;25030;42.3711;1.60538
Arres;Lleida;25031;;
Arsèguel;Lleida;25032;;
Artesa de Lleida;Lleida;25033;;
Artesa de Segre;Lleida;25034;41.89467;1.04625
Sentiu de Sió, La;Lleida;25035;;
Aspa;Lleida;25036;41.49472;0.67277
Avellanes i Santa Linya, Les;Lleida;25037;;
Aitona;Lleida;25038;41.48333;0.46667
Baix Pallars;Lleida;25039;;
Balaguer;Lleida;25040;41.79117;0.81094
Barbens;Lleida;25041;;
Baronia de Rialb, La;Lleida;25042;;
Vall de Boí, La;Lleida;25043;;
Bassella;Lleida;25044;;
Bausen;Lleida;25045;;
Belianes;Lleida;25046;;
Bellcaire d'Urgell;Lleida;25047;41.75;0.91667
Bell-lloc d'Urgell;Lleida;25048;;
Bellmunt d'Urgell;Lleida;25049;;
Bellpuig;Lleida;25050;41.62595;1.01144
Bellver de Cerdanya;Lleida;25051;42.36667;1.78333
Bellvís;Lleida;25052;41.67269;0.81768
Benavent de Segrià;Lleida;25053;;
Biosca;Lleida;25055;;
Bovera;Lleida;25056;41.31667;0.65
Bòrdes, Es;Lleida;25057;;
Borges Blanques, Les;Lleida;25058;;
Bossòst;Lleida;25059;;
Cabanabona;Lleida;25060;;
Cabó;Lleida;25061;;
Camarasa;Lleida;25062;41.87486;0.87814
Canejan;Lleida;25063;;
Castellar de la Ribera;Lleida;25064;;
Castelldans;Lleida;25067;;
Castellnou de Seana;Lleida;25068;41.64802;0.97093
Castelló de Farfanya;Lleida;25069;41.81667;0.73333
Castellserà;Lleida;25070;41.75;1
Cava;Lleida;25071;;
Cervera;Lleida;25072;41.67003;1.2721
Cervià de les Garrigues;Lleida;25073;;
Ciutadilla;Lleida;25074;41.56113;1.13935
Clariana de Cardener;Lleida;25075;;
Cogul, El;Lleida;25076;41.46667;0.68333
Coll de Nargó;Lleida;25077;42.17473;1.31694
Corbins;Lleida;25078;41.68333;0.7
Cubells;Lleida;25079;41.85062;0.959
Espluga Calba, L';Lleida;25081;;
Espot;Lleida;25082;42.57838;1.08666
Estaràs;Lleida;25085;;
Esterri d'Àneu;Lleida;25086;;
Esterri de Cardós;Lleida;25087;;
Estamariu;Lleida;25088;;
Farrera;Lleida;25089;42.49654;1.27216
Floresta, La;Lleida;25092;;
Fondarella;Lleida;25093;;
Foradada;Lleida;25094;;
Fuliola, La;Lleida;25096;41.71358;1.01746
Fulleda;Lleida;25097;41.46334;1.02395
Gavet de la Conca;Lleida;25098;;
Golmés;Lleida;25099;41.63354;0.93125
Gósol;Lleida;25100;42.23697;1.6601
Granadella, La;Lleida;25101;41.35;0.66667
Granja d'Escarp, La;Lleida;25102;41.41667;0.36667
Granyanella;Lleida;25103;;
Granyena de Segarra;Lleida;25104;;
Granyena de les Garrigues;Lleida;25105;;
Guimerà;Lleida;25109;41.5645;1.18528
Guissona;Lleida;25110;;
Guixers;Lleida;25111;;
Ivars de Noguera;Lleida;25112;;
Ivars d'Urgell;Lleida;25113;41.68333;1
Ivorra;Lleida;25114;41.76667;1.4
Isona i Conca Dellà;Lleida;25115;;
Juncosa;Lleida;25118;41.37033;0.7765
Juneda;Lleida;25119;41.54847;0.82451
Lleida;Lleida;25120;41.61674;0.62218
Les;Lleida;25121;42.81076;0.7105
Linyola;Lleida;25122;41.7;0.91667
Lladorre;Lleida;25123;;
Lladurs;Lleida;25124;;
Llardecans;Lleida;25125;;
Llavorsí;Lleida;25126;;
Lles de Cerdanya;Lleida;25127;42.39025;1.68692
Llimiana;Lleida;25128;42.07476;0.91621
Llobera;Lleida;25129;;
Maldà;Lleida;25130;;
Massalcoreig;Lleida;25131;;
Massoteres;Lleida;25132;;
Maials;Lleida;25133;41.36667;0.5
Menàrguens;Lleida;25134;;
Miralcamp;Lleida;25135;41.60516;0.87987
Molsosa, La;Lleida;25136;;
Mollerussa;Lleida;25137;41.63333;0.9
Montgai;Lleida;25138;;
Montellà i Martinet;Lleida;25139;;
Montferrer i Castellbò;Lleida;25140;;
Montoliu de Segarra;Lleida;25141;;
Montoliu de Lleida;Lleida;25142;;
Montornès de Segarra;Lleida;25143;;
Nalec;Lleida;25145;41.55;1.11667
Navès;Lleida;25146;;
Odèn;Lleida;25148;;
Oliana;Lleida;25149;42.06895;1.31353
Oliola;Lleida;25150;;
Olius;Lleida;25151;42.01035;1.5646
Oluges, Les;Lleida;25152;;
Omellons, Els;Lleida;25153;;
Omells de na Gaia, Els;Lleida;25154;;
Organyà;Lleida;25155;;
Os de Balaguer;Lleida;25156;41.87314;0.72017
Ossó de Sió;Lleida;25157;41.75485;1.159
Palau d'Anglesola, El;Lleida;25158;;
Conca de Dalt;Lleida;25161;;
Coma i la Pedra, La;Lleida;25163;;
Penelles;Lleida;25164;41.75;0.96667
Peramola;Lleida;25165;;
Pinell de Solsonès;Lleida;25166;;
Pinós;Lleida;25167;;
Poal, El;Lleida;25168;41.68333;0.86667
Pobla de Cérvoles, La;Lleida;25169;;
Bellaguarda;Lleida;25170;;
Pobla de Segur, La;Lleida;25171;;
Ponts;Lleida;25172;41.91607;1.18515
Pont de Suert, El;Lleida;25173;;
Portella, La;Lleida;25174;;
Prats i Sansor;Lleida;25175;;
Preixana;Lleida;25176;;
Preixens;Lleida;25177;;
Prullans;Lleida;25179;;
Puiggròs;Lleida;25180;;
Puigverd d'Agramunt;Lleida;25181;;
Puigverd de Lleida;Lleida;25182;;
Rialp;Lleida;25183;;
Ribera d'Urgellet;Lleida;25185;;
Riner;Lleida;25186;;
Rosselló;Lleida;25189;;
Salàs de Pallars;Lleida;25190;;
Sanaüja;Lleida;25191;;
Sant Guim de Freixenet;Lleida;25192;41.65573;1.42024
Sant Llorenç de Morunys;Lleida;25193;;
Sant Ramon;Lleida;25194;;
Sant Esteve de la Sarga;Lleida;25196;;
Sant Guim de la Plana;Lleida;25197;;
Sarroca de Lleida;Lleida;25200;;
Sarroca de Bellera;Lleida;25201;;
Senterada;Lleida;25202;42.32549;0.93641
Seu d'Urgell, La;Lleida;25203;42.35877;1.46144
Seròs;Lleida;25204;41.46667;0.41667
Sidamon;Lleida;25205;41.63333;0.83333
Soleràs, El;Lleida;25206;;
Solsona;Lleida;25207;41.99395;1.51706
Soriguera;Lleida;25208;;
Sort;Lleida;25209;42.41319;1.13045
Soses;Lleida;25210;41.53333;0.48333
Sudanell;Lleida;25211;;
Sunyer;Lleida;25212;41.51667;0.6
Talarn;Lleida;25215;;
Talavera;Lleida;25216;;
Tàrrega;Lleida;25217;41.64704;1.13957
Tarrés;Lleida;25218;;
Tarroja de Segarra;Lleida;25219;;
Térmens;Lleida;25220;41.71667;0.76667
Tírvia;Lleida;25221;;
Tiurana;Lleida;25222;41.97527;1.25608
Torà;Lleida;25223;;
Torms, Els;Lleida;25224;;
Tornabous;Lleida;25225;41.70117;1.05384
Torrebesses;Lleida;25226;41.43333;0.6
Torre de Cabdella, La;Lleida;25227;;
Torrefarrera;Lleida;25228;41.67318;0.60671
Torregrossa;Lleida;25230;;
Torrelameu;Lleida;25231;;
Torres de Segre;Lleida;25232;41.53399;0.5142
Torre-serona;Lleida;25233;;
Tremp;Lleida;25234;42.16703;0.89487
Vallbona de les Monges;Lleida;25238;41.52631;1.08872
Valls de Valira, Les;Lleida;25239;;
Vallfogona de Balaguer;Lleida;25240;41.75211;0.81385
Verdú;Lleida;25242;41.61057;1.14284
Vielha e Mijaran;Lleida;25243;;
Vilagrassa;Lleida;25244;;
Vilaller;Lleida;25245;;
Vilamòs;Lleida;25247;;
Vilanova de Bellpuig;Lleida;25248;41.61379;0.96432
Vilanova de l'Aguda;Lleida;25249;;
Vilanova de Meià;Lleida;25250;;
Vilanova de Segrià;Lleida;25251;;
Vila-sana;Lleida;25252;;
Vilosell, El;Lleida;25253;;
Vilanova de la Barca;Lleida;25254;;
Vinaixa;Lleida;25255;41.43333;0.98333
Vall de Cardós;Lleida;25901;;
Sant Martí de Riucorb;Lleida;25902;;
Guingueta d'Àneu, La;Lleida;25903;;
Castell de Mur;Lleida;25904;;
Ribera d'Ondara;Lleida;25905;;
Valls d'Aguilar, Les;Lleida;25906;;
Torrefeta i Florejacs;Lleida;25907;;
Fígols i Alinyà;Lleida;25908;;
Vansa i Fórnols, La;Lleida;25909;;
Josa i Tuixén;Lleida;25910;;
Plans de Sió, Els;Lleida;25911;;
Gimenells i el Pla de la Font;Lleida;25912;;
Riu de Cerdanya;Lleida;25913;42.34541;1.82631
Ábalos;La Rioja;26001;42.57154;-2.70956
Agoncillo;La Rioja;26002;42.44667;-2.2898
Aguilar del Río Alhama;La Rioja;26003;41.96212;-1.9934
Ajamil de Cameros;La Rioja;26004;;
Albelda de Iregua;La Rioja;26005;42.35837;-2.47278
Alberite;La Rioja;26006;42.40704;-2.43894
Alcanadre;La Rioja;26007;42.40492;-2.12073
Aldeanueva de Ebro;La Rioja;26008;42.22911;-1.88735
Alesanco;La Rioja;26009;42.41409;-2.81666
Alesón;La Rioja;26010;42.40554;-2.68938
Alfaro;La Rioja;26011;42.18032;-1.75016
Almarza de Cameros;La Rioja;26012;42.2165;-2.59873
Anguciana;La Rioja;26013;42.57421;-2.90124
Anguiano;La Rioja;26014;42.26381;-2.76463
Arenzana de Abajo;La Rioja;26015;42.38599;-2.7194
Arenzana de Arriba;La Rioja;26016;42.38745;-2.69494
Arnedillo;La Rioja;26017;42.21221;-2.23602
Arnedo;La Rioja;26018;42.228;-2.10083
Arrúbal;La Rioja;26019;42.43485;-2.25143
Ausejo;La Rioja;26020;42.3421;-2.1671
Autol;La Rioja;26021;42.21661;-2.00525
Azofra;La Rioja;26022;42.424;-2.80086
Badarán;La Rioja;26023;42.36794;-2.81079
Bañares;La Rioja;26024;42.46838;-2.9101
Baños de Rioja;La Rioja;26025;42.5123;-2.94635
Baños de Río Tobía;La Rioja;26026;42.33533;-2.76099
Berceo;La Rioja;26027;42.33906;-2.85239
Bergasa;La Rioja;26028;42.25285;-2.13221
Bergasillas Bajera;La Rioja;26029;42.24462;-2.1583
Bezares;La Rioja;26030;42.37036;-2.67076
Bobadilla;La Rioja;26031;42.31873;-2.75992
Brieva de Cameros;La Rioja;26032;42.16462;-2.7945
Briñas;La Rioja;26033;42.60106;-2.83192
Briones;La Rioja;26034;42.54397;-2.78572
Cabezón de Cameros;La Rioja;26035;42.19716;-2.51989
Calahorra;La Rioja;26036;42.30506;-1.96521
Camprovín;La Rioja;26037;;
Canales de la Sierra;La Rioja;26038;42.14233;-3.02458
Canillas de Río Tuerto;La Rioja;26039;42.3995;-2.84091
Cañas;La Rioja;26040;42.3924;-2.84649
Cárdenas;La Rioja;26041;42.37464;-2.76726
Casalarreina;La Rioja;26042;42.54911;-2.90994
Castañares de Rioja;La Rioja;26043;42.51248;-2.93148
Castroviejo;La Rioja;26044;42.32938;-2.66122
Cellorigo;La Rioja;26045;42.62703;-3.00016
Cenicero;La Rioja;26046;42.4813;-2.64412
Cervera del Río Alhama;La Rioja;26047;42.00517;-1.95531
Cidamón;La Rioja;26048;42.49518;-2.87834
Cihuri;La Rioja;26049;42.56499;-2.92287
Cirueña;La Rioja;26050;42.41214;-2.89593
Clavijo;La Rioja;26051;42.34897;-2.42666
Cordovín;La Rioja;26052;42.38557;-2.815
Corera;La Rioja;26053;42.34344;-2.22023
Cornago;La Rioja;26054;42.06444;-2.09486
Corporales;La Rioja;26055;42.43208;-2.99535
Cuzcurrita de Río Tirón;La Rioja;26056;42.54151;-2.96421
Daroca de Rioja;La Rioja;26057;42.37115;-2.58187
Enciso;La Rioja;26058;42.14946;-2.26953
Entrena;La Rioja;26059;42.38782;-2.53066
Estollo;La Rioja;26060;42.32953;-2.85092
Ezcaray;La Rioja;26061;42.32536;-3.01309
Foncea;La Rioja;26062;42.61529;-3.03897
Fonzaleche;La Rioja;26063;42.58114;-3.01218
Fuenmayor;La Rioja;26064;42.46729;-2.56153
Galbárruli;La Rioja;26065;42.62181;-2.96087
Galilea;La Rioja;26066;42.34703;-2.23605
Gallinero de Cameros;La Rioja;26067;42.17229;-2.61793
Gimileo;La Rioja;26068;42.54992;-2.82237
Grañón;La Rioja;26069;42.44992;-3.02767
Grávalos;La Rioja;26070;42.10836;-1.99874
Haro;La Rioja;26071;42.57634;-2.8476
Herce;La Rioja;26072;42.21423;-2.16488
Herramélluri;La Rioja;26073;42.50295;-3.01954
Hervías;La Rioja;26074;42.44781;-2.88714
Hormilla;La Rioja;26075;42.43828;-2.77447
Hormilleja;La Rioja;26076;42.45628;-2.73155
Hornillos de Cameros;La Rioja;26077;42.21001;-2.4196
Hornos de Moncalvillo;La Rioja;26078;42.39198;-2.5855
Huércanos;La Rioja;26079;42.428;-2.69589
Igea;La Rioja;26080;42.06777;-2.01094
Jalón de Cameros;La Rioja;26081;42.21804;-2.49004
Laguna de Cameros;La Rioja;26082;42.17455;-2.54282
Lagunilla del Jubera;La Rioja;26083;42.33414;-2.32117
Lardero;La Rioja;26084;42.42686;-2.46153
Ledesma de la Cogolla;La Rioja;26086;42.32032;-2.719
Leiva;La Rioja;26087;42.50281;-3.04701
Leza de Río Leza;La Rioja;26088;42.32952;-2.40606
Logroño;La Rioja;26089;42.46667;-2.45
Lumbreras de Cameros;La Rioja;26091;;
Manjarrés;La Rioja;26092;42.39152;-2.67512
Mansilla de la Sierra;La Rioja;26093;;
Manzanares de Rioja;La Rioja;26094;42.3961;-2.8959
Matute;La Rioja;26095;42.29888;-2.79564
Medrano;La Rioja;26096;42.38361;-2.55394
Munilla;La Rioja;26098;42.189;-2.29506
Murillo de Río Leza;La Rioja;26099;42.40099;-2.32464
Muro de Aguas;La Rioja;26100;42.13364;-2.11175
Muro en Cameros;La Rioja;26101;42.22509;-2.53038
Nájera;La Rioja;26102;42.41822;-2.72865
Nalda;La Rioja;26103;42.33467;-2.4871
Navajún;La Rioja;26104;41.96667;-2.1
Navarrete;La Rioja;26105;42.43068;-2.56466
Nestares;La Rioja;26106;42.27014;-2.61993
Nieva de Cameros;La Rioja;26107;42.21835;-2.667
Ocón;La Rioja;26108;42.29898;-2.24019
Ochánduri;La Rioja;26109;42.52525;-3.00415
Ojacastro;La Rioja;26110;42.3472;-3.0049
Ollauri;La Rioja;26111;42.54256;-2.83448
Ortigosa de Cameros;La Rioja;26112;;
Pazuengos;La Rioja;26113;42.31776;-2.92539
Pedroso;La Rioja;26114;42.29959;-2.71889
Pinillos;La Rioja;26115;42.19951;-2.59709
Pradejón;La Rioja;26117;42.33446;-2.06851
Pradillo;La Rioja;26118;42.1766;-2.64185
Préjano;La Rioja;26119;42.18648;-2.17998
Quel;La Rioja;26120;42.22979;-2.05196
Rabanera;La Rioja;26121;42.18955;-2.48654
Rasillo de Cameros, El;La Rioja;26122;;
Redal, El;La Rioja;26123;;
Ribafrecha;La Rioja;26124;;
Rincón de Soto;La Rioja;26125;42.23475;-1.85214
Robres del Castillo;La Rioja;26126;42.27593;-2.29245
Rodezno;La Rioja;26127;42.52576;-2.84597
Sajazarra;La Rioja;26128;42.58884;-2.96124
San Asensio;La Rioja;26129;42.49677;-2.75057
San Millán de la Cogolla;La Rioja;26130;42.32974;-2.86185
San Millán de Yécora;La Rioja;26131;42.54705;-3.09681
San Román de Cameros;La Rioja;26132;42.23255;-2.47436
Santa Coloma;La Rioja;26134;42.36717;-2.65598
Santa Engracia del Jubera;La Rioja;26135;;
Santa Eulalia Bajera;La Rioja;26136;42.2096;-2.19174
Santo Domingo de la Calzada;La Rioja;26138;42.44015;-2.95365
San Torcuato;La Rioja;26139;42.48219;-2.88923
Santurde de Rioja;La Rioja;26140;;
Santurdejo;La Rioja;26141;42.37696;-2.95437
San Vicente de la Sonsierra;La Rioja;26142;42.56321;-2.76071
Sojuela;La Rioja;26143;42.36988;-2.54525
Sorzano;La Rioja;26144;42.34307;-2.52872
Sotés;La Rioja;26145;;
Soto en Cameros;La Rioja;26146;42.28591;-2.42597
Terroba;La Rioja;26147;42.25809;-2.44375
Tirgo;La Rioja;26148;42.54587;-2.9494
Tobía;La Rioja;26149;42.29846;-2.81399
Tormantos;La Rioja;26150;42.49431;-3.07446
Torrecilla en Cameros;La Rioja;26151;42.25532;-2.63109
Torrecilla sobre Alesanco;La Rioja;26152;42.40825;-2.83379
Torre en Cameros;La Rioja;26153;42.24133;-2.51805
Torremontalbo;La Rioja;26154;42.5;-2.68333
Treviana;La Rioja;26155;42.55901;-3.05032
Tricio;La Rioja;26157;42.40223;-2.71912
Tudelilla;La Rioja;26158;42.30023;-2.11749
Uruñuela;La Rioja;26160;42.4431;-2.70749
Valdemadera;La Rioja;26161;41.98408;-2.07403
Valgañón;La Rioja;26162;42.31782;-3.06725
Ventosa;La Rioja;26163;42.40495;-2.62651
Ventrosa;La Rioja;26164;42.15705;-2.85044
Viguera;La Rioja;26165;42.30934;-2.53334
Villalba de Rioja;La Rioja;26166;42.60967;-2.88687
Villalobar de Rioja;La Rioja;26167;42.49123;-2.96404
Villamediana de Iregua;La Rioja;26168;42.42658;-2.41943
Villanueva de Cameros;La Rioja;26169;42.16719;-2.6504
Villar de Arnedo, El;La Rioja;26170;;
Villar de Torre;La Rioja;26171;42.37133;-2.86411
Villarejo;La Rioja;26172;42.37417;-2.88712
Villarroya;La Rioja;26173;42.13053;-2.06896
Villarta-Quintana;La Rioja;26174;42.42998;-3.0484
Villavelayo;La Rioja;26175;42.13084;-2.98565
Villaverde de Rioja;La Rioja;26176;42.32051;-2.8137
Villoslada de Cameros;La Rioja;26177;42.11383;-2.67413
Viniegra de Abajo;La Rioja;26178;42.15055;-2.8893
Viniegra de Arriba;La Rioja;26179;42.09513;-2.83304
Zarratón;La Rioja;26180;42.51649;-2.88094
Zarzosa;La Rioja;26181;42.18294;-2.34297
Zorraquín;La Rioja;26183;42.32565;-3.03925
Abadín;Lugo;27001;43.36667;-7.48333
Alfoz;Lugo;27002;;
Antas de Ulla;Lugo;27003;;
Baleira;Lugo;27004;;
Barreiros;Lugo;27005;43.53321;-7.23342
Becerreá;Lugo;27006;42.8561;-7.1636
Begonte;Lugo;27007;43.15121;-7.68643
Bóveda;Lugo;27008;42.6246;-7.4767
Carballedo;Lugo;27009;42.52191;-7.8284
Castro de Rei;Lugo;27010;43.20866;-7.40026
Castroverde;Lugo;27011;43.0302;-7.32428
Cervantes;Lugo;27012;;
Cervo;Lugo;27013;43.67019;-7.41013
Corgo, O;Lugo;27014;42.94434;-7.4314
Cospeito;Lugo;27015;;
Chantada;Lugo;27016;42.60876;-7.77115
Folgoso do Courel;Lugo;27017;;
Fonsagrada, A;Lugo;27018;43.12398;-7.0679
Foz;Lugo;27019;43.5692;-7.25441
Friol;Lugo;27020;43.03213;-7.79514
Xermade;Lugo;27021;;
Guitiriz;Lugo;27022;43.18169;-7.89656
Guntín;Lugo;27023;42.88702;-7.69259
Incio, O;Lugo;27024;42.63333;-7.35
Xove;Lugo;27025;43.68656;-7.5113
Láncara;Lugo;27026;42.86425;-7.33667
Lourenzá;Lugo;27027;;
Lugo;Lugo;27028;43.00992;-7.55602
Meira;Lugo;27029;43.21337;-7.29372
Mondoñedo;Lugo;27030;43.4;-7.4
Monforte de Lemos;Lugo;27031;42.52165;-7.51422
Monterroso;Lugo;27032;42.7925;-7.83425
Muras;Lugo;27033;43.46685;-7.72383
Navia de Suarna;Lugo;27034;42.96667;-7
Negueira de Muñiz;Lugo;27035;;
Nogais, As;Lugo;27037;;
Ourol;Lugo;27038;42.87013;-7.61447
Outeiro de Rei;Lugo;27039;43.10198;-7.61497
Palas de Rei;Lugo;27040;;
Pantón;Lugo;27041;42.51667;-7.6
Paradela;Lugo;27042;42.76667;-7.56667
Páramo, O;Lugo;27043;42.95;-7.3
Pastoriza, A;Lugo;27044;;
Pedrafita do Cebreiro;Lugo;27045;;
Pol;Lugo;27046;43.14892;-7.33022
Pobra do Brollón, A;Lugo;27047;;
Pontenova, A;Lugo;27048;;
Portomarín;Lugo;27049;42.8062;-7.61644
Quiroga;Lugo;27050;42.47678;-7.27463
Ribadeo;Lugo;27051;43.53704;-7.04095
Ribas de Sil;Lugo;27052;;
Ribeira de Piquín;Lugo;27053;;
Riotorto;Lugo;27054;43.35;-7.23333
Samos;Lugo;27055;42.731;-7.32582
Rábade;Lugo;27056;43.117;-7.61714
Sarria;Lugo;27057;42.78148;-7.41431
Saviñao, O;Lugo;27058;;
Sober;Lugo;27059;42.46127;-7.5864
Taboada;Lugo;27060;42.699;-7.82298
Trabada;Lugo;27061;43.44475;-7.19527
Triacastela;Lugo;27062;;
Valadouro, O;Lugo;27063;;
Vicedo, O;Lugo;27064;;
Vilalba;Lugo;27065;43.3;-7.68333
Viveiro;Lugo;27066;43.66228;-7.59344
Baralla;Lugo;27901;42.89207;-7.25492
Burela;Lugo;27902;;
Acebeda, La;Madrid;28001;;
Ajalvir;Madrid;28002;40.53205;-3.47841
Alameda del Valle;Madrid;28003;40.9187;-3.84243
Álamo, El;Madrid;28004;40.23066;-3.99447
Alcalá de Henares;Madrid;28005;40.48205;-3.35996
Alcobendas;Madrid;28006;40.54746;-3.64197
Alcorcón;Madrid;28007;40.34582;-3.82487
Aldea del Fresno;Madrid;28008;40.3236;-4.20319
Algete;Madrid;28009;40.59711;-3.49743
Alpedrete;Madrid;28010;40.65889;-4.02512
Ambite;Madrid;28011;40.3319;-3.18034
Anchuelo;Madrid;28012;40.46527;-3.26838
Aranjuez;Madrid;28013;40.03108;-3.60246
Arganda del Rey;Madrid;28014;;
Arroyomolinos;Madrid;28015;40.26951;-3.91946
Atazar, El;Madrid;28016;;
Batres;Madrid;28017;40.20981;-3.92331
Becerril de la Sierra;Madrid;28018;40.71699;-3.98858
Belmonte de Tajo;Madrid;28019;40.13162;-3.3358
Berzosa del Lozoya;Madrid;28020;40.9732;-3.52009
Berrueco, El;Madrid;28021;;
Boadilla del Monte;Madrid;28022;40.405;-3.87835
Boalo, El;Madrid;28023;40.71603;-3.91656
Braojos;Madrid;28024;41.0404;-3.64329
Brea de Tajo;Madrid;28025;40.23333;-3.1
Brunete;Madrid;28026;40.40532;-3.9985
Buitrago del Lozoya;Madrid;28027;40.9909;-3.63365
Bustarviejo;Madrid;28028;40.8572;-3.70766
Cabanillas de la Sierra;Madrid;28029;40.82009;-3.62438
Cabrera, La;Madrid;28030;40.86386;-3.61265
Cadalso de los Vidrios;Madrid;28031;40.30067;-4.43348
Camarma de Esteruelas;Madrid;28032;40.55032;-3.37295
Campo Real;Madrid;28033;40.33333;-3.38333
Canencia;Madrid;28034;40.90728;-3.73523
Carabaña;Madrid;28035;40.25424;-3.23572
Casarrubuelos;Madrid;28036;40.17146;-3.83105
Cenicientos;Madrid;28037;40.26459;-4.46683
Cercedilla;Madrid;28038;40.74101;-4.05644
Cervera de Buitrago;Madrid;28039;40.91988;-3.52702
Ciempozuelos;Madrid;28040;40.15913;-3.62103
Cobeña;Madrid;28041;40.56667;-3.5
Colmenar del Arroyo;Madrid;28042;40.41897;-4.19845
Colmenar de Oreja;Madrid;28043;40.10675;-3.38547
Colmenarejo;Madrid;28044;40.56063;-4.01713
Colmenar Viejo;Madrid;28045;40.65909;-3.76762
Collado Mediano;Madrid;28046;40.69326;-4.0228
Collado Villalba;Madrid;28047;40.63506;-4.00486
Corpa;Madrid;28048;40.42327;-3.26003
Coslada;Madrid;28049;40.42378;-3.56129
Cubas de la Sagra;Madrid;28050;;
Chapinería;Madrid;28051;40.37891;-4.21009
Chinchón;Madrid;28052;40.1402;-3.42267
Daganzo de Arriba;Madrid;28053;40.54293;-3.45457
Escorial, El;Madrid;28054;40.58254;-4.12846
Estremera;Madrid;28055;40.18333;-3.1
Fresnedillas de la Oliva;Madrid;28056;;
Fresno de Torote;Madrid;28057;40.5904;-3.41003
Fuenlabrada;Madrid;28058;40.28419;-3.79415
Fuente el Saz de Jarama;Madrid;28059;;
Fuentidueña de Tajo;Madrid;28060;40.11574;-3.15718
Galapagar;Madrid;28061;40.5783;-4.00426
Garganta de los Montes;Madrid;28062;40.91992;-3.68375
Gargantilla del Lozoya y Pinilla de Buitrago;Madrid;28063;;
Gascones;Madrid;28064;41.01843;-3.64217
Getafe;Madrid;28065;40.30571;-3.73295
Griñón;Madrid;28066;40.21249;-3.85482
Guadalix de la Sierra;Madrid;28067;40.78496;-3.69347
Guadarrama;Madrid;28068;40.6727;-4.08949
Hiruela, La;Madrid;28069;;
Horcajo de la Sierra-Aoslos;Madrid;28070;;
Horcajuelo de la Sierra;Madrid;28071;41.06019;-3.5464
Hoyo de Manzanares;Madrid;28072;40.62265;-3.90733
Humanes de Madrid;Madrid;28073;40.25038;-3.83062
Leganés;Madrid;28074;40.32718;-3.7635
Loeches;Madrid;28075;40.38333;-3.4
Lozoya;Madrid;28076;40.94949;-3.79086
Madarcos;Madrid;28078;;
Madrid;Madrid;28079;40.4165;-3.70256
Majadahonda;Madrid;28080;40.47353;-3.87182
Manzanares el Real;Madrid;28082;40.72627;-3.86265
Meco;Madrid;28083;40.55274;-3.32894
Mejorada del Campo;Madrid;28084;40.39283;-3.48194
Miraflores de la Sierra;Madrid;28085;40.8155;-3.76213
Molar, El;Madrid;28086;40.73215;-3.57969
Molinos, Los;Madrid;28087;40.71578;-4.07402
Montejo de la Sierra;Madrid;28088;41.05955;-3.52993
Moraleja de Enmedio;Madrid;28089;40.26125;-3.85963
Moralzarzal;Madrid;28090;40.67816;-3.9707
Morata de Tajuña;Madrid;28091;40.2268;-3.43269
Móstoles;Madrid;28092;40.32234;-3.86496
Navacerrada;Madrid;28093;40.72905;-4.01696
Navalafuente;Madrid;28094;40.82063;-3.67266
Navalagamella;Madrid;28095;40.46894;-4.12334
Navalcarnero;Madrid;28096;40.28908;-4.01197
Navarredonda y San Mamés;Madrid;28097;;
Navas del Rey;Madrid;28099;40.3861;-4.25117
Nuevo Baztán;Madrid;28100;40.36731;-3.24125
Olmeda de las Fuentes;Madrid;28101;;
Orusco de Tajuña;Madrid;28102;;
Paracuellos de Jarama;Madrid;28104;40.50353;-3.52775
Parla;Madrid;28106;40.23604;-3.76752
Patones;Madrid;28107;40.85563;-3.4849
Pedrezuela;Madrid;28108;40.74277;-3.5998
Pelayos de la Presa;Madrid;28109;40.36051;-4.33462
Perales de Tajuña;Madrid;28110;40.2313;-3.35021
Pezuela de las Torres;Madrid;28111;40.41613;-3.17363
Pinilla del Valle;Madrid;28112;40.92448;-3.81688
Pinto;Madrid;28113;40.24147;-3.69999
Piñuécar-Gandullas;Madrid;28114;;
Pozuelo de Alarcón;Madrid;28115;40.43293;-3.81338
Pozuelo del Rey;Madrid;28116;40.36463;-3.31699
Prádena del Rincón;Madrid;28117;41.04414;-3.54075
Puebla de la Sierra;Madrid;28118;;
Quijorna;Madrid;28119;40.42763;-4.05683
Rascafría;Madrid;28120;40.90407;-3.87898
Redueña;Madrid;28121;40.81685;-3.59837
Ribatejada;Madrid;28122;40.6642;-3.38976
Rivas-Vaciamadrid;Madrid;28123;;
Robledillo de la Jara;Madrid;28124;40.95054;-3.52181
Robledo de Chavela;Madrid;28125;40.50062;-4.23635
Robregordo;Madrid;28126;41.10657;-3.59369
Rozas de Madrid, Las;Madrid;28127;40.49292;-3.87371
Rozas de Puerto Real;Madrid;28128;40.31667;-4.48333
San Agustín del Guadalix;Madrid;28129;;
San Fernando de Henares;Madrid;28130;40.42386;-3.53261
San Lorenzo de El Escorial;Madrid;28131;40.59144;-4.14738
San Martín de la Vega;Madrid;28132;40.20735;-3.57063
San Martín de Valdeiglesias;Madrid;28133;40.36185;-4.39831
San Sebastián de los Reyes;Madrid;28134;40.54433;-3.61588
Santa María de la Alameda;Madrid;28135;40.59492;-4.25772
Santorcaz;Madrid;28136;40.47176;-3.23462
Santos de la Humosa, Los;Madrid;28137;40.49968;-3.25332
Serna del Monte, La;Madrid;28138;;
Serranillos del Valle;Madrid;28140;40.20211;-3.88187
Sevilla la Nueva;Madrid;28141;40.34775;-4.02727
Somosierra;Madrid;28143;41.13269;-3.58237
Soto del Real;Madrid;28144;;
Talamanca de Jarama;Madrid;28145;40.74325;-3.50889
Tielmes;Madrid;28146;40.24652;-3.31461
Titulcia;Madrid;28147;40.13537;-3.56763
Torrejón de Ardoz;Madrid;28148;40.45535;-3.46973
Torrejón de la Calzada;Madrid;28149;40.19886;-3.797
Torrejón de Velasco;Madrid;28150;40.18746;-3.77681
Torrelaguna;Madrid;28151;40.82764;-3.53683
Torrelodones;Madrid;28152;40.57654;-3.92658
Torremocha de Jarama;Madrid;28153;40.84148;-3.49666
Torres de la Alameda;Madrid;28154;40.40264;-3.35767
Valdaracete;Madrid;28155;40.2077;-3.19101
Valdeavero;Madrid;28156;40.6298;-3.33001
Valdelaguna;Madrid;28157;;
Valdemanco;Madrid;28158;40.87039;-3.65873
Valdemaqueda;Madrid;28159;40.51201;-4.29722
Valdemorillo;Madrid;28160;40.50064;-4.0671
Valdemoro;Madrid;28161;40.19081;-3.67887
Valdeolmos-Alalpardo;Madrid;28162;;
Valdepiélagos;Madrid;28163;40.75842;-3.46163
Valdetorres de Jarama;Madrid;28164;40.69366;-3.51156
Valdilecha;Madrid;28165;40.2953;-3.30233
Valverde de Alcalá;Madrid;28166;40.41667;-3.29631
Velilla de San Antonio;Madrid;28167;40.36516;-3.48484
Vellón, El;Madrid;28168;40.76495;-3.57969
Venturada;Madrid;28169;40.79717;-3.61974
Villaconejos;Madrid;28170;40.10139;-3.48258
Villa del Prado;Madrid;28171;40.27852;-4.30534
Villalbilla;Madrid;28172;40.43044;-3.29904
Villamanrique de Tajo;Madrid;28173;40.06617;-3.23668
Villamanta;Madrid;28174;40.29858;-4.1088
Villamantilla;Madrid;28175;40.33846;-4.12986
Villanueva de la Cañada;Madrid;28176;40.44689;-4.00428
Villanueva del Pardillo;Madrid;28177;40.48333;-3.96667
Villanueva de Perales;Madrid;28178;40.34541;-4.09891
Villar del Olmo;Madrid;28179;40.33468;-3.23399
Villarejo de Salvanés;Madrid;28180;40.16663;-3.27277
Villaviciosa de Odón;Madrid;28181;40.35692;-3.90011
Villavieja del Lozoya;Madrid;28182;41.00396;-3.6687
Zarzalejo;Madrid;28183;40.54811;-4.18176
Lozoyuela-Navas-Sieteiglesias;Madrid;28901;;
Puentes Viejas;Madrid;28902;;
Tres Cantos;Madrid;28903;40.60092;-3.70806
Alameda;Málaga;29001;37.2087;-4.6586
Alcaucín;Málaga;29002;36.90301;-4.11406
Alfarnate;Málaga;29003;36.99426;-4.25929
Alfarnatejo;Málaga;29004;36.9957;-4.26064
Algarrobo;Málaga;29005;36.77388;-4.03952
Algatocín;Málaga;29006;36.57356;-5.27554
Alhaurín de la Torre;Málaga;29007;36.66401;-4.56139
Alhaurín el Grande;Málaga;29008;36.643;-4.68728
Almáchar;Málaga;29009;36.80892;-4.21614
Almargen;Málaga;29010;37.0021;-5.02178
Almogía;Málaga;29011;36.8255;-4.5407
Álora;Málaga;29012;36.82358;-4.70575
Alozaina;Málaga;29013;36.72736;-4.85761
Alpandeire;Málaga;29014;36.63402;-5.20216
Antequera;Málaga;29015;37.01938;-4.56123
Árchez;Málaga;29016;36.83992;-3.99208
Archidona;Málaga;29017;37.09654;-4.38869
Ardales;Málaga;29018;36.87804;-4.84694
Arenas;Málaga;29019;36.81625;-4.04411
Arriate;Málaga;29020;36.80005;-5.1408
Atajate;Málaga;29021;36.64017;-5.24606
Benadalid;Málaga;29022;;
Benahavís;Málaga;29023;36.52361;-5.04631
Benalauría;Málaga;29024;36.59445;-5.26099
Benalmádena;Málaga;29025;36.59548;-4.56937
Benamargosa;Málaga;29026;36.83499;-4.19362
Benamocarra;Málaga;29027;36.79075;-4.16146
Benaoján;Málaga;29028;36.71929;-5.2522
Benarrabá;Málaga;29029;36.5512;-5.27608
Borge, El;Málaga;29030;;
Burgo, El;Málaga;29031;;
Campillos;Málaga;29032;37.04826;-4.86308
Canillas de Aceituno;Málaga;29033;36.87303;-4.08254
Canillas de Albaida;Málaga;29034;36.84665;-3.98678
Cañete la Real;Málaga;29035;36.95154;-5.0244
Carratraca;Málaga;29036;36.8529;-4.81998
Cartajima;Málaga;29037;36.64548;-5.1541
Cártama;Málaga;29038;36.71068;-4.63297
Casabermeja;Málaga;29039;36.8926;-4.42938
Casarabonela;Málaga;29040;36.78616;-4.84276
Casares;Málaga;29041;36.44689;-5.2858
Coín;Málaga;29042;36.65947;-4.75639
Colmenar;Málaga;29043;36.90519;-4.33557
Comares;Málaga;29044;36.84929;-4.24664
Cómpeta;Málaga;29045;36.83352;-3.9743
Cortes de la Frontera;Málaga;29046;36.6171;-5.34266
Cuevas Bajas;Málaga;29047;37.23526;-4.48714
Cuevas del Becerro;Málaga;29048;36.87537;-5.04488
Cuevas de San Marcos;Málaga;29049;37.26666;-4.41432
Cútar;Málaga;29050;36.83134;-4.22739
Estepona;Málaga;29051;36.42764;-5.14589
Faraján;Málaga;29052;36.61695;-5.18839
Frigiliana;Málaga;29053;36.78747;-3.89441
Fuengirola;Málaga;29054;36.53998;-4.62473
Fuente de Piedra;Málaga;29055;37.13526;-4.73
Gaucín;Málaga;29056;36.51784;-5.31581
Genalguacil;Málaga;29057;36.54546;-5.23572
Guaro;Málaga;29058;36.6563;-4.83433
Humilladero;Málaga;29059;37.1139;-4.70298
Igualeja;Málaga;29060;36.63208;-5.12188
Istán;Málaga;29061;36.58273;-4.94956
Iznate;Málaga;29062;36.78333;-4.18333
Jimera de Líbar;Málaga;29063;36.65119;-5.27412
Jubrique;Málaga;29064;36.56475;-5.2156
Júzcar;Málaga;29065;36.62442;-5.16971
Macharaviaya;Málaga;29066;;
Málaga;Málaga;29067;36.72016;-4.42034
Manilva;Málaga;29068;36.37645;-5.25026
Marbella;Málaga;29069;36.51543;-4.88583
Mijas;Málaga;29070;36.59575;-4.63728
Moclinejo;Málaga;29071;36.77134;-4.25514
Mollina;Málaga;29072;37.12534;-4.65686
Monda;Málaga;29073;36.63027;-4.83192
Montejaque;Málaga;29074;36.73684;-5.2499
Nerja;Málaga;29075;36.75278;-3.8744
Ojén;Málaga;29076;36.56486;-4.85561
Parauta;Málaga;29077;36.65629;-5.12916
Periana;Málaga;29079;36.92931;-4.19163
Pizarra;Málaga;29080;36.76543;-4.70833
Pujerra;Málaga;29081;36.61274;-5.14979
Rincón de la Victoria;Málaga;29082;36.71715;-4.27583
Riogordo;Málaga;29083;36.91727;-4.29318
Ronda;Málaga;29084;36.74231;-5.16709
Salares;Málaga;29085;36.85463;-4.02434
Sayalonga;Málaga;29086;36.79819;-4.01325
Sedella;Málaga;29087;36.86232;-4.03314
Sierra de Yeguas;Málaga;29088;37.1242;-4.86773
Teba;Málaga;29089;36.98358;-4.91913
Tolox;Málaga;29090;36.68721;-4.90511
Torrox;Málaga;29091;36.75793;-3.95233
Totalán;Málaga;29092;36.76526;-4.29707
Valle de Abdalajís;Málaga;29093;;
Vélez-Málaga;Málaga;29094;36.77262;-4.10045
Villanueva de Algaidas;Málaga;29095;37.1835;-4.45032
Villanueva del Rosario;Málaga;29096;36.99679;-4.36535
Villanueva del Trabuco;Málaga;29097;37.02832;-4.33891
Villanueva de Tapia;Málaga;29098;37.18276;-4.33383
Viñuela;Málaga;29099;36.86307;-4.14124
Yunquera;Málaga;29100;36.73252;-4.92122
Torremolinos;Málaga;29901;36.62035;-4.49976
Villanueva de la Concepción;Málaga;29902;;
Montecorto;Málaga;29903;;
Serrato;Málaga;29904;;
Abanilla;Murcia;30001;38.20537;-1.04153
Abarán;Murcia;30002;38.20551;-1.39907
Águilas;Murcia;30003;37.4063;-1.58289
Albudeite;Murcia;30004;38.02895;-1.38664
Alcantarilla;Murcia;30005;37.96939;-1.21714
Aledo;Murcia;30006;37.79341;-1.57356
Alguazas;Murcia;30007;38.05356;-1.25051
Alhama de Murcia;Murcia;30008;37.85103;-1.42507
Archena;Murcia;30009;38.11631;-1.30043
Beniel;Murcia;30010;38.04636;-1.00233
Blanca;Murcia;30011;38.1791;-1.37473
Bullas;Murcia;30012;38.04667;-1.67227
Calasparra;Murcia;30013;38.22997;-1.69986
Campos del Río;Murcia;30014;38.03966;-1.35306
Caravaca de la Cruz;Murcia;30015;;
Cartagena;Murcia;30016;37.60512;-0.98623
Cehegín;Murcia;30017;38.09242;-1.7985
Ceutí;Murcia;30018;38.07859;-1.27467
Cieza;Murcia;30019;38.23998;-1.41987
Fortuna;Murcia;30020;38.1814;-1.1259
Fuente Álamo de Murcia;Murcia;30021;37.7;-1.1
Jumilla;Murcia;30022;38.47917;-1.325
Librilla;Murcia;30023;37.88642;-1.35557
Lorca;Murcia;30024;37.67119;-1.7017
Lorquí;Murcia;30025;38.08261;-1.25103
Mazarrón;Murcia;30026;37.5992;-1.31493
Molina de Segura;Murcia;30027;38.05456;-1.20763
Moratalla;Murcia;30028;38.18928;-1.89183
Mula;Murcia;30029;38.04095;-1.49014
Murcia;Murcia;30030;37.98704;-1.13004
Ojós;Murcia;30031;38.147;-1.34261
Pliego;Murcia;30032;37.98946;-1.50444
Puerto Lumbreras;Murcia;30033;37.56329;-1.80974
Ricote;Murcia;30034;38.15338;-1.36557
San Javier;Murcia;30035;37.80626;-0.83736
San Pedro del Pinatar;Murcia;30036;37.83568;-0.79102
Torre-Pacheco;Murcia;30037;37.74293;-0.95396
Torres de Cotillas, Las;Murcia;30038;38.02822;-1.24188
Totana;Murcia;30039;37.7688;-1.50229
Ulea;Murcia;30040;38.14045;-1.33007
Unión, La;Murcia;30041;37.61915;-0.87799
Villanueva del Río Segura;Murcia;30042;;
Yecla;Murcia;30043;38.61365;-1.11468
Santomera;Murcia;30901;38.06147;-1.04877
Alcázares, Los;Murcia;30902;37.74425;-0.85041
Abáigar;Navarra;31001;42.64823;-2.14182
Abárzuza/Abartzuza;Navarra;31002;;
Abaurregaina/Abaurrea Alta;Navarra;31003;;
Abaurrepea/Abaurrea Baja;Navarra;31004;;
Aberin;Navarra;31005;;
Ablitas;Navarra;31006;41.9745;-1.64053
Adiós;Navarra;31007;42.68635;-1.73532
Aguilar de Codés;Navarra;31008;42.61249;-2.38987
Aibar/Oibar;Navarra;31009;;
Altsasu/Alsasua;Navarra;31010;;
Allín/Allin;Navarra;31011;;
Allo;Navarra;31012;42.56738;-2.02052
Améscoa Baja;Navarra;31013;;
Ancín/Antzin;Navarra;31014;;
Andosilla;Navarra;31015;42.38144;-1.67305
Ansoáin/Antsoain;Navarra;31016;;
Anue;Navarra;31017;;
Añorbe;Navarra;31018;42.65732;-1.7149
Aoiz/Agoitz;Navarra;31019;;
Araitz;Navarra;31020;;
Aranarache/Aranaratxe;Navarra;31021;;
Arantza;Navarra;31022;43.19623;-1.72494
Aranguren;Navarra;31023;;
Arano;Navarra;31024;43.19956;-1.89569
Arakil;Navarra;31025;;
Aras;Navarra;31026;42.56172;-2.356
Arbizu;Navarra;31027;42.91545;-2.03917
Arce/Artzi;Navarra;31028;;
Arcos, Los;Navarra;31029;42.57076;-2.19275
Arellano;Navarra;31030;42.60598;-2.04653
Areso;Navarra;31031;43.08209;-1.95198
Arguedas;Navarra;31032;42.17759;-1.59719
Aria;Navarra;31033;42.95283;-1.26584
Aribe;Navarra;31034;42.95;-1.25
Armañanzas;Navarra;31035;42.55963;-2.28476
Arróniz;Navarra;31036;42.58823;-2.09237
Arruazu;Navarra;31037;42.92186;-2.00157
Artajona;Navarra;31038;42.58867;-1.76504
Artazu;Navarra;31039;42.69228;-1.83954
Atetz;Navarra;31040;;
Ayegui/Aiegi;Navarra;31041;;
Azagra;Navarra;31042;42.3;-1.9
Azuelo;Navarra;31043;42.60844;-2.34987
Bakaiku;Navarra;31044;42.89244;-2.10251
Barásoain;Navarra;31045;42.60339;-1.64658
Barbarin;Navarra;31046;;
Bargota;Navarra;31047;42.55982;-2.31067
Barillas;Navarra;31048;41.96667;-1.63333
Basaburua;Navarra;31049;;
Baztan;Navarra;31050;;
Beire;Navarra;31051;42.45415;-1.62101
Belascoáin;Navarra;31052;42.75619;-1.83227
Berbinzana;Navarra;31053;42.52779;-1.83419
Bertizarana;Navarra;31054;;
Betelu;Navarra;31055;43.02555;-1.98029
Biurrun-Olcoz;Navarra;31056;;
Buñuel;Navarra;31057;41.98009;-1.44503
Auritz/Burguete;Navarra;31058;;
Burgui/Burgi;Navarra;31059;;
Burlada/Burlata;Navarra;31060;;
Busto, El;Navarra;31061;;
Cabanillas;Navarra;31062;42.03249;-1.52591
Cabredo;Navarra;31063;42.62966;-2.41133
Cadreita;Navarra;31064;42.21667;-1.68333
Caparroso;Navarra;31065;42.34129;-1.64962
Cárcar;Navarra;31066;42.39314;-1.97904
Carcastillo;Navarra;31067;42.37908;-1.44376
Cascante;Navarra;31068;41.99769;-1.68098
Cáseda;Navarra;31069;42.52255;-1.36636
Castejón;Navarra;31070;42.16912;-1.68951
Castillonuevo/Gazteluberri;Navarra;31071;;
Cintruénigo;Navarra;31072;42.07937;-1.80458
Ziordia;Navarra;31073;42.87068;-2.22954
Cirauqui/Zirauki;Navarra;31074;;
Ciriza/Ziritza;Navarra;31075;;
Cizur;Navarra;31076;;
Corella;Navarra;31077;42.11507;-1.78563
Cortes;Navarra;31078;41.92269;-1.42045
Desojo;Navarra;31079;42.5879;-2.27438
Dicastillo;Navarra;31080;42.59647;-2.02666
Donamaria;Navarra;31081;;
Etxalar;Navarra;31082;43.23376;-1.63671
Echarri/Etxarri;Navarra;31083;;
Etxarri Aranatz;Navarra;31084;;
Etxauri;Navarra;31085;;
Valle de Egüés/Eguesibar;Navarra;31086;;
Elgorriaga;Navarra;31087;43.13858;-1.68657
Valle de Elorz/Elortzibar;Navarra;31088;;
Enériz/Eneritz;Navarra;31089;;
Eratsun;Navarra;31090;43.08333;-1.8
Ergoiena;Navarra;31091;;
Erro;Navarra;31092;;
Ezcároz/Ezkaroze;Navarra;31093;;
Eslava;Navarra;31094;42.56459;-1.45947
Esparza de Salazar/Espartza Zaraitzu;Navarra;31095;;
Espronceda;Navarra;31096;42.59707;-2.30524
Estella-Lizarra;Navarra;31097;;
Esteribar;Navarra;31098;;
Etayo;Navarra;31099;42.61695;-2.15447
Eulate;Navarra;31100;42.77641;-2.20638
Ezcabarte;Navarra;31101;;
Ezkurra;Navarra;31102;43.08333;-1.81667
Ezprogui;Navarra;31103;;
Falces;Navarra;31104;42.38966;-1.79321
Fitero;Navarra;31105;42.0577;-1.85756
Fontellas;Navarra;31106;42.02694;-1.57648
Funes;Navarra;31107;42.31562;-1.80017
Fustiñana;Navarra;31108;42.02087;-1.48526
Galar;Navarra;31109;42.76147;-1.69881
Gallipienzo/Galipentzu;Navarra;31110;;
Gallués/Galoze;Navarra;31111;;
Garaioa;Navarra;31112;42.93333;-1.23333
Garde;Navarra;31113;42.78937;-0.92589
Garínoain;Navarra;31114;42.60036;-1.64434
Garralda;Navarra;31115;42.94818;-1.28624
Genevilla;Navarra;31116;42.6452;-2.39021
Goizueta;Navarra;31117;43.17187;-1.86411
Val de Goñi/Goñerri;Navarra;31118;;
Güesa/Gorza;Navarra;31119;;
Guesálaz/Gesalatz;Navarra;31120;;
Guirguillano;Navarra;31121;42.71725;-1.87798
Huarte/Uharte;Navarra;31122;;
Uharte Arakil;Navarra;31123;;
Ibargoiti;Navarra;31124;;
Igúzquiza;Navarra;31125;42.64545;-2.08551
Imotz;Navarra;31126;;
Irañeta;Navarra;31127;42.92287;-1.94595
Isaba/Izaba;Navarra;31128;;
Ituren;Navarra;31129;43.13238;-1.72063
Iturmendi;Navarra;31130;42.88993;-2.11916
Iza/Itza;Navarra;31131;;
Izagaondoa;Navarra;31132;;
Izalzu/Itzaltzu;Navarra;31133;;
Jaurrieta;Navarra;31134;;
Javier;Navarra;31135;42.59119;-1.20884
Juslapeña/Txulapain;Navarra;31136;;
Beintza-Labaien;Navarra;31137;;
Lakuntza;Navarra;31138;42.92249;-2.02337
Lana;Navarra;31139;;
Lantz;Navarra;31140;43;-1.61667
Lapoblación;Navarra;31141;42.60478;-2.46008
Larraga;Navarra;31142;42.55841;-1.84954
Larraona;Navarra;31143;42.7797;-2.25682
Larraun;Navarra;31144;;
Lazagurría;Navarra;31145;42.49286;-2.24018
Leache/Leatxe;Navarra;31146;;
Legarda;Navarra;31147;42.71183;-1.76846
Legaria;Navarra;31148;42.64924;-2.17392
Leitza;Navarra;31149;43.08333;-1.91667
Leoz/Leotz;Navarra;31150;;
Lerga;Navarra;31151;42.56781;-1.5011
Lerín;Navarra;31152;42.48318;-1.97184
Lesaka;Navarra;31153;43.25;-1.7
Lezaun;Navarra;31154;42.77739;-1.99385
Liédena;Navarra;31155;42.61943;-1.27579
Lizoain-Arriasgoiti/Lizoainibar-Arriasgoiti;Navarra;31156;;
Lodosa;Navarra;31157;42.42269;-2.07741
Lónguida/Longida;Navarra;31158;;
Lumbier;Navarra;31159;42.65303;-1.30669
Luquin;Navarra;31160;;
Mañeru;Navarra;31161;42.67001;-1.86297
Marañón;Navarra;31162;42.62941;-2.43931
Marcilla;Navarra;31163;42.32794;-1.73714
Mélida;Navarra;31164;42.35869;-1.54888
Mendavia;Navarra;31165;42.44335;-2.20087
Mendaza;Navarra;31166;;
Mendigorria;Navarra;31167;42.62822;-1.8345
Metauten;Navarra;31168;42.67714;-2.13015
Milagro;Navarra;31169;42.2416;-1.76588
Mirafuentes;Navarra;31170;42.62297;-2.27966
Miranda de Arga;Navarra;31171;42.48337;-1.82759
Monreal/Elo;Navarra;31172;;
Monteagudo;Navarra;31173;41.96667;-1.68333
Morentin;Navarra;31174;42.61286;-2.01393
Mues;Navarra;31175;;
Murchante;Navarra;31176;42.03185;-1.65582
Murieta;Navarra;31177;42.65618;-2.15452
Murillo el Cuende;Navarra;31178;;
Murillo el Fruto;Navarra;31179;42.39272;-1.46034
Muruzábal;Navarra;31180;42.69051;-1.76931
Navascués/Nabaskoze;Navarra;31181;;
Nazar;Navarra;31182;42.63686;-2.27966
Obanos;Navarra;31183;42.68071;-1.78493
Oco;Navarra;31184;42.63828;-2.16476
Ochagavía/Otsagabia;Navarra;31185;;
Odieta;Navarra;31186;;
Oiz;Navarra;31187;;
Olaibar;Navarra;31188;;
Olazti/Olazagutía;Navarra;31189;;
Olejua;Navarra;31190;42.62329;-2.14202
Olite/Erriberri;Navarra;31191;;
Olóriz/Oloritz;Navarra;31192;;
Cendea de Olza/Oltza Zendea;Navarra;31193;;
Valle de Ollo/Ollaran;Navarra;31194;;
Orbaizeta;Navarra;31195;;
Orbara;Navarra;31196;42.96728;-1.24213
Orísoain;Navarra;31197;42.60122;-1.60403
Oronz/Orontze;Navarra;31198;;
Oroz-Betelu/Orotz-Betelu;Navarra;31199;;
Oteiza;Navarra;31200;42.61905;-1.95385
Pamplona/Iruña;Navarra;31201;;
Peralta/Azkoien;Navarra;31202;;
Petilla de Aragón;Navarra;31203;42.45;-1.11667
Piedramillera;Navarra;31204;42.632;-2.20416
Pitillas;Navarra;31205;42.42172;-1.62017
Puente la Reina/Gares;Navarra;31206;;
Pueyo/Puiu;Navarra;31207;;
Ribaforada;Navarra;31208;41.99814;-1.51272
Romanzado/Erromantzatua;Navarra;31209;;
Roncal/Erronkari;Navarra;31210;;
Orreaga/Roncesvalles;Navarra;31211;;
Sada;Navarra;31212;;
Saldías;Navarra;31213;43.08858;-1.77946
Salinas de Oro/Jaitz;Navarra;31214;;
San Adrián;Navarra;31215;42.33433;-1.93509
Sangüesa/Zangoza;Navarra;31216;;
San Martín de Unx;Navarra;31217;42.52473;-1.56091
Sansol;Navarra;31219;42.55362;-2.26676
Santacara;Navarra;31220;42.36667;-1.63333
Doneztebe/Santesteban;Navarra;31221;;
Sarriés/Sartze;Navarra;31222;;
Sartaguda;Navarra;31223;42.38333;-2.05709
Sesma;Navarra;31224;42.47748;-2.08353
Sorlada;Navarra;31225;42.61507;-2.21525
Sunbilla;Navarra;31226;43.16667;-1.66667
Tafalla;Navarra;31227;42.52687;-1.67446
Tiebas-Muruarte de Reta;Navarra;31228;;
Tirapu;Navarra;31229;42.6574;-1.70263
Torralba del Río;Navarra;31230;;
Torres del Río;Navarra;31231;42.55162;-2.27285
Tudela;Navarra;31232;42.06166;-1.60452
Tulebras;Navarra;31233;41.97695;-1.67618
Ucar;Navarra;31234;;
Ujué/Uxue;Navarra;31235;;
Ultzama;Navarra;31236;;
Unciti;Navarra;31237;;
Unzué/Untzue;Navarra;31238;;
Urdazubi/Urdax;Navarra;31239;;
Urdiain;Navarra;31240;;
Urraul Alto;Navarra;31241;;
Urraul Bajo;Navarra;31242;;
Urroz-Villa;Navarra;31243;;
Urroz;Navarra;31244;;
Urzainqui/Urzainki;Navarra;31245;;
Uterga;Navarra;31246;42.70981;-1.76004
Uztárroz/Uztarroze;Navarra;31247;;
Luzaide/Valcarlos;Navarra;31248;;
Valtierra;Navarra;31249;42.19653;-1.63459
Bera;Navarra;31250;43.28177;-1.68632
Viana;Navarra;31251;42.51552;-2.37123
Vidángoz/Bidankoze;Navarra;31252;;
Bidaurreta;Navarra;31253;;
Villafranca;Navarra;31254;42.27933;-1.74628
Villamayor de Monjardín;Navarra;31255;42.62937;-2.10503
Hiriberri/Villanueva de Aezkoa;Navarra;31256;;
Villatuerta;Navarra;31257;42.66022;-1.99247
Villava/Atarrabia;Navarra;31258;;
Igantzi;Navarra;31259;43.22526;-1.70048
Valle de Yerri/Deierri;Navarra;31260;;
Yesa;Navarra;31261;42.62025;-1.2036
Zabalza/Zabaltza;Navarra;31262;;
Zubieta;Navarra;31263;43.12473;-1.74219
Zugarramurdi;Navarra;31264;43.26964;-1.54113
Zúñiga;Navarra;31265;42.69247;-2.29982
Barañáin/Barañain;Navarra;31901;;
Berrioplano/Berriobeiti;Navarra;31902;;
Berriozar;Navarra;31903;42.83067;-1.66648
Irurtzun;Navarra;31904;42.91667;-1.83333
Beriáin;Navarra;31905;42.73347;-1.64448
Orkoien;Navarra;31906;42.8238;-1.70485
Zizur Mayor/Zizur Nagusia;Navarra;31907;;
Lekunberri;Navarra;31908;43.0005;-1.89257
Allariz;Ourense;32001;42.19044;-7.80175
Amoeiro;Ourense;32002;42.41667;-7.95
Arnoia, A;Ourense;32003;;
Avión;Ourense;32004;42.38333;-8.25
Baltar;Ourense;32005;41.952;-7.71581
Bande;Ourense;32006;42.0312;-7.97489
Baños de Molgas;Ourense;32007;42.24148;-7.67223
Barbadás;Ourense;32008;;
Barco de Valdeorras, O;Ourense;32009;42.41642;-6.99005
Beade;Ourense;32010;42.33074;-8.1295
Beariz;Ourense;32011;;
Blancos, Os;Ourense;32012;41.99652;-7.75175
Boborás;Ourense;32013;42.43332;-8.14431
Bola, A;Ourense;32014;;
Bolo, O;Ourense;32015;;
Calvos de Randín;Ourense;32016;;
Carballeda de Valdeorras;Ourense;32017;;
Carballeda de Avia;Ourense;32018;42.3214;-8.16456
Carballiño, O;Ourense;32019;42.43163;-8.07899
Cartelle;Ourense;32020;42.25109;-8.07062
Castrelo do Val;Ourense;32021;;
Castrelo de Miño;Ourense;32022;42.29798;-8.06697
Castro Caldelas;Ourense;32023;42.37366;-7.42578
Celanova;Ourense;32024;42.15303;-7.95513
Cenlle;Ourense;32025;42.34183;-8.08982
Coles;Ourense;32026;42.4;-7.83333
Cortegada;Ourense;32027;42.20983;-8.1682
Cualedro;Ourense;32028;41.98897;-7.59464
Chandrexa de Queixa;Ourense;32029;;
Entrimo;Ourense;32030;41.93297;-8.11725
Esgos;Ourense;32031;42.32549;-7.69691
Xinzo de Limia;Ourense;32032;42.0635;-7.72459
Gomesende;Ourense;32033;;
Gudiña, A;Ourense;32034;;
Irixo, O;Ourense;32035;;
Xunqueira de Ambía;Ourense;32036;;
Xunqueira de Espadanedo;Ourense;32037;;
Larouco;Ourense;32038;;
Laza;Ourense;32039;42.06136;-7.462
Leiro;Ourense;32040;;
Lobeira;Ourense;32041;;
Lobios;Ourense;32042;41.87493;-8.08783
Maceda;Ourense;32043;42.26972;-7.65052
Manzaneda;Ourense;32044;42.30962;-7.23209
Maside;Ourense;32045;42.41031;-8.02582
Melón;Ourense;32046;42.26016;-8.214
Merca, A;Ourense;32047;;
Mezquita, A;Ourense;32048;;
Montederramo;Ourense;32049;42.27554;-7.50138
Monterrei;Ourense;32050;;
Muíños;Ourense;32051;41.95609;-7.97396
Nogueira de Ramuín;Ourense;32052;42.41712;-7.74982
Oímbra;Ourense;32053;41.88554;-7.47216
Ourense;Ourense;32054;42.33669;-7.86407
Paderne de Allariz;Ourense;32055;;
Padrenda;Ourense;32056;42.13333;-8.15
Parada de Sil;Ourense;32057;;
Pereiro de Aguiar, O;Ourense;32058;42.34524;-7.80008
Peroxa, A;Ourense;32059;;
Petín;Ourense;32060;42.38191;-7.12899
Piñor;Ourense;32061;42.5012;-8.00151
Porqueira;Ourense;32062;42.01667;-7.85
Pobra de Trives, A;Ourense;32063;;
Pontedeva;Ourense;32064;;
Punxín;Ourense;32065;42.37072;-8.01058
Quintela de Leirado;Ourense;32066;42.13967;-8.10126
Rairiz de Veiga;Ourense;32067;42.08364;-7.83503
Ramirás;Ourense;32068;;
Ribadavia;Ourense;32069;42.28804;-8.14362
San Xoán de Río;Ourense;32070;;
Riós;Ourense;32071;41.97457;-7.28234
Rúa, A;Ourense;32072;42.40048;-7.10268
Rubiá;Ourense;32073;;
San Amaro;Ourense;32074;42.37385;-8.07347
San Cibrao das Viñas;Ourense;32075;;
San Cristovo de Cea;Ourense;32076;;
Sandiás;Ourense;32077;;
Sarreaus;Ourense;32078;42.08784;-7.60348
Taboadela;Ourense;32079;42.24234;-7.82719
Teixeira, A;Ourense;32080;;
Toén;Ourense;32081;42.31765;-7.95435
Trasmiras;Ourense;32082;42.0254;-7.61735
Veiga, A;Ourense;32083;;
Verea;Ourense;32084;42.10653;-8.00092
Verín;Ourense;32085;41.94149;-7.43809
Viana do Bolo;Ourense;32086;;
Vilamarín;Ourense;32087;42.46488;-7.89119
Vilamartín de Valdeorras;Ourense;32088;;
Vilar de Barrio;Ourense;32089;;
Vilar de Santos;Ourense;32090;;
Vilardevós;Ourense;32091;;
Vilariño de Conso;Ourense;32092;42.16667;-7.18333
Allande;Asturias;33001;;
Aller;Asturias;33002;;
Amieva;Asturias;33003;43.24403;-5.0746
Avilés;Asturias;33004;43.55473;-5.92483
Belmonte de Miranda;Asturias;33005;;
Bimenes;Asturias;33006;43.31667;-5.55
Boal;Asturias;33007;43.432;-6.81513
Cabrales;Asturias;33008;;
Cabranes;Asturias;33009;;
Candamo;Asturias;33010;;
Cangas del Narcea;Asturias;33011;43.18333;-6.55
Cangas de Onís;Asturias;33012;43.3514;-5.12916
Caravia;Asturias;33013;;
Carreño;Asturias;33014;;
Caso;Asturias;33015;;
Castrillón;Asturias;33016;43.39788;-6.79217
Castropol;Asturias;33017;43.52777;-7.03048
Coaña;Asturias;33018;43.51392;-6.75527
Colunga;Asturias;33019;43.48531;-5.27009
Corvera de Asturias;Asturias;33020;43.51062;-5.8691
Cudillero;Asturias;33021;43.56217;-6.14589
Degaña;Asturias;33022;42.93969;-6.56935
Franco, El;Asturias;33023;43.55522;-6.8662
Gijón;Asturias;33024;43.53573;-5.66152
Gozón;Asturias;33025;;
Grado;Asturias;33026;43.38801;-6.07433
Grandas de Salime;Asturias;33027;43.21554;-6.8757
Ibias;Asturias;33028;;
Illano;Asturias;33029;43.33385;-6.8656
Illas;Asturias;33030;43.49716;-5.97499
Langreo;Asturias;33031;;
Laviana;Asturias;33032;;
Lena;Asturias;33033;;
Valdés;Asturias;33034;;
Llanera;Asturias;33035;43.46189;-5.9311
Llanes;Asturias;33036;43.41982;-4.75485
Mieres;Asturias;33037;43.25;-5.76667
Morcín;Asturias;33038;;
Muros de Nalón;Asturias;33039;43.54277;-6.10348
Nava;Asturias;33040;43.3581;-5.51064
Navia;Asturias;33041;43.53544;-6.71935
Noreña;Asturias;33042;43.39364;-5.70662
Onís;Asturias;33043;;
Oviedo;Asturias;33044;43.36029;-5.84476
Parres;Asturias;33045;43.35;-5.15
Peñamellera Alta;Asturias;33046;;
Peñamellera Baja;Asturias;33047;;
Pesoz;Asturias;33048;43.25;-6.86667
Piloña;Asturias;33049;43.35;-5.36667
Ponga;Asturias;33050;;
Pravia;Asturias;33051;43.48861;-6.1117
Proaza;Asturias;33052;43.25178;-6.01633
Quirós;Asturias;33053;;
Regueras, Las;Asturias;33054;;
Ribadedeva;Asturias;33055;;
Ribadesella;Asturias;33056;43.46145;-5.05955
Ribera de Arriba;Asturias;33057;;
Riosa;Asturias;33058;;
Salas;Asturias;33059;43.4118;-6.26023
San Martín del Rey Aurelio;Asturias;33060;;
San Martín de Oscos;Asturias;33061;43.26587;-6.96241
Santa Eulalia de Oscos;Asturias;33062;43.2595;-7.01895
San Tirso de Abres;Asturias;33063;43.40873;-7.14317
Santo Adriano;Asturias;33064;;
Sariego;Asturias;33065;43.4;-5.53333
Siero;Asturias;33066;;
Sobrescobio;Asturias;33067;;
Somiedo;Asturias;33068;;
Soto del Barco;Asturias;33069;43.53288;-6.06984
Tapia de Casariego;Asturias;33070;43.57019;-6.94383
Taramundi;Asturias;33071;43.3602;-7.10828
Teverga;Asturias;33072;;
Tineo;Asturias;33073;43.33765;-6.41452
Vegadeo;Asturias;33074;43.46834;-7.0539
Villanueva de Oscos;Asturias;33075;43.3;-6.95
Villaviciosa;Asturias;33076;43.48126;-5.43574
Villayón;Asturias;33077;;
Yernes y Tameza;Asturias;33078;;
Abarca de Campos;Palencia;34001;;
Abia de las Torres;Palencia;34003;42.42016;-4.42131
Aguilar de Campoo;Palencia;34004;42.79452;-4.25892
Alar del Rey;Palencia;34005;42.66037;-4.31271
Alba de Cerrato;Palencia;34006;41.81276;-4.3647
Amayuelas de Arriba;Palencia;34009;42.21108;-4.4888
Ampudia;Palencia;34010;41.91608;-4.78033
Amusco;Palencia;34011;42.17306;-4.47018
Antigüedad;Palencia;34012;41.94681;-4.12058
Arconada;Palencia;34015;42.32774;-4.49617
Astudillo;Palencia;34017;42.1933;-4.29394
Autilla del Pino;Palencia;34018;41.99207;-4.63393
Autillo de Campos;Palencia;34019;42.08725;-4.83376
Ayuela;Palencia;34020;42.62618;-4.65979
Baltanás;Palencia;34022;41.93775;-4.24656
Venta de Baños;Palencia;34023;41.9211;-4.49089
Baquerín de Campos;Palencia;34024;42.016;-4.78185
Bárcena de Campos;Palencia;34025;42.48428;-4.49875
Barruelo de Santullán;Palencia;34027;42.90641;-4.28593
Báscones de Ojeda;Palencia;34028;42.67064;-4.52693
Becerril de Campos;Palencia;34029;42.10841;-4.64152
Belmonte de Campos;Palencia;34031;41.94255;-4.98659
Berzosilla;Palencia;34032;42.78053;-4.03753
Boada de Campos;Palencia;34033;41.98957;-4.8773
Boadilla del Camino;Palencia;34034;42.25934;-4.34525
Boadilla de Rioseco;Palencia;34035;;
Brañosera;Palencia;34036;42.9362;-4.30833
Buenavista de Valdavia;Palencia;34037;42.63788;-4.61446
Bustillo de la Vega;Palencia;34038;42.45605;-4.74115
Bustillo del Páramo de Carrión;Palencia;34039;42.35509;-4.7398
Calahorra de Boedo;Palencia;34041;42.57409;-4.38485
Calzada de los Molinos;Palencia;34042;42.32724;-4.65293
Capillas;Palencia;34045;42.01362;-4.89051
Cardeñosa de Volpejera;Palencia;34046;42.23214;-4.70197
Carrión de los Condes;Palencia;34047;42.3413;-4.60071
Castil de Vela;Palencia;34048;41.98461;-4.9592
Castrejón de la Peña;Palencia;34049;42.80795;-4.59901
Castrillo de Don Juan;Palencia;34050;41.79086;-4.07031
Castrillo de Onielo;Palencia;34051;41.8582;-4.30125
Castrillo de Villavega;Palencia;34052;42.45463;-4.48069
Castromocho;Palencia;34053;42.03104;-4.82404
Cervatos de la Cueza;Palencia;34055;42.29054;-4.76947
Cervera de Pisuerga;Palencia;34056;42.86676;-4.49796
Cevico de la Torre;Palencia;34057;41.85113;-4.40973
Cevico Navero;Palencia;34058;41.86112;-4.18498
Cisneros;Palencia;34059;42.22046;-4.85807
Cobos de Cerrato;Palencia;34060;42.02808;-4.00251
Collazos de Boedo;Palencia;34061;42.62009;-4.48294
Congosto de Valdavia;Palencia;34062;42.71584;-4.63366
Cordovilla la Real;Palencia;34063;42.07961;-4.25988
Cubillas de Cerrato;Palencia;34066;41.79844;-4.4672
Dehesa de Montejo;Palencia;34067;42.81939;-4.51019
Dehesa de Romanos;Palencia;34068;42.63876;-4.43518
Dueñas;Palencia;34069;41.87717;-4.54714
Espinosa de Cerrato;Palencia;34070;41.96679;-3.95346
Espinosa de Villagonzalo;Palencia;34071;42.47949;-4.37218
Frechilla;Palencia;34072;42.13768;-4.84112
Fresno del Río;Palencia;34073;42.68176;-4.81734
Frómista;Palencia;34074;42.26667;-4.40546
Fuentes de Nava;Palencia;34076;42.08333;-4.78333
Fuentes de Valdepero;Palencia;34077;42.07532;-4.5005
Grijota;Palencia;34079;42.05289;-4.58309
Guardo;Palencia;34080;42.78966;-4.84823
Guaza de Campos;Palencia;34081;42.13365;-4.90949
Hérmedes de Cerrato;Palencia;34082;41.81972;-4.17361
Herrera de Pisuerga;Palencia;34083;42.59492;-4.33034
Herrera de Valdecañas;Palencia;34084;42.04828;-4.20004
Hontoria de Cerrato;Palencia;34086;41.91061;-4.44209
Hornillos de Cerrato;Palencia;34087;41.98772;-4.27207
Husillos;Palencia;34088;42.09054;-4.52709
Itero de la Vega;Palencia;34089;42.28804;-4.25677
Lagartos;Palencia;34091;42.40578;-4.90454
Lantadilla;Palencia;34092;42.34078;-4.27866
Vid de Ojeda, La;Palencia;34093;;
Ledigos;Palencia;34094;42.3548;-4.8648
Lomas;Palencia;34096;42.27362;-4.55095
Magaz de Pisuerga;Palencia;34098;;
Manquillos;Palencia;34099;42.20518;-4.56841
Mantinos;Palencia;34100;42.75259;-4.84213
Marcilla de Campos;Palencia;34101;42.3177;-4.3967
Mazariegos;Palencia;34102;42.02691;-4.71542
Mazuecos de Valdeginate;Palencia;34103;42.16814;-4.84059
Melgar de Yuso;Palencia;34104;42.25381;-4.25394
Meneses de Campos;Palencia;34106;41.94142;-4.91927
Micieces de Ojeda;Palencia;34107;42.69078;-4.46166
Monzón de Campos;Palencia;34108;42.11604;-4.49283
Moratinos;Palencia;34109;42.36191;-4.92831
Mudá;Palencia;34110;42.8753;-4.39426
Nogal de las Huertas;Palencia;34112;42.39255;-4.64156
Olea de Boedo;Palencia;34113;42.6099;-4.4504
Olmos de Ojeda;Palencia;34114;42.72274;-4.42446
Osornillo;Palencia;34116;42.37047;-4.29153
Palencia;Palencia;34120;42.00955;-4.52406
Palenzuela;Palencia;34121;42.09518;-4.13039
Páramo de Boedo;Palencia;34122;42.57842;-4.40042
Paredes de Nava;Palencia;34123;42.15367;-4.69193
Payo de Ojeda;Palencia;34124;42.71859;-4.47752
Pedraza de Campos;Palencia;34125;41.98419;-4.73524
Pedrosa de la Vega;Palencia;34126;42.48159;-4.74678
Perales;Palencia;34127;42.19398;-4.58105
Pino del Río;Palencia;34129;42.64504;-4.80795
Piña de Campos;Palencia;34130;42.21326;-4.43657
Población de Arroyo;Palencia;34131;42.33675;-4.87398
Población de Campos;Palencia;34132;42.26994;-4.44744
Población de Cerrato;Palencia;34133;41.79298;-4.42874
Polentinos;Palencia;34134;42.93932;-4.52887
Pomar de Valdivia;Palencia;34135;42.77437;-4.16756
Poza de la Vega;Palencia;34136;42.57823;-4.79845
Pozo de Urama;Palencia;34137;42.25438;-4.89389
Prádanos de Ojeda;Palencia;34139;42.68156;-4.34659
Puebla de Valdavia, La;Palencia;34140;;
Quintana del Puente;Palencia;34141;42.08471;-4.20649
Quintanilla de Onsoña;Palencia;34143;42.46937;-4.66385
Reinoso de Cerrato;Palencia;34146;41.97624;-4.38337
Renedo de la Vega;Palencia;34147;42.45348;-4.70298
Requena de Campos;Palencia;34149;42.30796;-4.34304
Respenda de la Peña;Palencia;34151;42.76512;-4.6854
Revenga de Campos;Palencia;34152;42.28401;-4.48218
Revilla de Collazos;Palencia;34154;42.6296;-4.50343
Ribas de Campos;Palencia;34155;42.15249;-4.51649
Riberos de la Cueza;Palencia;34156;42.27881;-4.72503
Saldaña;Palencia;34157;42.52146;-4.73605
Salinas de Pisuerga;Palencia;34158;42.85046;-4.37783
San Cebrián de Campos;Palencia;34159;42.20063;-4.53127
San Cebrián de Mudá;Palencia;34160;42.89261;-4.38719
San Cristóbal de Boedo;Palencia;34161;42.54194;-4.35325
San Mamés de Campos;Palencia;34163;42.35512;-4.56565
San Román de la Cuba;Palencia;34165;42.26257;-4.85724
Santa Cecilia del Alcor;Palencia;34167;41.93227;-4.65546
Santa Cruz de Boedo;Palencia;34168;42.52531;-4.37398
Santervás de la Vega;Palencia;34169;42.50677;-4.80002
Santibáñez de Ecla;Palencia;34170;42.70784;-4.37263
Santibáñez de la Peña;Palencia;34171;42.80929;-4.73026
Santoyo;Palencia;34174;42.21473;-4.34296
Serna, La;Palencia;34175;;
Sotobañado y Priorato;Palencia;34176;42.58987;-4.44185
Soto de Cerrato;Palencia;34177;41.95312;-4.42998
Tabanera de Cerrato;Palencia;34178;42.02469;-4.12361
Tabanera de Valdavia;Palencia;34179;42.64728;-4.69414
Támara de Campos;Palencia;34180;;
Tariego de Cerrato;Palencia;34181;;
Torquemada;Palencia;34182;42.0349;-4.31841
Torremormojón;Palencia;34184;41.96018;-4.77765
Triollo;Palencia;34185;42.92456;-4.6813
Valbuena de Pisuerga;Palencia;34186;42.14584;-4.2401
Valdeolmillos;Palencia;34189;42.04123;-4.40015
Valderrábano;Palencia;34190;42.60674;-4.65584
Valde-Ucieza;Palencia;34192;;
Valle de Cerrato;Palencia;34196;41.88045;-4.36243
Velilla del Río Carrión;Palencia;34199;42.82611;-4.84626
Vertavillo;Palencia;34201;41.83281;-4.32707
Villabasta de Valdavia;Palencia;34202;;
Villacidaler;Palencia;34204;42.22168;-4.97668
Villaconancio;Palencia;34205;41.87174;-4.22379
Villada;Palencia;34206;42.25111;-4.96708
Villaeles de Valdavia;Palencia;34208;42.56556;-4.58318
Villahán;Palencia;34210;42.05031;-4.13104
Villaherreros;Palencia;34211;42.38964;-4.46254
Villalaco;Palencia;34213;42.15569;-4.2594
Villalba de Guardo;Palencia;34214;42.72229;-4.82328
Villalcázar de Sirga;Palencia;34215;42.31662;-4.54278
Villalcón;Palencia;34216;42.29287;-4.85527
Villalobón;Palencia;34217;42.03037;-4.5034
Villaluenga de la Vega;Palencia;34218;42.52386;-4.76489
Villamartín de Campos;Palencia;34220;42.01598;-4.66414
Villamediana;Palencia;34221;42.05024;-4.36115
Villameriel;Palencia;34222;42.52822;-4.47572
Villamoronta;Palencia;34223;42.40337;-4.69899
Villamuera de la Cueza;Palencia;34224;42.25843;-4.6886
Villamuriel de Cerrato;Palencia;34225;41.94935;-4.51584
Villanueva del Rebollar;Palencia;34227;42.24114;-4.74288
Villanuño de Valdavia;Palencia;34228;42.50775;-4.51887
Villaprovedo;Palencia;34229;42.51674;-4.39645
Villarmentero de Campos;Palencia;34230;42.29777;-4.49992
Villarrabé;Palencia;34231;42.4209;-4.78445
Villarramiel;Palencia;34232;42.04301;-4.91215
Villasarracino;Palencia;34233;42.41207;-4.49633
Villasila de Valdavia;Palencia;34234;42.53192;-4.55884
Villaturde;Palencia;34236;42.37769;-4.67085
Villaumbrales;Palencia;34237;42.08873;-4.61384
Villaviudas;Palencia;34238;41.96227;-4.342
Villerías de Campos;Palencia;34240;;
Villodre;Palencia;34241;42.21161;-4.24484
Villodrigo;Palencia;34242;42.14436;-4.09527
Villoldo;Palencia;34243;42.28333;-4.6
Villota del Páramo;Palencia;34245;42.55234;-4.84893
Villovieco;Palencia;34246;42.29478;-4.48122
Osorno la Mayor;Palencia;34901;;
Valle del Retortillo;Palencia;34902;;
Loma de Ucieza;Palencia;34903;;
Pernía, La;Palencia;34904;;
Agaete;Las Palmas;35001;28.10023;-15.69998
Agüimes;Las Palmas;35002;27.90539;-15.44609
Antigua;Las Palmas;35003;28.42307;-14.01379
Arrecife;Las Palmas;35004;28.96302;-13.54769
Artenara;Las Palmas;35005;28.02055;-15.64693
Arucas;Las Palmas;35006;28.11983;-15.52325
Betancuria;Las Palmas;35007;;
Firgas;Las Palmas;35008;28.10711;-15.56299
Gáldar;Las Palmas;35009;28.14701;-15.6502
Haría;Las Palmas;35010;29.14553;-13.49986
Ingenio;Las Palmas;35011;27.92086;-15.4406
Mogán;Las Palmas;35012;27.88385;-15.72538
Moya;Las Palmas;35013;28.10136;-15.58917
Oliva, La;Las Palmas;35014;28.61052;-13.92912
Pájara;Las Palmas;35015;28.35039;-14.1076
Palmas de Gran Canaria, Las;Las Palmas;35016;28.09973;-15.41343
Puerto del Rosario;Las Palmas;35017;28.50038;-13.86272
San Bartolomé;Las Palmas;35018;27.92481;-15.57329
San Bartolomé de Tirajana;Las Palmas;35019;;
Aldea de San Nicolás, La;Las Palmas;35020;;
Santa Brígida;Las Palmas;35021;28.03197;-15.50425
Santa Lucía de Tirajana;Las Palmas;35022;;
Santa María de Guía de Gran Canaria;Las Palmas;35023;;
Teguise;Las Palmas;35024;29.06049;-13.56397
Tejeda;Las Palmas;35025;27.99508;-15.61543
Telde;Las Palmas;35026;27.99243;-15.41915
Teror;Las Palmas;35027;28.06062;-15.54909
Tías;Las Palmas;35028;28.96108;-13.64502
Tinajo;Las Palmas;35029;29.06326;-13.67647
Tuineje;Las Palmas;35030;28.32372;-14.04722
Valsequillo de Gran Canaria;Las Palmas;35031;27.98562;-15.49725
Valleseco;Las Palmas;35032;28.0433;-15.57623
Vega de San Mateo;Las Palmas;35033;28.00892;-15.5333
Yaiza;Las Palmas;35034;28.95678;-13.76535
Arbo;Pontevedra;36001;42.11667;-8.31667
Barro;Pontevedra;36002;42.55534;-8.62231
Baiona;Pontevedra;36003;42.11667;-8.85
Bueu;Pontevedra;36004;42.32458;-8.78497
Caldas de Reis;Pontevedra;36005;42.6;-8.63333
Cambados;Pontevedra;36006;42.51222;-8.8131
Campo Lameiro;Pontevedra;36007;;
Cangas;Pontevedra;36008;42.26413;-8.78463
Cañiza, A;Pontevedra;36009;;
Catoira;Pontevedra;36010;42.66748;-8.72323
Covelo;Pontevedra;36013;42.23333;-8.35
Crecente;Pontevedra;36014;;
Cuntis;Pontevedra;36015;42.63396;-8.56256
Dozón;Pontevedra;36016;42.58333;-8.01667
Estrada, A;Pontevedra;36017;42.68333;-8.48333
Forcarei;Pontevedra;36018;42.59233;-8.3509
Fornelos de Montes;Pontevedra;36019;42.34126;-8.45291
Agolada;Pontevedra;36020;;
Gondomar;Pontevedra;36021;42.11155;-8.74971
Grove, O;Pontevedra;36022;42.49444;-8.86502
Guarda, A;Pontevedra;36023;41.90131;-8.87423
Lalín;Pontevedra;36024;42.66085;-8.11285
Lama, A;Pontevedra;36025;42.4;-8.43333
Marín;Pontevedra;36026;42.38333;-8.7
Meaño;Pontevedra;36027;42.44661;-8.78122
Meis;Pontevedra;36028;42.5;-8.75
Moaña;Pontevedra;36029;42.28333;-8.75
Mondariz;Pontevedra;36030;42.2311;-8.45839
Mondariz-Balneario;Pontevedra;36031;42.22686;-8.46728
Moraña;Pontevedra;36032;42.55;-8.58333
Mos;Pontevedra;36033;;
Neves, As;Pontevedra;36034;;
Nigrán;Pontevedra;36035;42.14153;-8.80656
Oia;Pontevedra;36036;42;-8.86667
Pazos de Borbén;Pontevedra;36037;;
Pontevedra;Pontevedra;36038;42.431;-8.64435
Porriño, O;Pontevedra;36039;42.16156;-8.6198
Portas;Pontevedra;36040;42.58531;-8.65573
Poio;Pontevedra;36041;42.44423;-8.71482
Ponteareas;Pontevedra;36042;42.18333;-8.5
Ponte Caldelas;Pontevedra;36043;42.38911;-8.50235
Pontecesures;Pontevedra;36044;;
Redondela;Pontevedra;36045;42.28337;-8.6096
Ribadumia;Pontevedra;36046;42.51667;-8.75
Rodeiro;Pontevedra;36047;42.65193;-7.95519
Rosal, O;Pontevedra;36048;41.93536;-8.83677
Salceda de Caselas;Pontevedra;36049;;
Salvaterra de Miño;Pontevedra;36050;;
Sanxenxo;Pontevedra;36051;42.39996;-8.80698
Silleda;Pontevedra;36052;42.69605;-8.24653
Soutomaior;Pontevedra;36053;;
Tomiño;Pontevedra;36054;41.98772;-8.75502
Tui;Pontevedra;36055;42.04713;-8.64435
Valga;Pontevedra;36056;42.69792;-8.63959
Vigo;Pontevedra;36057;42.23282;-8.72264
Vilaboa;Pontevedra;36058;;
Vila de Cruces;Pontevedra;36059;;
Vilagarcía de Arousa;Pontevedra;36060;42.59631;-8.76426
Vilanova de Arousa;Pontevedra;36061;42.56667;-8.83333
Illa de Arousa, A;Pontevedra;36901;;
Cerdedo-Cotobade;Pontevedra;36902;;
Abusejo;Salamanca;37001;40.709;-6.14074
Agallas;Salamanca;37002;40.44867;-6.44176
Ahigal de los Aceiteros;Salamanca;37003;40.87231;-6.74702
Ahigal de Villarino;Salamanca;37004;41.15819;-6.38037
Alameda de Gardón, La;Salamanca;37005;;
Alamedilla, La;Salamanca;37006;;
Alaraz;Salamanca;37007;40.74886;-5.28781
Alba de Tormes;Salamanca;37008;40.82664;-5.51237
Alba de Yeltes;Salamanca;37009;40.6718;-6.3166
Alberca, La;Salamanca;37010;40.48908;-6.11107
Alberguería de Argañán, La;Salamanca;37011;;
Alconada;Salamanca;37012;40.91092;-5.36305
Aldeacipreste;Salamanca;37013;40.3809;-5.89754
Aldeadávila de la Ribera;Salamanca;37014;41.21769;-6.61786
Aldea del Obispo;Salamanca;37015;40.70677;-6.79253
Aldealengua;Salamanca;37016;40.9809;-5.54922
Aldeanueva de Figueroa;Salamanca;37017;41.14809;-5.52404
Aldeanueva de la Sierra;Salamanca;37018;40.6162;-6.10023
Aldearrodrigo;Salamanca;37019;41.10966;-5.80726
Aldearrubia;Salamanca;37020;41.00807;-5.49829
Aldeaseca de Alba;Salamanca;37021;40.81909;-5.44699
Aldeaseca de la Frontera;Salamanca;37022;40.94161;-5.20719
Aldeatejada;Salamanca;37023;40.92168;-5.69273
Aldeavieja de Tormes;Salamanca;37024;40.58307;-5.61705
Aldehuela de la Bóveda;Salamanca;37025;40.85077;-6.0526
Aldehuela de Yeltes;Salamanca;37026;40.66254;-6.24332
Almenara de Tormes;Salamanca;37027;41.0639;-5.8235
Almendra;Salamanca;37028;41.22922;-6.34068
Anaya de Alba;Salamanca;37029;40.72828;-5.49266
Añover de Tormes;Salamanca;37030;41.13658;-5.91585
Arabayona de Mógica;Salamanca;37031;;
Arapiles;Salamanca;37032;40.89366;-5.64494
Arcediano;Salamanca;37033;41.09379;-5.56055
Arco, El;Salamanca;37034;;
Armenteros;Salamanca;37035;40.5932;-5.44806
San Miguel del Robledo;Salamanca;37036;;
Atalaya, La;Salamanca;37037;;
Babilafuente;Salamanca;37038;40.97704;-5.42554
Bañobárez;Salamanca;37039;40.84825;-6.61311
Barbadillo;Salamanca;37040;;
Barbalos;Salamanca;37041;40.67678;-5.94258
Barceo;Salamanca;37042;41.06108;-6.45175
Barruecopardo;Salamanca;37044;41.07215;-6.66423
Bastida, La;Salamanca;37045;;
Béjar;Salamanca;37046;40.38641;-5.76341
Beleña;Salamanca;37047;40.75067;-5.62713
Bermellar;Salamanca;37049;40.99918;-6.67014
Berrocal de Huebra;Salamanca;37050;40.71864;-6.00054
Berrocal de Salvatierra;Salamanca;37051;40.63331;-5.69005
Boada;Salamanca;37052;40.81569;-6.30611
Bodón, El;Salamanca;37054;;
Bogajo;Salamanca;37055;40.9071;-6.53065
Bouza, La;Salamanca;37056;40.83626;-6.79551
Bóveda del Río Almar;Salamanca;37057;40.85719;-5.2103
Brincones;Salamanca;37058;41.11339;-6.34865
Buenamadre;Salamanca;37059;40.85705;-6.24987
Buenavista;Salamanca;37060;40.76763;-5.61139
Cabaco, El;Salamanca;37061;;
Cabezabellosa de la Calzada;Salamanca;37062;41.04395;-5.48866
Cabeza de Béjar, La;Salamanca;37063;;
Cabeza del Caballo;Salamanca;37065;41.12982;-6.55742
Cabrerizos;Salamanca;37067;40.97808;-5.60907
Cabrillas;Salamanca;37068;40.73977;-6.17873
Calvarrasa de Abajo;Salamanca;37069;40.94638;-5.55258
Calvarrasa de Arriba;Salamanca;37070;40.90672;-5.59199
Calzada de Béjar, La;Salamanca;37071;;
Calzada de Don Diego;Salamanca;37072;40.905;-5.90279
Calzada de Valdunciel;Salamanca;37073;41.08663;-5.70219
Campillo de Azaba;Salamanca;37074;40.50951;-6.68705
Campo de Peñaranda, El;Salamanca;37077;;
Candelario;Salamanca;37078;40.36806;-5.74499
Canillas de Abajo;Salamanca;37079;40.92266;-5.92905
Cantagallo;Salamanca;37080;40.37239;-5.8189
Cantalapiedra;Salamanca;37081;41.1263;-5.18351
Cantalpino;Salamanca;37082;41.05341;-5.33045
Cantaracillo;Salamanca;37083;40.90376;-5.16291
Carbajosa de la Sagrada;Salamanca;37085;40.93305;-5.65026
Carpio de Azaba;Salamanca;37086;40.59602;-6.6468
Carrascal de Barregas;Salamanca;37087;40.97868;-5.76227
Carrascal del Obispo;Salamanca;37088;40.76376;-5.99913
Casafranca;Salamanca;37089;40.59267;-5.76039
Casas del Conde, Las;Salamanca;37090;;
Casillas de Flores;Salamanca;37091;40.38108;-6.75602
Castellanos de Moriscos;Salamanca;37092;41.01917;-5.59065
Castillejo de Martín Viejo;Salamanca;37096;40.69728;-6.63763
Castraz;Salamanca;37097;40.70517;-6.33383
Cepeda;Salamanca;37098;40.466;-6.041
Cereceda de la Sierra;Salamanca;37099;40.56627;-6.0914
Cerezal de Peñahorcada;Salamanca;37100;41.13071;-6.65357
Cerralbo;Salamanca;37101;40.97347;-6.5871
Cerro, El;Salamanca;37102;;
Cespedosa de Tormes;Salamanca;37103;;
Cilleros de la Bastida;Salamanca;37104;40.57614;-6.06094
Cipérez;Salamanca;37106;40.9621;-6.26552
Ciudad Rodrigo;Salamanca;37107;40.6;-6.53333
Coca de Alba;Salamanca;37108;40.87833;-5.36537
Colmenar de Montemayor;Salamanca;37109;40.39957;-5.95618
Cordovilla;Salamanca;37110;40.95095;-5.40725
Cristóbal;Salamanca;37112;40.46923;-5.88967
Cubo de Don Sancho, El;Salamanca;37113;;
Chagarcía Medianero;Salamanca;37114;;
Dios le Guarde;Salamanca;37115;40.64283;-6.31511
Doñinos de Ledesma;Salamanca;37116;41.01251;-6.03412
Doñinos de Salamanca;Salamanca;37117;40.95978;-5.74349
Éjeme;Salamanca;37118;40.76685;-5.53828
Encina, La;Salamanca;37119;;
Encina de San Silvestre;Salamanca;37120;41.01442;-6.09268
Encinas de Abajo;Salamanca;37121;40.93493;-5.47037
Encinas de Arriba;Salamanca;37122;40.7712;-5.55661
Encinasola de los Comendadores;Salamanca;37123;41.03089;-6.53261
Endrinal;Salamanca;37124;40.59109;-5.80411
Escurial de la Sierra;Salamanca;37125;40.61731;-5.9552
Espadaña;Salamanca;37126;41.06085;-6.28457
Espeja;Salamanca;37127;40.56565;-6.71582
Espino de la Orbada;Salamanca;37128;41.10693;-5.42515
Florida de Liébana;Salamanca;37129;41.02361;-5.76252
Forfoleda;Salamanca;37130;41.09779;-5.74979
Frades de la Sierra;Salamanca;37131;40.65687;-5.78223
Fregeneda, La;Salamanca;37132;;
Fresnedoso;Salamanca;37133;40.43619;-5.70969
Fresno Alhándiga;Salamanca;37134;;
Fuente de San Esteban, La;Salamanca;37135;40.80161;-6.25852
Fuenteguinaldo;Salamanca;37136;40.42876;-6.67528
Fuenteliante;Salamanca;37137;;
Fuenterroble de Salvatierra;Salamanca;37138;40.56466;-5.73379
Fuentes de Béjar;Salamanca;37139;40.50815;-5.6927
Fuentes de Oñoro;Salamanca;37140;40.59102;-6.81144
Gajates;Salamanca;37141;40.78254;-5.36506
Galindo y Perahuy;Salamanca;37142;40.94397;-5.8741
Galinduste;Salamanca;37143;40.66266;-5.54003
Galisancho;Salamanca;37144;40.74418;-5.55471
Gallegos de Argañán;Salamanca;37145;40.63146;-6.70246
Gallegos de Solmirón;Salamanca;37146;;
Garcibuey;Salamanca;37147;40.51552;-5.99439
Garcihernández;Salamanca;37148;40.86096;-5.43567
Garcirrey;Salamanca;37149;40.90049;-6.1312
Gejuelo del Barro;Salamanca;37150;41.07633;-6.12332
Golpejas;Salamanca;37151;40.99981;-5.90687
Gomecello;Salamanca;37152;41.0428;-5.53585
Guadramiro;Salamanca;37154;41.01703;-6.49369
Guijo de Ávila;Salamanca;37155;40.53078;-5.6397
Guijuelo;Salamanca;37156;40.55757;-5.67067
Herguijuela de Ciudad Rodrigo;Salamanca;37157;40.4586;-6.52075
Herguijuela de la Sierra;Salamanca;37158;40.44535;-6.07445
Herguijuela del Campo;Salamanca;37159;40.63102;-5.86398
Hinojosa de Duero;Salamanca;37160;40.98674;-6.79529
Horcajo de Montemayor;Salamanca;37161;40.42265;-5.89427
Horcajo Medianero;Salamanca;37162;;
Hoya, La;Salamanca;37163;;
Huerta;Salamanca;37164;40.96843;-5.46769
Iruelos;Salamanca;37165;41.14135;-6.32808
Ituero de Azaba;Salamanca;37166;40.48487;-6.69272
Juzbado;Salamanca;37167;41.07791;-5.8614
Lagunilla;Salamanca;37168;40.32491;-5.97132
Larrodrigo;Salamanca;37169;40.73722;-5.44895
Ledesma;Salamanca;37170;41.08829;-6.00178
Ledrada;Salamanca;37171;40.46878;-5.72038
Linares de Riofrío;Salamanca;37172;40.58338;-5.92091
Lumbrales;Salamanca;37173;40.93501;-6.71948
Macotera;Salamanca;37174;40.83105;-5.28526
Machacón;Salamanca;37175;40.92623;-5.5243
Madroñal;Salamanca;37176;40.46407;-6.06271
Maíllo, El;Salamanca;37177;;
Malpartida;Salamanca;37178;40.76269;-5.23149
Mancera de Abajo;Salamanca;37179;40.83974;-5.19933
Manzano, El;Salamanca;37180;;
Martiago;Salamanca;37181;40.4542;-6.4901
Martinamor;Salamanca;37182;40.80676;-5.59913
Martín de Yeltes;Salamanca;37183;40.77594;-6.29162
Masueco;Salamanca;37184;41.20352;-6.58938
Castellanos de Villiquera;Salamanca;37185;41.05139;-5.69477
Mata de Ledesma, La;Salamanca;37186;;
Matilla de los Caños del Río;Salamanca;37187;40.82539;-5.94276
Maya, La;Salamanca;37188;;
Membribe de la Sierra;Salamanca;37189;40.69123;-5.80568
Mieza;Salamanca;37190;41.16424;-6.69137
Milano, El;Salamanca;37191;;
Miranda de Azán;Salamanca;37192;40.88752;-5.68182
Miranda del Castañar;Salamanca;37193;40.48448;-5.99581
Mogarraz;Salamanca;37194;40.49264;-6.05327
Molinillo;Salamanca;37195;40.46898;-5.94493
Monforte de la Sierra;Salamanca;37196;40.48264;-6.05671
Monleón;Salamanca;37197;40.58192;-5.84312
Monleras;Salamanca;37198;41.18704;-6.22622
Monsagro;Salamanca;37199;40.50343;-6.2711
Montejo;Salamanca;37200;40.63246;-5.62287
Montemayor del Río;Salamanca;37201;40.34836;-5.89427
Monterrubio de Armuña;Salamanca;37202;41.02651;-5.64389
Monterrubio de la Sierra;Salamanca;37203;40.75592;-5.69329
Morasverdes;Salamanca;37204;40.60019;-6.27503
Morille;Salamanca;37205;40.80693;-5.69833
Moríñigo;Salamanca;37206;;
Moriscos;Salamanca;37207;41.00818;-5.58184
Moronta;Salamanca;37208;40.97688;-6.43103
Mozárbez;Salamanca;37209;40.85652;-5.65144
Narros de Matalayegua;Salamanca;37211;40.6988;-5.92658
Navacarros;Salamanca;37212;40.39776;-5.71425
Nava de Béjar;Salamanca;37213;40.47518;-5.67856
Nava de Francia;Salamanca;37214;40.53572;-6.11628
Nava de Sotrobal;Salamanca;37215;40.89039;-5.28562
Navales;Salamanca;37216;40.78857;-5.47863
Navalmoral de Béjar;Salamanca;37217;40.42264;-5.7831
Navamorales;Salamanca;37218;40.47618;-5.47893
Navarredonda de la Rinconada;Salamanca;37219;40.60657;-6.01169
Navasfrías;Salamanca;37221;40.29679;-6.81975
Negrilla de Palencia;Salamanca;37222;41.09185;-5.59165
Olmedo de Camaces;Salamanca;37223;40.87967;-6.6236
Orbada, La;Salamanca;37224;;
Pajares de la Laguna;Salamanca;37225;41.08754;-5.50888
Palacios del Arzobispo;Salamanca;37226;41.16655;-5.88933
Palaciosrubios;Salamanca;37228;41.05238;-5.19507
Palencia de Negrilla;Salamanca;37229;41.09439;-5.60168
Parada de Arriba;Salamanca;37230;40.98655;-5.79332
Parada de Rubiales;Salamanca;37231;41.14818;-5.43638
Paradinas de San Juan;Salamanca;37232;40.98325;-5.15418
Pastores;Salamanca;37233;40.51508;-6.51018
Payo, El;Salamanca;37234;;
Pedraza de Alba;Salamanca;37235;40.75502;-5.37524
Pedrosillo de Alba;Salamanca;37236;40.82277;-5.39506
Pedrosillo de los Aires;Salamanca;37237;40.71524;-5.70511
Pedrosillo el Ralo;Salamanca;37238;41.06305;-5.54794
Pedroso de la Armuña, El;Salamanca;37239;;
Pelabravo;Salamanca;37240;40.93658;-5.57916
Pelarrodríguez;Salamanca;37241;40.88723;-6.21271
Pelayos;Salamanca;37242;40.64985;-5.5758
Peña, La;Salamanca;37243;;
Peñacaballera;Salamanca;37244;40.34353;-5.86121
Peñaparda;Salamanca;37245;40.32093;-6.66948
Peñaranda de Bracamonte;Salamanca;37246;40.90108;-5.20026
Peñarandilla;Salamanca;37247;40.88348;-5.3936
Peralejos de Abajo;Salamanca;37248;41.00469;-6.36238
Peralejos de Arriba;Salamanca;37249;41.0041;-6.33362
Pereña de la Ribera;Salamanca;37250;;
Peromingo;Salamanca;37251;40.46386;-5.77238
Pinedas;Salamanca;37252;40.44493;-5.96025
Pino de Tormes, El;Salamanca;37253;;
Pitiegua;Salamanca;37254;41.0621;-5.46647
Pizarral;Salamanca;37255;40.6145;-5.65238
Poveda de las Cintas;Salamanca;37256;41.04596;-5.26019
Pozos de Hinojo;Salamanca;37257;40.91303;-6.41144
Puebla de Azaba;Salamanca;37258;40.44732;-6.74616
Puebla de San Medel;Salamanca;37259;40.51073;-5.73673
Puebla de Yeltes;Salamanca;37260;40.62528;-6.1815
Puente del Congosto;Salamanca;37261;40.49041;-5.52628
Puertas;Salamanca;37262;41.09681;-6.28752
Puerto de Béjar;Salamanca;37263;40.35052;-5.83756
Puerto Seguro;Salamanca;37264;40.82718;-6.76109
Rágama;Salamanca;37265;40.99768;-5.12724
Redonda, La;Salamanca;37266;;
Retortillo;Salamanca;37267;40.80132;-6.35951
Rinconada de la Sierra, La;Salamanca;37268;;
Robleda;Salamanca;37269;40.38469;-6.60726
Robliza de Cojos;Salamanca;37270;40.86766;-5.97786
Rollán;Salamanca;37271;40.9623;-5.91753
Saelices el Chico;Salamanca;37272;40.66998;-6.63271
Sagrada, La;Salamanca;37273;;
Salamanca;Salamanca;37274;40.96882;-5.66388
Saldeana;Salamanca;37275;41.02068;-6.64015
Salmoral;Salamanca;37276;40.80137;-5.2191
Salvatierra de Tormes;Salamanca;37277;40.59007;-5.59763
San Cristóbal de la Cuesta;Salamanca;37278;41.02919;-5.61771
Sancti-Spíritus;Salamanca;37279;;
Sanchón de la Ribera;Salamanca;37280;41.08844;-6.41314
Sanchón de la Sagrada;Salamanca;37281;40.74287;-6.02502
Sanchotello;Salamanca;37282;40.43812;-5.75394
Sando;Salamanca;37283;40.96773;-6.11136
San Esteban de la Sierra;Salamanca;37284;40.5068;-5.90619
San Felices de los Gallegos;Salamanca;37285;40.84954;-6.70804
San Martín del Castañar;Salamanca;37286;40.52264;-6.06387
San Miguel de Valero;Salamanca;37287;40.54361;-5.9228
San Morales;Salamanca;37288;40.99358;-5.50234
San Muñoz;Salamanca;37289;40.78334;-6.12758
San Pedro del Valle;Salamanca;37290;41.03332;-5.86025
San Pedro de Rozados;Salamanca;37291;40.79008;-5.73716
San Pelayo de Guareña;Salamanca;37292;41.11579;-5.85702
Santa María de Sando;Salamanca;37293;40.97909;-6.12904
Santa Marta de Tormes;Salamanca;37294;40.95065;-5.62723
Santiago de la Puebla;Salamanca;37296;40.80132;-5.28073
Santibáñez de Béjar;Salamanca;37297;40.48785;-5.6111
Santibáñez de la Sierra;Salamanca;37298;40.49464;-5.91576
Santiz;Salamanca;37299;41.20579;-5.89654
Santos, Los;Salamanca;37300;;
Sardón de los Frailes;Salamanca;37301;41.21373;-6.27101
Saucelle;Salamanca;37302;41.04769;-6.75328
Sahugo, El;Salamanca;37303;;
Sepulcro-Hilario;Salamanca;37304;;
Sequeros;Salamanca;37305;40.51295;-6.02495
Serradilla del Arroyo;Salamanca;37306;40.52133;-6.36008
Serradilla del Llano;Salamanca;37307;40.49996;-6.35701
Sierpe, La;Salamanca;37309;;
Sieteiglesias de Tormes;Salamanca;37310;;
Sobradillo;Salamanca;37311;40.91754;-6.79729
Sorihuela;Salamanca;37312;40.44378;-5.67818
Sotoserrano;Salamanca;37313;40.43499;-6.03261
Tabera de Abajo;Salamanca;37314;40.91021;-6.00227
Tala, La;Salamanca;37315;;
Tamames;Salamanca;37316;40.65725;-6.10536
Tarazona de Guareña;Salamanca;37317;41.17206;-5.25005
Tardáguila;Salamanca;37318;41.11493;-5.57423
Tejado, El;Salamanca;37319;;
Tejeda y Segoyuela;Salamanca;37320;40.63155;-6.02311
Tenebrón;Salamanca;37321;40.62449;-6.3545
Terradillos;Salamanca;37322;40.83836;-5.5416
Topas;Salamanca;37323;41.15759;-5.63402
Tordillos;Salamanca;37324;40.85266;-5.35278
Tornadizo, El;Salamanca;37325;;
Torresmenudas;Salamanca;37327;41.10249;-5.78475
Trabanca;Salamanca;37328;41.23278;-6.38484
Tremedal de Tormes;Salamanca;37329;41.07423;-6.18164
Valdecarros;Salamanca;37330;40.77007;-5.42219
Valdefuentes de Sangusín;Salamanca;37331;40.46578;-5.83286
Valdehijaderos;Salamanca;37332;40.41916;-5.84792
Valdelacasa;Salamanca;37333;40.50631;-5.76354
Valdelageve;Salamanca;37334;40.36949;-5.99078
Valdelosa;Salamanca;37335;41.17157;-5.7839
Valdemierque;Salamanca;37336;40.82176;-5.58225
Valderrodrigo;Salamanca;37337;41.06524;-6.50878
Valdunciel;Salamanca;37338;41.08544;-5.67217
Valero;Salamanca;37339;40.53533;-5.94307
Valsalabroso;Salamanca;37340;41.10962;-6.50269
Valverde de Valdelacasa;Salamanca;37341;40.48155;-5.78145
Valverdón;Salamanca;37342;41.04691;-5.76955
Vallejera de Riofrío;Salamanca;37343;40.4091;-5.71943
Vecinos;Salamanca;37344;40.77875;-5.87815
Vega de Tirados;Salamanca;37345;41.02543;-5.88667
Veguillas, Las;Salamanca;37346;;
Vellés, La;Salamanca;37347;;
Ventosa del Río Almar;Salamanca;37348;40.92728;-5.34838
Vídola, La;Salamanca;37349;;
Vilvestre;Salamanca;37350;41.10636;-6.72725
Villaflores;Salamanca;37351;41.08397;-5.23436
Villagonzalo de Tormes;Salamanca;37352;40.89221;-5.49664
Villalba de los Llanos;Salamanca;37353;40.8002;-5.9758
Villamayor;Salamanca;37354;40.99939;-5.69579
Villanueva del Conde;Salamanca;37355;40.51039;-6.0121
Villar de Argañán;Salamanca;37356;;
Villar de Ciervo;Salamanca;37357;40.73772;-6.7385
Villar de Gallimazo;Salamanca;37358;40.95367;-5.28819
Villar de la Yegua;Salamanca;37359;40.72554;-6.70364
Villar de Peralonso;Salamanca;37360;41.03223;-6.22284
Villar de Samaniego;Salamanca;37361;41.11667;-6.43333
Villares de la Reina;Salamanca;37362;41.00832;-5.64881
Villares de Yeltes;Salamanca;37363;40.86594;-6.413
Villarino de los Aires;Salamanca;37364;41.27102;-6.46847
Villarmayor;Salamanca;37365;41.01514;-5.97151
Villarmuerto;Salamanca;37366;41.0562;-6.36294
Villasbuenas;Salamanca;37367;41.06263;-6.59662
Villasdardo;Salamanca;37368;41.00449;-6.16303
Villaseco de los Gamitos;Salamanca;37369;41.03621;-6.11323
Villaseco de los Reyes;Salamanca;37370;41.16262;-6.18426
Villasrubias;Salamanca;37371;40.33822;-6.6392
Villaverde de Guareña;Salamanca;37372;41.06406;-5.52492
Villavieja de Yeltes;Salamanca;37373;40.87573;-6.46792
Villoria;Salamanca;37374;40.99435;-5.37363
Villoruela;Salamanca;37375;41.0086;-5.39381
Vitigudino;Salamanca;37376;41.00912;-6.43404
Yecla de Yeltes;Salamanca;37377;40.95917;-6.48904
Zamarra;Salamanca;37378;40.51893;-6.45248
Zamayón;Salamanca;37379;41.14861;-5.83054
Zarapicos;Salamanca;37380;41.0383;-5.84526
Zarza de Pumareda, La;Salamanca;37381;;
Zorita de la Frontera;Salamanca;37382;41.01453;-5.19659
Adeje;Santa Cruz de Tenerife;38001;28.12271;-16.726
Agulo;Santa Cruz de Tenerife;38002;28.18778;-17.19678
Alajeró;Santa Cruz de Tenerife;38003;28.06205;-17.24073
Arafo;Santa Cruz de Tenerife;38004;28.33971;-16.42244
Arico;Santa Cruz de Tenerife;38005;;
Arona;Santa Cruz de Tenerife;38006;28.09962;-16.68102
Barlovento;Santa Cruz de Tenerife;38007;28.82708;-17.80377
Breña Alta;Santa Cruz de Tenerife;38008;28.65;-17.78333
Breña Baja;Santa Cruz de Tenerife;38009;28.63011;-17.78953
Buenavista del Norte;Santa Cruz de Tenerife;38010;28.37458;-16.86098
Candelaria;Santa Cruz de Tenerife;38011;28.3548;-16.37268
Fasnia;Santa Cruz de Tenerife;38012;28.23638;-16.43886
Frontera;Santa Cruz de Tenerife;38013;27.75404;-18.00367
Fuencaliente de la Palma;Santa Cruz de Tenerife;38014;28.49236;-17.84529
Garachico;Santa Cruz de Tenerife;38015;28.77807;-17.76459
Garafía;Santa Cruz de Tenerife;38016;28.81667;-17.93333
Granadilla de Abona;Santa Cruz de Tenerife;38017;28.11882;-16.57599
Guancha, La;Santa Cruz de Tenerife;38018;28.37294;-16.66079
Guía de Isora;Santa Cruz de Tenerife;38019;28.21154;-16.77947
Güímar;Santa Cruz de Tenerife;38020;28.3039;-16.43255
Hermigua;Santa Cruz de Tenerife;38021;28.16766;-17.19051
Icod de los Vinos;Santa Cruz de Tenerife;38022;28.37241;-16.71188
San Cristóbal de La Laguna;Santa Cruz de Tenerife;38023;;
Llanos de Aridane, Los;Santa Cruz de Tenerife;38024;28.65851;-17.91821
Matanza de Acentejo, La;Santa Cruz de Tenerife;38025;28.45242;-16.4472
Orotava, La;Santa Cruz de Tenerife;38026;28.39076;-16.52309
Paso, El;Santa Cruz de Tenerife;38027;28.65007;-17.88274
Puerto de la Cruz;Santa Cruz de Tenerife;38028;28.41397;-16.54867
Puntagorda;Santa Cruz de Tenerife;38029;28.76886;-17.97599
Puntallana;Santa Cruz de Tenerife;38030;28.73333;-17.73333
Realejos, Los;Santa Cruz de Tenerife;38031;28.36739;-16.58335
Rosario, El;Santa Cruz de Tenerife;38032;;
San Andrés y Sauces;Santa Cruz de Tenerife;38033;;
San Juan de la Rambla;Santa Cruz de Tenerife;38034;28.39276;-16.65015
San Miguel de Abona;Santa Cruz de Tenerife;38035;;
San Sebastián de la Gomera;Santa Cruz de Tenerife;38036;28.09163;-17.11331
Santa Cruz de la Palma;Santa Cruz de Tenerife;38037;28.68351;-17.76421
Santa Cruz de Tenerife;Santa Cruz de Tenerife;38038;28.46824;-16.25462
Santa Úrsula;Santa Cruz de Tenerife;38039;28.42613;-16.48876
Santiago del Teide;Santa Cruz de Tenerife;38040;28.294;-16.81618
Sauzal, El;Santa Cruz de Tenerife;38041;28.46667;-16.41667
Silos, Los;Santa Cruz de Tenerife;38042;28.3661;-16.81552
Tacoronte;Santa Cruz de Tenerife;38043;28.47688;-16.41016
Tanque, El;Santa Cruz de Tenerife;38044;28.36667;-16.83333
Tazacorte;Santa Cruz de Tenerife;38045;28.64186;-17.93394
Tegueste;Santa Cruz de Tenerife;38046;28.51667;-16.31667
Tijarafe;Santa Cruz de Tenerife;38047;28.7;-17.95
Valverde;Santa Cruz de Tenerife;38048;27.80628;-17.91578
Valle Gran Rey;Santa Cruz de Tenerife;38049;;
Vallehermoso;Santa Cruz de Tenerife;38050;;
Victoria de Acentejo, La;Santa Cruz de Tenerife;38051;28.43231;-16.46232
Vilaflor de Chasna;Santa Cruz de Tenerife;38052;;
Villa de Mazo;Santa Cruz de Tenerife;38053;;
Pinar de El Hierro, El;Santa Cruz de Tenerife;38901;;
Alfoz de Lloredo;Cantabria;39001;;
Ampuero;Cantabria;39002;43.34268;-3.41667
Anievas;Cantabria;39003;;
Arenas de Iguña;Cantabria;39004;43.18293;-4.04729
Argoños;Cantabria;39005;43.4574;-3.49013
Arnuero;Cantabria;39006;43.47756;-3.56959
Arredondo;Cantabria;39007;43.27325;-3.60031
Astillero, El;Cantabria;39008;43.40094;-3.82051
Bárcena de Cicero;Cantabria;39009;43.4216;-3.5103
Bárcena de Pie de Concha;Cantabria;39010;43.1258;-4.05662
Bareyo;Cantabria;39011;43.46686;-3.60083
Cabezón de la Sal;Cantabria;39012;43.30824;-4.23571
Cabezón de Liébana;Cantabria;39013;43.13437;-4.5763
Cabuérniga;Cantabria;39014;;
Camaleño;Cantabria;39015;43.15078;-4.69376
Camargo;Cantabria;39016;43.40744;-3.88498
Campoo de Yuso;Cantabria;39017;;
Cartes;Cantabria;39018;43.32596;-4.06893
Castañeda;Cantabria;39019;;
Castro-Urdiales;Cantabria;39020;43.38285;-3.22043
Cieza;Cantabria;39021;;
Cillorigo de Liébana;Cantabria;39022;;
Colindres;Cantabria;39023;43.39667;-3.45361
Comillas;Cantabria;39024;43.38603;-4.29162
Corrales de Buelna, Los;Cantabria;39025;43.26358;-4.07262
Corvera de Toranzo;Cantabria;39026;;
Campoo de Enmedio;Cantabria;39027;;
Entrambasaguas;Cantabria;39028;43.37846;-3.68072
Escalante;Cantabria;39029;43.43678;-3.51347
Guriezo;Cantabria;39030;;
Hazas de Cesto;Cantabria;39031;43.39653;-3.58916
Hermandad de Campoo de Suso;Cantabria;39032;;
Herrerías;Cantabria;39033;;
Lamasón;Cantabria;39034;;
Laredo;Cantabria;39035;43.4098;-3.41613
Liendo;Cantabria;39036;43.4008;-3.37029
Liérganes;Cantabria;39037;43.34614;-3.74668
Limpias;Cantabria;39038;43.36402;-3.41778
Luena;Cantabria;39039;;
Marina de Cudeyo;Cantabria;39040;;
Mazcuerras;Cantabria;39041;;
Medio Cudeyo;Cantabria;39042;;
Meruelo;Cantabria;39043;;
Miengo;Cantabria;39044;43.42861;-3.99866
Miera;Cantabria;39045;;
Molledo;Cantabria;39046;43.14974;-4.04239
Noja;Cantabria;39047;43.48917;-3.52306
Penagos;Cantabria;39048;43.35216;-3.81382
Peñarrubia;Cantabria;39049;;
Pesaguero;Cantabria;39050;;
Pesquera;Cantabria;39051;43.08223;-4.07932
Piélagos;Cantabria;39052;;
Polaciones;Cantabria;39053;;
Polanco;Cantabria;39054;43.38524;-4.01642
Potes;Cantabria;39055;43.15457;-4.62055
Puente Viesgo;Cantabria;39056;43.29815;-3.96817
Ramales de la Victoria;Cantabria;39057;43.2572;-3.46516
Rasines;Cantabria;39058;43.30505;-3.42919
Reinosa;Cantabria;39059;42.99959;-4.13801
Reocín;Cantabria;39060;43.33915;-4.09403
Ribamontán al Mar;Cantabria;39061;;
Ribamontán al Monte;Cantabria;39062;;
Rionansa;Cantabria;39063;;
Riotuerto;Cantabria;39064;;
Rozas de Valdearroyo, Las;Cantabria;39065;;
Ruente;Cantabria;39066;43.25826;-4.26791
Ruesga;Cantabria;39067;;
Ruiloba;Cantabria;39068;;
San Felices de Buelna;Cantabria;39069;;
San Miguel de Aguayo;Cantabria;39070;43.05383;-4.0255
San Pedro del Romeral;Cantabria;39071;43.11514;-3.8186
San Roque de Riomiera;Cantabria;39072;;
Santa Cruz de Bezana;Cantabria;39073;43.4437;-3.90324
Santa María de Cayón;Cantabria;39074;43.30849;-3.8368
Santander;Cantabria;39075;43.46472;-3.80444
Santillana del Mar;Cantabria;39076;;
Santiurde de Reinosa;Cantabria;39077;43.06144;-4.08351
Santiurde de Toranzo;Cantabria;39078;43.23819;-3.93947
Santoña;Cantabria;39079;43.44386;-3.45757
San Vicente de la Barquera;Cantabria;39080;43.38509;-4.39934
Saro;Cantabria;39081;43.25961;-3.84283
Selaya;Cantabria;39082;43.21376;-3.80563
Soba;Cantabria;39083;;
Solórzano;Cantabria;39084;43.38233;-3.58785
Suances;Cantabria;39085;43.43341;-4.04338
Tojos, Los;Cantabria;39086;;
Torrelavega;Cantabria;39087;43.34943;-4.04785
Tresviso;Cantabria;39088;43.25753;-4.66768
Tudanca;Cantabria;39089;;
Udías;Cantabria;39090;;
Valdáliga;Cantabria;39091;;
Valdeolea;Cantabria;39092;;
Valdeprado del Río;Cantabria;39093;;
Valderredible;Cantabria;39094;;
Val de San Vicente;Cantabria;39095;;
Vega de Liébana;Cantabria;39096;;
Vega de Pas;Cantabria;39097;43.15692;-3.78316
Villacarriedo;Cantabria;39098;43.22851;-3.81057
Villaescusa;Cantabria;39099;42.96262;-4.16706
Villafufre;Cantabria;39100;43.26557;-3.8937
Valle de Villaverde;Cantabria;39101;;
Voto;Cantabria;39102;;
Abades;Segovia;40001;40.91646;-4.26937
Adrada de Pirón;Segovia;40002;41.05257;-4.05107
Adrados;Segovia;40003;41.36816;-4.11186
Aguilafuente;Segovia;40004;41.22667;-4.11185
Alconada de Maderuelo;Segovia;40005;41.45015;-3.48554
Aldealcorvo;Segovia;40006;41.24443;-3.79136
Aldealengua de Pedraza;Segovia;40007;;
Aldealengua de Santa María;Segovia;40008;41.46196;-3.46723
Aldeanueva de la Serrezuela;Segovia;40009;;
Aldeanueva del Codonal;Segovia;40010;41.08236;-4.54369
Aldea Real;Segovia;40012;41.18553;-4.16559
Aldeasoña;Segovia;40013;41.47285;-4.05711
Aldehorno;Segovia;40014;;
Aldehuela del Codonal;Segovia;40015;41.05504;-4.53863
Aldeonte;Segovia;40016;41.35092;-3.67847
Anaya;Segovia;40017;40.99184;-4.3095
Añe;Segovia;40018;41.03702;-4.29462
Arahuetes;Segovia;40019;41.13762;-3.85664
Arcones;Segovia;40020;41.11817;-3.72384
Arevalillo de Cega;Segovia;40021;41.16174;-3.88911
Armuña;Segovia;40022;41.07715;-4.31949
Ayllón;Segovia;40024;41.41899;-3.37537
Barbolla;Segovia;40025;41.32567;-3.67361
Basardilla;Segovia;40026;41.02737;-4.02598
Bercial;Segovia;40028;40.90711;-4.43638
Bercimuel;Segovia;40029;41.39925;-3.57051
Bernardos;Segovia;40030;41.12787;-4.35119
Bernuy de Porreros;Segovia;40031;;
Boceguillas;Segovia;40032;41.33641;-3.63828
Brieva;Segovia;40033;41.03483;-4.05364
Caballar;Segovia;40034;41.12159;-3.9642
Cabañas de Polendos;Segovia;40035;41.06667;-4.1101
Cabezuela;Segovia;40036;41.2359;-3.93173
Calabazas de Fuentidueña;Segovia;40037;;
Campo de San Pedro;Segovia;40039;41.42992;-3.54599
Cantalejo;Segovia;40040;41.2576;-3.92791
Cantimpalos;Segovia;40041;41.07406;-4.15988
Carbonero el Mayor;Segovia;40043;41.12257;-4.26478
Carrascal del Río;Segovia;40044;41.36801;-3.89819
Casla;Segovia;40045;41.16602;-3.65643
Castillejo de Mesleón;Segovia;40046;41.281;-3.60137
Castro de Fuentidueña;Segovia;40047;41.42044;-3.85528
Castrojimeno;Segovia;40048;41.39659;-3.84726
Castroserna de Abajo;Segovia;40049;41.20835;-3.73387
Castroserracín;Segovia;40051;41.39329;-3.80196
Cedillo de la Torre;Segovia;40052;41.42482;-3.60577
Cerezo de Abajo;Segovia;40053;41.21817;-3.59126
Cerezo de Arriba;Segovia;40054;41.2389;-3.55846
Cilleruelo de San Mamés;Segovia;40055;41.4322;-3.56614
Cobos de Fuentidueña;Segovia;40056;41.38265;-3.92723
Coca;Segovia;40057;41.21767;-4.52145
Codorniz;Segovia;40058;41.06745;-4.60021
Collado Hermoso;Segovia;40059;41.03869;-3.91859
Condado de Castilnovo;Segovia;40060;;
Corral de Ayllón;Segovia;40061;41.39081;-3.45856
Cubillo;Segovia;40062;41.12138;-3.90878
Cuéllar;Segovia;40063;41.40155;-4.31474
Chañe;Segovia;40065;41.33834;-4.42764
Domingo García;Segovia;40068;41.11528;-4.37927
Donhierro;Segovia;40069;41.11642;-4.6967
Duruelo;Segovia;40070;41.23622;-3.64914
Encinas;Segovia;40071;41.37511;-3.66762
Encinillas;Segovia;40072;41.01809;-4.15784
Escalona del Prado;Segovia;40073;41.16682;-4.12272
Escarabajosa de Cabezas;Segovia;40074;41.1047;-4.19411
Escobar de Polendos;Segovia;40075;41.09079;-4.13117
Espinar, El;Segovia;40076;;
Espirdo;Segovia;40077;40.99764;-4.07331
Fresneda de Cuéllar;Segovia;40078;41.31905;-4.44938
Fresno de Cantespino;Segovia;40079;41.3682;-3.4995
Fresno de la Fuente;Segovia;40080;41.39243;-3.64491
Frumales;Segovia;40081;41.38333;-4.18631
Fuente de Santa Cruz;Segovia;40082;41.20972;-4.6353
Fuente el Olmo de Fuentidueña;Segovia;40083;41.37929;-4.00086
Fuente el Olmo de Íscar;Segovia;40084;;
Fuentepelayo;Segovia;40086;41.22249;-4.1757
Fuentepiñel;Segovia;40087;41.39892;-4.04295
Fuenterrebollo;Segovia;40088;;
Fuentesaúco de Fuentidueña;Segovia;40089;41.42445;-4.06215
Fuentesoto;Segovia;40091;41.45664;-3.91835
Fuentidueña;Segovia;40092;41.44226;-3.97899
Gallegos;Segovia;40093;41.07508;-3.78591
Garcillán;Segovia;40094;40.97771;-4.26577
Gomezserracín;Segovia;40095;;
Grajera;Segovia;40097;41.37319;-3.61304
Honrubia de la Cuesta;Segovia;40099;41.50998;-3.70453
Hontalbilla;Segovia;40100;41.34551;-4.12149
Hontanares de Eresma;Segovia;40101;40.98273;-4.20439
Huertos, Los;Segovia;40103;;
Ituero y Lama;Segovia;40104;40.80066;-4.37917
Juarros de Riomoros;Segovia;40105;;
Juarros de Voltoya;Segovia;40106;41.03097;-4.51922
Labajos;Segovia;40107;40.84335;-4.52005
Laguna de Contreras;Segovia;40108;41.49513;-4.02874
Languilla;Segovia;40109;41.44926;-3.42438
Lastras de Cuéllar;Segovia;40110;41.29762;-4.1067
Lastras del Pozo;Segovia;40111;40.8792;-4.34658
Lastrilla, La;Segovia;40112;40.96817;-4.10468
Losa, La;Segovia;40113;;
Maderuelo;Segovia;40115;41.48644;-3.52218
Marazuela;Segovia;40118;40.97912;-4.36506
Martín Miguel;Segovia;40119;40.9522;-4.27166
Martín Muñoz de la Dehesa;Segovia;40120;41.06652;-4.68676
Martín Muñoz de las Posadas;Segovia;40121;40.99546;-4.59672
Marugán;Segovia;40122;40.89943;-4.38383
Matabuena;Segovia;40123;41.0959;-3.75827
Mata de Cuéllar;Segovia;40124;41.39655;-4.47167
Matilla, La;Segovia;40125;;
Melque de Cercos;Segovia;40126;;
Membibre de la Hoz;Segovia;40127;41.44958;-4.09571
Migueláñez;Segovia;40128;41.12155;-4.3641
Montejo de Arévalo;Segovia;40129;41.14027;-4.66414
Montejo de la Vega de la Serrezuela;Segovia;40130;41.55032;-3.65406
Monterrubio;Segovia;40131;40.84914;-4.35001
Moral de Hornuez;Segovia;40132;;
Mozoncillo;Segovia;40134;41.14539;-4.18753
Muñopedro;Segovia;40135;40.88804;-4.47213
Muñoveros;Segovia;40136;41.17234;-3.95161
Nava de la Asunción;Segovia;40138;41.15586;-4.48751
Navafría;Segovia;40139;41.05514;-3.82478
Navalilla;Segovia;40140;41.34146;-3.93211
Navalmanzano;Segovia;40141;41.21594;-4.25631
Navares de Ayuso;Segovia;40142;41.37447;-3.70745
Navares de Enmedio;Segovia;40143;41.38096;-3.72283
Navares de las Cuevas;Segovia;40144;41.41431;-3.75076
Navas de Oro;Segovia;40145;41.19627;-4.43754
Navas de San Antonio;Segovia;40146;;
Nieva;Segovia;40148;41.08191;-4.42501
Olombrada;Segovia;40149;41.41492;-4.16071
Orejana;Segovia;40150;;
Ortigosa de Pestaño;Segovia;40151;41.08741;-4.39516
Otero de Herreros;Segovia;40152;40.82016;-4.2099
Pajarejos;Segovia;40154;41.38994;-3.58997
Palazuelos de Eresma;Segovia;40155;40.93055;-4.06071
Pedraza;Segovia;40156;41.13092;-3.81116
Pelayos del Arroyo;Segovia;40157;41.05086;-3.94104
Perosillo;Segovia;40158;41.39294;-4.14115
Pinarejos;Segovia;40159;41.2595;-4.29364
Pinarnegrillo;Segovia;40160;41.19098;-4.20967
Carabias;Segovia;40161;;
Prádena;Segovia;40162;41.13911;-3.68823
Puebla de Pedraza;Segovia;40163;41.20557;-3.91378
Rapariegos;Segovia;40164;41.09498;-4.65271
Rebollo;Segovia;40165;41.19318;-3.85771
Remondo;Segovia;40166;41.341;-4.4839
Riaguas de San Bartolomé;Segovia;40168;41.4264;-3.48893
Riaza;Segovia;40170;41.27826;-3.47787
Ribota;Segovia;40171;41.36477;-3.42964
Riofrío de Riaza;Segovia;40172;;
Roda de Eresma;Segovia;40173;41.02852;-4.1813
Sacramenia;Segovia;40174;41.49419;-3.9621
Samboal;Segovia;40176;41.25758;-4.41727
San Cristóbal de Cuéllar;Segovia;40177;41.40591;-4.40445
San Cristóbal de la Vega;Segovia;40178;41.11214;-4.64448
Sanchonuño;Segovia;40179;41.32325;-4.30531
Sangarcía;Segovia;40180;40.95023;-4.41085
Real Sitio de San Ildefonso;Segovia;40181;;
San Martín y Mudrián;Segovia;40182;;
San Miguel de Bernuy;Segovia;40183;;
San Pedro de Gaíllos;Segovia;40184;41.22662;-3.80921
Santa María la Real de Nieva;Segovia;40185;41.06998;-4.40709
Santa Marta del Cerro;Segovia;40186;41.21843;-3.68582
Santiuste de Pedraza;Segovia;40188;;
Santiuste de San Juan Bautista;Segovia;40189;41.15593;-4.57202
Santo Domingo de Pirón;Segovia;40190;41.04104;-3.98933
Santo Tomé del Puerto;Segovia;40191;;
Sauquillo de Cabezas;Segovia;40192;41.19422;-4.06884
Sebúlcor;Segovia;40193;41.27091;-3.88398
Segovia;Segovia;40194;40.94808;-4.11839
Sepúlveda;Segovia;40195;41.29695;-3.74221
Sequera de Fresno;Segovia;40196;41.3664;-3.54612
Sotillo;Segovia;40198;41.25846;-3.63729
Sotosalbos;Segovia;40199;41.03537;-3.94115
Tabanera la Luenga;Segovia;40200;41.09647;-4.23937
Tolocirio;Segovia;40201;41.13425;-4.65121
Torreadrada;Segovia;40202;41.44474;-3.84
Torrecaballeros;Segovia;40203;40.99211;-4.0247
Torrecilla del Pinar;Segovia;40204;41.3736;-4.03838
Torreiglesias;Segovia;40205;41.10236;-4.0328
Torre Val de San Pedro;Segovia;40206;41.07534;-3.87116
Trescasas;Segovia;40207;40.96442;-4.0359
Turégano;Segovia;40208;41.1561;-4.00696
Urueñas;Segovia;40210;41.35589;-3.77391
Valdeprados;Segovia;40211;40.81766;-4.25734
Valdevacas de Montejo;Segovia;40212;41.52068;-3.63571
Valdevacas y Guijar;Segovia;40213;;
Valseca;Segovia;40214;40.99933;-4.17514
Valtiendas;Segovia;40215;41.47851;-3.91766
Valverde del Majano;Segovia;40216;40.95689;-4.23468
Valle de Tabladillo;Segovia;40218;41.36304;-3.83966
Vallelado;Segovia;40219;41.40436;-4.42662
Valleruela de Pedraza;Segovia;40220;41.17937;-3.80717
Valleruela de Sepúlveda;Segovia;40221;41.18794;-3.77277
Veganzones;Segovia;40222;41.19308;-3.99329
Vegas de Matute;Segovia;40223;40.79476;-4.27762
Ventosilla y Tejadilla;Segovia;40224;;
Villacastín;Segovia;40225;40.7796;-4.41357
Villaverde de Íscar;Segovia;40228;;
Villaverde de Montejo;Segovia;40229;41.52225;-3.65452
Villeguillo;Segovia;40230;41.2529;-4.57951
Yanguas de Eresma;Segovia;40231;41.07201;-4.23905
Zarzuela del Monte;Segovia;40233;40.80888;-4.33613
Zarzuela del Pinar;Segovia;40234;41.26018;-4.18457
Ortigosa del Monte;Segovia;40901;40.84182;-4.17724
Cozuelos de Fuentidueña;Segovia;40902;41.39086;-4.09564
Marazoleja;Segovia;40903;40.96086;-4.33882
Navas de Riofrío;Segovia;40904;;
Cuevas de Provanco;Segovia;40905;41.54209;-3.96203
San Cristóbal de Segovia;Segovia;40906;40.95225;-4.07652
Aguadulce;Sevilla;41001;37.25273;-4.99269
Alanís;Sevilla;41002;38.03333;-5.71667
Albaida del Aljarafe;Sevilla;41003;37.42354;-6.16675
Alcalá de Guadaíra;Sevilla;41004;37.33791;-5.83951
Alcalá del Río;Sevilla;41005;;
Alcolea del Río;Sevilla;41006;37.61506;-5.66694
Algaba, La;Sevilla;41007;37.46325;-6.01113
Algámitas;Sevilla;41008;37.01516;-5.14949
Almadén de la Plata;Sevilla;41009;37.87221;-6.08085
Almensilla;Sevilla;41010;37.31099;-6.10998
Arahal;Sevilla;41011;;
Aznalcázar;Sevilla;41012;37.30422;-6.24963
Aznalcóllar;Sevilla;41013;37.51914;-6.26988
Badolatosa;Sevilla;41014;37.30785;-4.67296
Benacazón;Sevilla;41015;37.35289;-6.19663
Bollullos de la Mitación;Sevilla;41016;37.34014;-6.13719
Bormujos;Sevilla;41017;37.37358;-6.07233
Brenes;Sevilla;41018;37.54944;-5.87139
Burguillos;Sevilla;41019;37.5844;-5.96654
Cabezas de San Juan, Las;Sevilla;41020;36.9838;-5.93933
Camas;Sevilla;41021;37.40202;-6.03314
Campana, La;Sevilla;41022;37.56891;-5.4267
Cantillana;Sevilla;41023;37.61032;-5.82472
Carmona;Sevilla;41024;37.47125;-5.64608
Carrión de los Céspedes;Sevilla;41025;37.37007;-6.32923
Casariche;Sevilla;41026;37.29389;-4.75972
Castilblanco de los Arroyos;Sevilla;41027;37.67576;-5.98886
Castilleja de Guzmán;Sevilla;41028;37.40955;-6.05515
Castilleja de la Cuesta;Sevilla;41029;37.38594;-6.05258
Castilleja del Campo;Sevilla;41030;37.38627;-6.33443
Castillo de las Guardas, El;Sevilla;41031;37.69314;-6.31503
Cazalla de la Sierra;Sevilla;41032;37.93333;-5.75
Constantina;Sevilla;41033;37.86667;-5.61667
Coria del Río;Sevilla;41034;37.28766;-6.0541
Coripe;Sevilla;41035;36.97335;-5.44022
Coronil, El;Sevilla;41036;37.07955;-5.6341
Corrales, Los;Sevilla;41037;37.09918;-4.98429
Dos Hermanas;Sevilla;41038;37.28287;-5.92088
Écija;Sevilla;41039;37.5422;-5.0826
Espartinas;Sevilla;41040;37.38154;-6.12578
Estepa;Sevilla;41041;37.29263;-4.87896
Fuentes de Andalucía;Sevilla;41042;37.46409;-5.34615
Garrobo, El;Sevilla;41043;;
Gelves;Sevilla;41044;37.33481;-6.02601
Gerena;Sevilla;41045;37.52957;-6.15479
Gilena;Sevilla;41046;37.2515;-4.91442
Gines;Sevilla;41047;37.38647;-6.07729
Guadalcanal;Sevilla;41048;38.1;-5.81667
Guillena;Sevilla;41049;37.54262;-6.05626
Herrera;Sevilla;41050;37.36396;-4.84979
Huévar del Aljarafe;Sevilla;41051;;
Lantejuela;Sevilla;41052;;
Lebrija;Sevilla;41053;36.92077;-6.07529
Lora de Estepa;Sevilla;41054;37.26926;-4.82759
Lora del Río;Sevilla;41055;37.65896;-5.52751
Luisiana, La;Sevilla;41056;37.52602;-5.24883
Madroño, El;Sevilla;41057;;
Mairena del Alcor;Sevilla;41058;37.37301;-5.74951
Mairena del Aljarafe;Sevilla;41059;37.34461;-6.06391
Marchena;Sevilla;41060;37.329;-5.41681
Marinaleda;Sevilla;41061;37.3712;-4.95949
Martín de la Jara;Sevilla;41062;37.10867;-4.96347
Molares, Los;Sevilla;41063;37.15704;-5.71802
Montellano;Sevilla;41064;36.99531;-5.57145
Morón de la Frontera;Sevilla;41065;37.12084;-5.45403
Navas de la Concepción, Las;Sevilla;41066;;
Olivares;Sevilla;41067;37.41802;-6.15603
Osuna;Sevilla;41068;37.23765;-5.10747
Palacios y Villafranca, Los;Sevilla;41069;37.16181;-5.92433
Palomares del Río;Sevilla;41070;37.32225;-6.05863
Paradas;Sevilla;41071;37.29047;-5.49703
Pedrera;Sevilla;41072;37.22604;-4.8942
Pedroso, El;Sevilla;41073;;
Peñaflor;Sevilla;41074;37.70892;-5.34504
Pilas;Sevilla;41075;37.30337;-6.30097
Pruna;Sevilla;41076;36.97226;-5.2223
Puebla de Cazalla, La;Sevilla;41077;37.22155;-5.31153
Puebla de los Infantes, La;Sevilla;41078;37.7809;-5.38837
Puebla del Río, La;Sevilla;41079;37.26787;-6.06264
Real de la Jara, El;Sevilla;41080;;
Rinconada, La;Sevilla;41081;37.48613;-5.98091
Roda de Andalucía, La;Sevilla;41082;37.20381;-4.77802
Ronquillo, El;Sevilla;41083;37.72628;-6.1762
Rubio, El;Sevilla;41084;37.35617;-4.98896
Salteras;Sevilla;41085;37.4206;-6.11049
San Juan de Aznalfarache;Sevilla;41086;37.35813;-6.03731
Sanlúcar la Mayor;Sevilla;41087;37.38758;-6.20346
San Nicolás del Puerto;Sevilla;41088;38;-5.65
Santiponce;Sevilla;41089;37.43553;-6.04106
Saucejo, El;Sevilla;41090;37.07237;-5.09818
Sevilla;Sevilla;41091;37.38283;-5.97317
Tocina;Sevilla;41092;37.60904;-5.73403
Tomares;Sevilla;41093;37.37281;-6.04589
Umbrete;Sevilla;41094;37.36881;-6.15847
Utrera;Sevilla;41095;37.18516;-5.78093
Valencina de la Concepción;Sevilla;41096;37.41618;-6.07422
Villamanrique de la Condesa;Sevilla;41097;37.24481;-6.30665
Villanueva del Ariscal;Sevilla;41098;37.39623;-6.14077
Villanueva del Río y Minas;Sevilla;41099;37.65502;-5.71369
Villanueva de San Juan;Sevilla;41100;37.04955;-5.1754
Villaverde del Río;Sevilla;41101;37.58919;-5.87443
Viso del Alcor, El;Sevilla;41102;37.39106;-5.71993
Cañada Rosal;Sevilla;41901;37.59924;-5.21016
Isla Mayor;Sevilla;41902;;
Cuervo de Sevilla, El;Sevilla;41903;;
Palmar de Troya, El;Sevilla;41904;;
Abejar;Soria;42001;41.80755;-2.78407
Adradas;Soria;42003;41.35098;-2.47373
Ágreda;Soria;42004;41.85588;-1.92244
Alconaba;Soria;42006;41.7236;-2.38483
Alcubilla de Avellaneda;Soria;42007;41.72593;-3.30471
Alcubilla de las Peñas;Soria;42008;41.25129;-2.52684
Aldealafuente;Soria;42009;41.67194;-2.32522
Aldealices;Soria;42010;;
Aldealpozo;Soria;42011;41.78258;-2.20416
Aldealseñor;Soria;42012;41.8789;-2.31565
Aldehuela de Periáñez;Soria;42013;;
Aldehuelas, Las;Soria;42014;;
Alentisque;Soria;42015;41.42059;-2.33189
Aliud;Soria;42016;41.65412;-2.25314
Almajano;Soria;42017;41.85095;-2.3383
Almaluez;Soria;42018;41.28932;-2.26871
Almarza;Soria;42019;41.94678;-2.469
Almazán;Soria;42020;41.48648;-2.53088
Almazul;Soria;42021;41.574;-2.1462
Almenar de Soria;Soria;42022;41.6823;-2.20082
Alpanseque;Soria;42023;41.26505;-2.67064
Arancón;Soria;42024;41.80017;-2.28141
Arcos de Jalón;Soria;42025;41.21592;-2.2747
Arenillas;Soria;42026;41.34706;-2.84618
Arévalo de la Sierra;Soria;42027;41.94723;-2.40033
Ausejo de la Sierra;Soria;42028;41.89462;-2.37394
Baraona;Soria;42029;;
Barca;Soria;42030;41.4549;-2.62217
Barcones;Soria;42031;41.29146;-2.8163
Bayubas de Abajo;Soria;42032;41.52747;-2.89586
Bayubas de Arriba;Soria;42033;41.5575;-2.88731
Beratón;Soria;42034;41.71749;-1.81092
Berlanga de Duero;Soria;42035;41.4656;-2.86147
Blacos;Soria;42036;41.6809;-2.85826
Bliecos;Soria;42037;41.5279;-2.27135
Borjabad;Soria;42038;41.55245;-2.36625
Borobia;Soria;42039;41.66481;-1.89615
Buberos;Soria;42041;41.64692;-2.19406
Buitrago;Soria;42042;41.84735;-2.40858
Burgo de Osma-Ciudad de Osma;Soria;42043;;
Cabrejas del Campo;Soria;42044;41.68096;-2.26964
Cabrejas del Pinar;Soria;42045;41.79596;-2.84945
Calatañazor;Soria;42046;41.69879;-2.81837
Caltojar;Soria;42048;41.40226;-2.76436
Candilichera;Soria;42049;41.70434;-2.30123
Cañamaque;Soria;42050;41.44453;-2.23792
Carabantes;Soria;42051;41.55211;-1.9981
Caracena;Soria;42052;41.38321;-3.09146
Carrascosa de Abajo;Soria;42053;41.42338;-3.08955
Carrascosa de la Sierra;Soria;42054;41.89535;-2.28003
Casarejos;Soria;42055;41.79651;-3.03251
Castilfrío de la Sierra;Soria;42056;41.91929;-2.30497
Castilruiz;Soria;42057;41.87678;-2.0593
Castillejo de Robledo;Soria;42058;41.55867;-3.49689
Centenera de Andaluz;Soria;42059;41.50679;-2.71813
Cerbón;Soria;42060;41.92934;-2.16895
Cidones;Soria;42061;41.81444;-2.63991
Cigudosa;Soria;42062;41.93333;-2.05
Cihuela;Soria;42063;41.40721;-1.99989
Ciria;Soria;42064;41.61831;-1.96578
Cirujales del Río;Soria;42065;41.86691;-2.32549
Coscurita;Soria;42068;41.43483;-2.47571
Covaleda;Soria;42069;41.93493;-2.88325
Cubilla;Soria;42070;41.74905;-2.93717
Cubo de la Solana;Soria;42071;41.60224;-2.42179
Cueva de Ágreda;Soria;42073;41.7631;-1.88818
Dévanos;Soria;42075;;
Deza;Soria;42076;41.46373;-2.02046
Duruelo de la Sierra;Soria;42078;41.95448;-2.93086
Escobosa de Almazán;Soria;42079;41.48626;-2.3714
Espeja de San Marcelino;Soria;42080;41.80227;-3.2223
Espejón;Soria;42081;41.83023;-3.25936
Estepa de San Juan;Soria;42082;41.92661;-2.33322
Frechilla de Almazán;Soria;42083;41.42656;-2.51444
Fresno de Caracena;Soria;42084;41.45247;-3.09123
Fuentearmegil;Soria;42085;41.71496;-3.18362
Fuentecambrón;Soria;42086;41.50579;-3.32872
Fuentecantos;Soria;42087;41.84929;-2.42846
Fuentelmonge;Soria;42088;;
Fuentelsaz de Soria;Soria;42089;41.86586;-2.41525
Fuentepinilla;Soria;42090;41.56683;-2.76288
Fuentes de Magaña;Soria;42092;41.93521;-2.1795
Fuentestrún;Soria;42093;41.87466;-2.08283
Garray;Soria;42094;41.81617;-2.44592
Golmayo;Soria;42095;41.7662;-2.52267
Gómara;Soria;42096;41.62347;-2.22493
Gormaz;Soria;42097;41.49232;-3.005
Herrera de Soria;Soria;42098;41.76269;-3.01243
Hinojosa del Campo;Soria;42100;41.73844;-2.09946
Langa de Duero;Soria;42103;41.60985;-3.40061
Liceras;Soria;42105;41.37939;-3.24371
Losilla, La;Soria;42106;;
Magaña;Soria;42107;41.90089;-2.16269
Maján;Soria;42108;41.46888;-2.30268
Matalebreras;Soria;42110;41.84116;-2.04644
Matamala de Almazán;Soria;42111;41.50563;-2.64122
Medinaceli;Soria;42113;41.17224;-2.43476
Miño de Medinaceli;Soria;42115;;
Miño de San Esteban;Soria;42116;41.53584;-3.34579
Molinos de Duero;Soria;42117;41.88603;-2.78682
Momblona;Soria;42118;41.4442;-2.3466
Monteagudo de las Vicarías;Soria;42119;41.36485;-2.1696
Montejo de Tiermes;Soria;42120;41.36838;-3.20016
Montenegro de Cameros;Soria;42121;42.08924;-2.75406
Morón de Almazán;Soria;42123;41.41361;-2.41317
Muriel de la Fuente;Soria;42124;41.7232;-2.86
Muriel Viejo;Soria;42125;41.78261;-2.91522
Nafría de Ucero;Soria;42127;41.72273;-3.09499
Narros;Soria;42128;41.84923;-2.29474
Navaleno;Soria;42129;41.8383;-3.00418
Nepas;Soria;42130;41.52639;-2.39866
Nolay;Soria;42131;41.52721;-2.35061
Noviercas;Soria;42132;41.71194;-2.03433
Ólvega;Soria;42134;41.77901;-1.98391
Oncala;Soria;42135;41.97021;-2.31493
Pinilla del Campo;Soria;42139;41.71691;-2.0835
Portillo de Soria;Soria;42140;41.63504;-2.12142
Póveda de Soria, La;Soria;42141;;
Pozalmuro;Soria;42142;41.77449;-2.10215
Quintana Redonda;Soria;42144;41.63905;-2.61449
Quintanas de Gormaz;Soria;42145;41.50926;-2.97631
Quiñonería;Soria;42148;;
Rábanos, Los;Soria;42149;;
Rebollar;Soria;42151;;
Recuerda;Soria;42152;41.47408;-2.9946
Rello;Soria;42153;41.33297;-2.74925
Renieblas;Soria;42154;41.82009;-2.37236
Retortillo de Soria;Soria;42155;41.31092;-2.98228
Reznos;Soria;42156;41.5909;-2.02779
Riba de Escalote, La;Soria;42157;;
Rioseco de Soria;Soria;42158;;
Rollamienta;Soria;42159;41.92592;-2.53125
Royo, El;Soria;42160;;
Salduero;Soria;42161;41.88946;-2.7967
San Esteban de Gormaz;Soria;42162;41.57436;-3.20418
San Felices;Soria;42163;41.93708;-2.02638
San Leonardo de Yagüe;Soria;42164;41.83034;-3.0688
San Pedro Manrique;Soria;42165;42.0286;-2.23104
Santa Cruz de Yanguas;Soria;42166;42.0625;-2.44894
Santa María de Huerta;Soria;42167;41.26667;-2.16667
Santa María de las Hoyas;Soria;42168;41.77145;-3.14172
Serón de Nágima;Soria;42171;;
Soliedra;Soria;42172;41.46932;-2.38164
Soria;Soria;42173;41.76401;-2.46883
Sotillo del Rincón;Soria;42174;41.9322;-2.60297
Suellacabras;Soria;42175;41.85298;-2.22398
Tajahuerce;Soria;42176;41.73991;-2.15069
Tajueco;Soria;42177;41.53641;-2.84845
Talveila;Soria;42178;;
Tardelcuende;Soria;42181;41.59402;-2.64439
Taroda;Soria;42182;41.34798;-2.43318
Tejado;Soria;42183;41.58887;-2.26721
Torlengua;Soria;42184;41.45483;-2.16183
Torreblacos;Soria;42185;41.66927;-2.87881
Torrubia de Soria;Soria;42187;41.63045;-2.09151
Trévago;Soria;42188;;
Ucero;Soria;42189;41.71685;-3.05154
Vadillo;Soria;42190;41.79111;-3.00845
Valdeavellano de Tera;Soria;42191;41.94229;-2.57634
Valdegeña;Soria;42192;;
Valdelagua del Cerro;Soria;42193;41.88825;-2.11538
Valdemaluque;Soria;42194;41.67377;-3.04643
Valdenebro;Soria;42195;41.57167;-2.96424
Valdeprado;Soria;42196;41.93768;-2.10915
Valderrodilla;Soria;42197;41.56346;-2.80777
Valtajeros;Soria;42198;41.93808;-2.22289
Velamazán;Soria;42200;41.44895;-2.69935
Velilla de la Sierra;Soria;42201;;
Velilla de los Ajos;Soria;42202;41.49058;-2.25579
Viana de Duero;Soria;42204;41.53406;-2.46099
Villaciervos;Soria;42205;41.76227;-2.62678
Villanueva de Gormaz;Soria;42206;41.4674;-3.06223
Villar del Ala;Soria;42207;41.91638;-2.56651
Villar del Campo;Soria;42208;41.78881;-2.14955
Villar del Río;Soria;42209;42.07574;-2.35082
Villares de Soria, Los;Soria;42211;;
Villasayas;Soria;42212;41.35291;-2.61011
Villaseca de Arciel;Soria;42213;41.6243;-2.16176
Vinuesa;Soria;42215;41.91032;-2.76483
Vizmanos;Soria;42216;42.02342;-2.40869
Vozmediano;Soria;42217;41.83752;-1.8558
Yanguas;Soria;42218;42.10171;-2.33986
Yelo;Soria;42219;41.21667;-2.51667
Aiguamúrcia;Tarragona;43001;;
Albinyana;Tarragona;43002;41.25;1.48333
Albiol, L';Tarragona;43003;;
Alcanar;Tarragona;43004;40.54316;0.48082
Alcover;Tarragona;43005;41.26267;1.1701
Aldover;Tarragona;43006;;
Aleixar, L';Tarragona;43007;;
Alfara de Carles;Tarragona;43008;;
Alforja;Tarragona;43009;41.21108;0.97542
Alió;Tarragona;43010;41.29422;1.30585
Almoster;Tarragona;43011;41.19758;1.11167
Altafulla;Tarragona;43012;41.14286;1.37269
Ametlla de Mar, L';Tarragona;43013;40.9;0.8
Amposta;Tarragona;43014;40.71308;0.58103
Arbolí;Tarragona;43015;;
Arboç, L';Tarragona;43016;;
Argentera, L';Tarragona;43017;;
Arnes;Tarragona;43018;;
Ascó;Tarragona;43019;41.18333;0.56667
Banyeres del Penedès;Tarragona;43020;;
Barberà de la Conca;Tarragona;43021;;
Batea;Tarragona;43022;41.09434;0.311
Bellmunt del Priorat;Tarragona;43023;;
Bellvei;Tarragona;43024;;
Benifallet;Tarragona;43025;40.97422;0.51767
Benissanet;Tarragona;43026;;
Bisbal de Montsant, La;Tarragona;43027;;
Bisbal del Penedès, La;Tarragona;43028;41.28333;1.48333
Blancafort;Tarragona;43029;41.4374;1.15983
Bonastre;Tarragona;43030;41.22031;1.43936
Borges del Camp, Les;Tarragona;43031;41.16667;1.01667
Bot;Tarragona;43032;41.00916;0.38392
Botarell;Tarragona;43033;41.13627;0.98919
Bràfim;Tarragona;43034;;
Cabacés;Tarragona;43035;;
Cabra del Camp;Tarragona;43036;41.4;1.28333
Calafell;Tarragona;43037;41.19997;1.5683
Cambrils;Tarragona;43038;41.07479;1.05244
Capafonts;Tarragona;43039;41.3;1.03333
Capçanes;Tarragona;43040;;
Caseres;Tarragona;43041;41.03333;0.25
Castellvell del Camp;Tarragona;43042;;
Catllar, El;Tarragona;43043;41.16667;1.31667
Sénia, La;Tarragona;43044;;
Colldejou;Tarragona;43045;41.0997;0.88717
Conesa;Tarragona;43046;41.51667;1.3
Constantí;Tarragona;43047;41.15392;1.21262
Corbera d'Ebre;Tarragona;43048;;
Cornudella de Montsant;Tarragona;43049;;
Creixell;Tarragona;43050;41.16618;1.44032
Cunit;Tarragona;43051;41.19829;1.63645
Xerta;Tarragona;43052;;
Duesaigües;Tarragona;43053;;
Espluga de Francolí, L';Tarragona;43054;;
Falset;Tarragona;43055;41.14576;0.81979
Fatarella, La;Tarragona;43056;41.16667;0.48333
Febró, La;Tarragona;43057;;
Figuera, La;Tarragona;43058;;
Figuerola del Camp;Tarragona;43059;;
Flix;Tarragona;43060;41.23074;0.55008
Forès;Tarragona;43061;41.48333;1.23333
Freginals;Tarragona;43062;;
Galera, La;Tarragona;43063;;
Gandesa;Tarragona;43064;41.05375;0.4385
Garcia;Tarragona;43065;41.13333;0.65
Garidells, Els;Tarragona;43066;;
Ginestar;Tarragona;43067;41.04184;0.6329
Godall;Tarragona;43068;;
Gratallops;Tarragona;43069;;
Guiamets, Els;Tarragona;43070;;
Horta de Sant Joan;Tarragona;43071;40.95;0.31667
Lloar, El;Tarragona;43072;;
Llorac;Tarragona;43073;;
Llorenç del Penedès;Tarragona;43074;;
Margalef;Tarragona;43075;41.28496;0.75331
Marçà;Tarragona;43076;;
Mas de Barberans;Tarragona;43077;40.73333;0.36667
Masdenverge;Tarragona;43078;40.716;0.53009
Masllorenç;Tarragona;43079;;
Masó, La;Tarragona;43080;;
Maspujols;Tarragona;43081;;
Masroig, El;Tarragona;43082;41.13333;0.73333
Milà, El;Tarragona;43083;;
Miravet;Tarragona;43084;41.0393;0.59665
Molar, El;Tarragona;43085;;
Montblanc;Tarragona;43086;41.37636;1.16163
Montbrió del Camp;Tarragona;43088;;
Montferri;Tarragona;43089;41.26545;1.36517
Montmell, El;Tarragona;43090;;
Mont-ral;Tarragona;43091;41.28333;1.1
Mont-roig del Camp;Tarragona;43092;;
Móra d'Ebre;Tarragona;43093;;
Móra la Nova;Tarragona;43094;;
Morell, El;Tarragona;43095;;
Morera de Montsant, La;Tarragona;43096;41.26529;0.84157
Nou de Gaià, La;Tarragona;43097;;
Nulles;Tarragona;43098;;
Palma d'Ebre, La;Tarragona;43099;;
Pallaresos, Els;Tarragona;43100;41.16667;1.26667
Passanant i Belltall;Tarragona;43101;;
Paüls;Tarragona;43102;;
Perafort;Tarragona;43103;;
Perelló, El;Tarragona;43104;40.87431;0.71125
Piles, Les;Tarragona;43105;;
Pinell de Brai, El;Tarragona;43106;;
Pira;Tarragona;43107;;
Pla de Santa Maria, El;Tarragona;43108;41.36336;1.29152
Pobla de Mafumet, La;Tarragona;43109;41.18333;1.21667
Pobla de Massaluca, La;Tarragona;43110;41.18333;0.35
Pobla de Montornès, La;Tarragona;43111;;
Poboleda;Tarragona;43112;;
Pont d'Armentera, El;Tarragona;43113;;
Porrera;Tarragona;43114;;
Pradell de la Teixeta;Tarragona;43115;;
Prades;Tarragona;43116;41.30983;0.98866
Prat de Comte;Tarragona;43117;;
Pratdip;Tarragona;43118;;
Puigpelat;Tarragona;43119;41.27899;1.29713
Querol;Tarragona;43120;41.42293;1.39684
Rasquera;Tarragona;43121;41.00267;0.59967
Renau;Tarragona;43122;41.22448;1.31083
Reus;Tarragona;43123;41.15612;1.10687
Riba, La;Tarragona;43124;;
Riba-roja d'Ebre;Tarragona;43125;;
Riera de Gaià, La;Tarragona;43126;;
Riudecanyes;Tarragona;43127;41.13333;0.96667
Riudecols;Tarragona;43128;41.169;0.97625
Riudoms;Tarragona;43129;41.13333;1.05
Rocafort de Queralt;Tarragona;43130;;
Roda de Berà;Tarragona;43131;;
Rodonyà;Tarragona;43132;;
Roquetes;Tarragona;43133;;
Rourell, El;Tarragona;43134;;
Salomó;Tarragona;43135;41.22955;1.37445
Ràpita, La;Tarragona;43136;;
Sant Jaume dels Domenys;Tarragona;43137;41.3;1.56667
Santa Bàrbara;Tarragona;43138;40.71542;0.49292
Santa Coloma de Queralt;Tarragona;43139;41.53333;1.38333
Santa Oliva;Tarragona;43140;41.25357;1.55086
Pontils;Tarragona;43141;;
Sarral;Tarragona;43142;;
Savallà del Comtat;Tarragona;43143;;
Secuita, La;Tarragona;43144;41.2046;1.27996
Selva del Camp, La;Tarragona;43145;;
Senan;Tarragona;43146;41.46994;1.08541
Solivella;Tarragona;43147;;
Tarragona;Tarragona;43148;41.11667;1.25
Tivenys;Tarragona;43149;40.90787;0.51236
Tivissa;Tarragona;43150;41.03333;0.73333
Torre de Fontaubella, La;Tarragona;43151;;
Torre de l'Espanyol, La;Tarragona;43152;;
Torredembarra;Tarragona;43153;41.14505;1.39861
Torroja del Priorat;Tarragona;43154;;
Tortosa;Tarragona;43155;40.81249;0.5216
Ulldecona;Tarragona;43156;40.59734;0.44718
Ulldemolins;Tarragona;43157;41.32216;0.8765
Vallclara;Tarragona;43158;41.37958;0.98342
Vallfogona de Riucorb;Tarragona;43159;41.5628;1.23691
Vallmoll;Tarragona;43160;41.24311;1.249
Valls;Tarragona;43161;41.28612;1.24993
Vandellòs i l'Hospitalet de l'Infant;Tarragona;43162;;
Vendrell, El;Tarragona;43163;41.21667;1.53333
Vespella de Gaià;Tarragona;43164;;
Vilabella;Tarragona;43165;41.24779;1.33019
Vilallonga del Camp;Tarragona;43166;;
Vilanova d'Escornalbou;Tarragona;43167;41.11667;0.93333
Vilanova de Prades;Tarragona;43168;41.3485;0.95667
Vilaplana;Tarragona;43169;41.228;1.03325
Vila-rodona;Tarragona;43170;;
Vila-seca;Tarragona;43171;41.11667;1.15
Vilaverd;Tarragona;43172;;
Vilella Alta, La;Tarragona;43173;;
Vilella Baixa, La;Tarragona;43174;;
Vilalba dels Arcs;Tarragona;43175;41.11667;0.41667
Vimbodí i Poblet;Tarragona;43176;;
Vinebre;Tarragona;43177;41.18464;0.58945
Vinyols i els Arcs;Tarragona;43178;;
Deltebre;Tarragona;43901;40.71944;0.70835
Sant Jaume d'Enveja;Tarragona;43902;;
Camarles;Tarragona;43903;40.78169;0.65509
Aldea, L';Tarragona;43904;;
Salou;Tarragona;43905;41.07663;1.14163
Ampolla, L';Tarragona;43906;40.81235;0.71008
Canonja, La;Tarragona;43907;;
Ababuj;Teruel;44001;40.54908;-0.80758
Abejuela;Teruel;44002;;
Aguatón;Teruel;44003;40.67158;-1.23475
Aguaviva;Teruel;44004;40.82211;-0.19532
Aguilar del Alfambra;Teruel;44005;40.59027;-0.79589
Alacón;Teruel;44006;41.02575;-0.69782
Alba;Teruel;44007;40.61825;-1.34658
Albalate del Arzobispo;Teruel;44008;41.12173;-0.51142
Albarracín;Teruel;44009;40.40818;-1.44375
Albentosa;Teruel;44010;;
Alcaine;Teruel;44011;40.95341;-0.70583
Alcalá de la Selva;Teruel;44012;40.37183;-0.72015
Alcañiz;Teruel;44013;41.05;-0.13333
Alcorisa;Teruel;44014;40.8921;-0.38143
Alfambra;Teruel;44016;40.54638;-1.03314
Aliaga;Teruel;44017;40.67411;-0.70333
Almohaja;Teruel;44018;40.60489;-1.438
Alobras;Teruel;44019;40.18169;-1.38731
Alpeñés;Teruel;44020;40.79958;-1.06625
Allepuz;Teruel;44021;40.49295;-0.72478
Alloza;Teruel;44022;40.96942;-0.52941
Allueva;Teruel;44023;40.98533;-1.04258
Anadón;Teruel;44024;40.98225;-0.98367
Andorra;Teruel;44025;40.97655;-0.44721
Arcos de las Salinas;Teruel;44026;39.98333;-1.03333
Arens de Lledó;Teruel;44027;;
Argente;Teruel;44028;40.68841;-1.16217
Ariño;Teruel;44029;41.03019;-0.59206
Azaila;Teruel;44031;;
Bádenas;Teruel;44032;41.09216;-1.12241
Báguena;Teruel;44033;41.04181;-1.35767
Bañón;Teruel;44034;40.83825;-1.19091
Barrachina;Teruel;44035;40.89688;-1.13858
Bea;Teruel;44036;41.03633;-1.14725
Beceite;Teruel;44037;;
Belmonte de San José;Teruel;44038;;
Bello;Teruel;44039;40.92266;-1.4985
Berge;Teruel;44040;40.85791;-0.42709
Bezas;Teruel;44041;40.33076;-1.32511
Blancas;Teruel;44042;40.81392;-1.48208
Blesa;Teruel;44043;41.0515;-0.885
Bordón;Teruel;44044;40.6865;-0.32216
Bronchales;Teruel;44045;40.51171;-1.58821
Bueña;Teruel;44046;40.70881;-1.26742
Burbáguena;Teruel;44047;41.01783;-1.33825
Cabra de Mora;Teruel;44048;40.31696;-0.80678
Calaceite;Teruel;44049;41.01625;0.18876
Calamocha;Teruel;44050;40.91933;-1.2975
Calanda;Teruel;44051;40.94153;-0.23243
Calomarde;Teruel;44052;40.37264;-1.57435
Camañas;Teruel;44053;40.64308;-1.13752
Camarena de la Sierra;Teruel;44054;40.15;-1.03333
Camarillas;Teruel;44055;40.61242;-0.75416
Caminreal;Teruel;44056;40.83883;-1.32416
Cantavieja;Teruel;44059;40.52642;-0.40558
Cañada de Benatanduz;Teruel;44060;40.57934;-0.53682
Cañada de Verich, La;Teruel;44061;;
Cañada Vellida;Teruel;44062;40.70811;-0.91489
Cañizar del Olivar;Teruel;44063;40.81622;-0.64567
Cascante del Río;Teruel;44064;40.19652;-1.11414
Castejón de Tornos;Teruel;44065;40.99726;-1.42805
Castel de Cabra;Teruel;44066;40.80255;-0.696
Castelnou;Teruel;44067;41.22892;-0.36434
Castelserás;Teruel;44068;40.98133;-0.14666
Castellar, El;Teruel;44070;40.36531;-0.81734
Castellote;Teruel;44071;40.8;-0.31975
Cedrillas;Teruel;44074;40.43708;-0.8515
Celadas;Teruel;44075;;
Cella;Teruel;44076;40.45325;-1.2875
Cerollera, La;Teruel;44077;;
Codoñera, La;Teruel;44080;;
Corbalán;Teruel;44082;40.40308;-0.98525
Cortes de Aragón;Teruel;44084;40.97366;-0.83575
Cosa;Teruel;44085;40.83392;-1.1365
Cretas;Teruel;44086;;
Crivillén;Teruel;44087;40.88325;-0.57666
Cuba, La;Teruel;44088;;
Cubla;Teruel;44089;40.20978;-1.07917
Cucalón;Teruel;44090;41.08608;-1.21475
Cuervo, El;Teruel;44092;;
Cuevas de Almudén;Teruel;44093;40.71342;-0.82958
Cuevas Labradas;Teruel;44094;40.4535;-1.05008
Ejulve;Teruel;44096;40.77633;-0.55344
Escorihuela;Teruel;44097;40.544;-0.97078
Escucha;Teruel;44099;40.79467;-0.81012
Estercuel;Teruel;44100;40.855;-0.63208
Ferreruela de Huerva;Teruel;44101;41.06325;-1.2335
Fonfría;Teruel;44102;40.99566;-1.08475
Formiche Alto;Teruel;44103;40.32367;-0.89241
Fórnoles;Teruel;44105;40.89359;-0.00383
Fortanete;Teruel;44106;40.50533;-0.52283
Foz-Calanda;Teruel;44107;40.92208;-0.26483
Fresneda, La;Teruel;44108;;
Frías de Albarracín;Teruel;44109;40.33754;-1.6147
Fuenferrada;Teruel;44110;40.86923;-1.01179
Fuentes Calientes;Teruel;44111;40.7;-0.96667
Fuentes Claras;Teruel;44112;40.86375;-1.32266
Fuentes de Rubielos;Teruel;44113;40.16667;-0.61667
Fuentespalda;Teruel;44114;40.80666;0.06517
Galve;Teruel;44115;40.65591;-0.88217
Gargallo;Teruel;44116;40.83583;-0.58442
Gea de Albarracín;Teruel;44117;40.41114;-1.34823
Ginebrosa, La;Teruel;44118;40.86991;-0.13525
Griegos;Teruel;44119;40.42722;-1.71201
Guadalaviar;Teruel;44120;40.38824;-1.71803
Gúdar;Teruel;44121;40.44107;-0.72048
Híjar;Teruel;44122;41.17429;-0.45112
Hinojosa de Jarque;Teruel;44123;40.69049;-0.78541
Hoz de la Vieja, La;Teruel;44124;;
Huesa del Común;Teruel;44125;41.01053;-0.91882
Iglesuela del Cid, La;Teruel;44126;40.48312;-0.31938
Jabaloyas;Teruel;44127;40.2401;-1.40886
Jarque de la Val;Teruel;44128;40.70283;-0.80083
Jatiel;Teruel;44129;41.22008;-0.38183
Jorcas;Teruel;44130;40.54275;-0.75308
Josa;Teruel;44131;40.9555;-0.76683
Lagueruela;Teruel;44132;41.0425;-1.19283
Lanzuela;Teruel;44133;41.0985;-1.20616
Libros;Teruel;44135;40.16311;-1.23361
Lidón;Teruel;44136;40.71725;-1.1125
Linares de Mora;Teruel;44137;40.32159;-0.57468
Loscos;Teruel;44138;41.08108;-1.04433
Lledó;Teruel;44141;40.95498;0.27749
Maicas;Teruel;44142;40.96708;-0.89041
Manzanera;Teruel;44143;40.05;-0.83333
Martín del Río;Teruel;44144;40.84459;-0.89549
Mas de las Matas;Teruel;44145;40.83408;-0.24292
Mata de los Olmos, La;Teruel;44146;;
Mazaleón;Teruel;44147;41.05056;0.1029
Mezquita de Jarque;Teruel;44148;40.721;-0.867
Mirambel;Teruel;44149;40.58733;-0.34266
Miravete de la Sierra;Teruel;44150;;
Molinos;Teruel;44151;40.821;-0.45017
Monforte de Moyuela;Teruel;44152;41.05512;-1.01411
Monreal del Campo;Teruel;44153;40.788;-1.35541
Monroyo;Teruel;44154;40.78775;-0.0355
Montalbán;Teruel;44155;40.83278;-0.80178
Monteagudo del Castillo;Teruel;44156;40.45656;-0.81781
Monterde de Albarracín;Teruel;44157;40.49708;-1.49216
Mora de Rubielos;Teruel;44158;40.2502;-0.75249
Moscardón;Teruel;44159;40.33295;-1.53683
Mosqueruela;Teruel;44160;40.36133;-0.4489
Muniesa;Teruel;44161;41.03308;-0.81141
Noguera de Albarracín;Teruel;44163;;
Nogueras;Teruel;44164;41.13475;-1.06708
Nogueruelas;Teruel;44165;40.23622;-0.63606
Obón;Teruel;44167;40.9045;-0.723
Odón;Teruel;44168;40.88417;-1.56792
Ojos Negros;Teruel;44169;40.7375;-1.49875
Olba;Teruel;44171;40.13333;-0.61667
Oliete;Teruel;44172;40.99791;-0.67429
Olmos, Los;Teruel;44173;;
Orihuela del Tremedal;Teruel;44174;40.55;-1.65
Orrios;Teruel;44175;40.58945;-0.98614
Palomar de Arroyos;Teruel;44176;40.77911;-0.75055
Pancrudo;Teruel;44177;40.76223;-1.02967
Parras de Castellote, Las;Teruel;44178;;
Peñarroya de Tastavins;Teruel;44179;;
Peracense;Teruel;44180;40.64099;-1.47075
Peralejos;Teruel;44181;40.48433;-1.03408
Perales del Alfambra;Teruel;44182;40.63383;-1.00181
Pitarque;Teruel;44183;40.6485;-0.59324
Plou;Teruel;44184;40.99274;-0.85441
Pobo, El;Teruel;44185;;
Portellada, La;Teruel;44187;;
Pozondón;Teruel;44189;40.56112;-1.47033
Pozuel del Campo;Teruel;44190;40.77125;-1.50575
Puebla de Híjar, La;Teruel;44191;;
Puebla de Valverde, La;Teruel;44192;;
Puertomingalvo;Teruel;44193;40.2643;-0.45756
Ráfales;Teruel;44194;40.8377;0.01923
Rillo;Teruel;44195;40.72233;-0.99623
Riodeva;Teruel;44196;40.11667;-1.15
Ródenas;Teruel;44197;40.64076;-1.51617
Royuela;Teruel;44198;40.37846;-1.51337
Rubiales;Teruel;44199;40.27623;-1.27167
Rubielos de la Cérida;Teruel;44200;40.77058;-1.21291
Rubielos de Mora;Teruel;44201;40.18894;-0.65307
Salcedillo;Teruel;44203;40.962;-1.00433
Saldón;Teruel;44204;40.32513;-1.42782
Samper de Calanda;Teruel;44205;41.18933;-0.38883
San Agustín;Teruel;44206;40.05;-0.68333
San Martín del Río;Teruel;44207;41.06633;-1.38733
Santa Cruz de Nogueras;Teruel;44208;41.11475;-1.08933
Santa Eulalia;Teruel;44209;40.56742;-1.31354
Sarrión;Teruel;44210;40.13333;-0.81667
Segura de los Baños;Teruel;44211;40.94088;-0.95111
Seno;Teruel;44212;40.81225;-0.33816
Singra;Teruel;44213;40.65508;-1.31158
Terriente;Teruel;44215;40.29741;-1.50399
Teruel;Teruel;44216;40.3456;-1.10646
Toril y Masegoso;Teruel;44217;;
Tormón;Teruel;44218;40.20266;-1.35406
Tornos;Teruel;44219;40.96188;-1.43389
Torralba de los Sisones;Teruel;44220;40.89084;-1.45866
Torrecilla de Alcañiz;Teruel;44221;40.96056;-0.09077
Torrecilla del Rebollar;Teruel;44222;40.90978;-1.07244
Torre de Arcas;Teruel;44223;40.75137;-0.06892
Torre de las Arcas;Teruel;44224;40.84166;-0.71783
Torre del Compte;Teruel;44225;40.93625;0.10934
Torrelacárcel;Teruel;44226;;
Torre los Negros;Teruel;44227;40.85308;-1.09782
Torremocha de Jiloca;Teruel;44228;;
Torres de Albarracín;Teruel;44229;40.42709;-1.53242
Torrevelilla;Teruel;44230;40.902;-0.10977
Torrijas;Teruel;44231;40.01667;-0.95
Torrijo del Campo;Teruel;44232;40.82575;-1.33766
Tramacastiel;Teruel;44234;40.18842;-1.24081
Tramacastilla;Teruel;44235;40.43059;-1.57466
Tronchón;Teruel;44236;40.62091;-0.39833
Urrea de Gaén;Teruel;44237;;
Utrillas;Teruel;44238;40.81267;-0.84545
Valacloche;Teruel;44239;40.19092;-1.09134
Valbona;Teruel;44240;40.22877;-0.81079
Valdealgorfa;Teruel;44241;40.99066;-0.03433
Valdecuenca;Teruel;44243;40.29776;-1.40829
Valdelinares;Teruel;44244;40.39114;-0.60593
Valdeltormo;Teruel;44245;40.98716;0.08342
Valderrobres;Teruel;44246;40.87209;0.15431
Valjunquera;Teruel;44247;40.9525;0.02575
Vallecillo, El;Teruel;44249;;
Veguillas de la Sierra;Teruel;44250;40.15;-1.4
Villafranca del Campo;Teruel;44251;40.69545;-1.34722
Villahermosa del Campo;Teruel;44252;41.10942;-1.24692
Villanueva del Rebollar de la Sierra;Teruel;44256;40.89108;-1.00837
Villar del Cobo;Teruel;44257;40.39475;-1.67332
Villar del Salz;Teruel;44258;40.682;-1.49967
Villarluengo;Teruel;44260;40.64842;-0.53066
Villarquemado;Teruel;44261;40.5175;-1.265
Villarroya de los Pinares;Teruel;44262;40.52917;-0.669
Villastar;Teruel;44263;40.28102;-1.15139
Villel;Teruel;44264;40.23463;-1.18611
Vinaceite;Teruel;44265;;
Visiedo;Teruel;44266;40.68558;-1.09709
Vivel del Río Martín;Teruel;44267;40.87091;-0.93889
Zoma, La;Teruel;44268;;
Ajofrín;Toledo;45001;39.71088;-3.9822
Alameda de la Sagra;Toledo;45002;;
Albarreal de Tajo;Toledo;45003;39.89698;-4.22895
Alcabón;Toledo;45004;40.00224;-4.36852
Alcañizo;Toledo;45005;39.90315;-5.10588
Alcaudete de la Jara;Toledo;45006;;
Alcolea de Tajo;Toledo;45007;39.80966;-5.14738
Aldea en Cabo;Toledo;45008;;
Aldeanueva de Barbarroya;Toledo;45009;39.75934;-5.02287
Aldeanueva de San Bartolomé;Toledo;45010;39.63608;-5.11307
Almendral de la Cañada;Toledo;45011;40.18456;-4.74173
Almonacid de Toledo;Toledo;45012;;
Almorox;Toledo;45013;40.23423;-4.39044
Añover de Tajo;Toledo;45014;39.98873;-3.76579
Arcicóllar;Toledo;45015;40.05517;-4.11638
Argés;Toledo;45016;;
Azután;Toledo;45017;39.78564;-5.1273
Barcience;Toledo;45018;39.98367;-4.23437
Bargas;Toledo;45019;39.94113;-4.01979
Belvís de la Jara;Toledo;45020;39.75768;-4.94932
Borox;Toledo;45021;40.06795;-3.73804
Buenaventura;Toledo;45022;40.17705;-4.85003
Burguillos de Toledo;Toledo;45023;39.79635;-3.99254
Burujón;Toledo;45024;39.90113;-4.2973
Cabañas de la Sagra;Toledo;45025;40.0061;-3.9456
Cabañas de Yepes;Toledo;45026;39.89051;-3.53502
Cabezamesada;Toledo;45027;39.8163;-3.10236
Calera y Chozas;Toledo;45028;39.88278;-4.98213
Caleruela;Toledo;45029;39.87483;-5.25693
Calzada de Oropesa;Toledo;45030;;
Camarena;Toledo;45031;40.09311;-4.11927
Camarenilla;Toledo;45032;40.01672;-4.07624
Campillo de la Jara, El;Toledo;45033;;
Camuñas;Toledo;45034;39.42704;-3.45503
Cardiel de los Montes;Toledo;45035;40.06348;-4.65488
Carmena;Toledo;45036;39.95562;-4.40149
Carpio de Tajo, El;Toledo;45037;39.88796;-4.45388
Carranque;Toledo;45038;40.16976;-3.90092
Carriches;Toledo;45039;39.96417;-4.45864
Casar de Escalona, El;Toledo;45040;40.0464;-4.52507
Casarrubios del Monte;Toledo;45041;40.18697;-4.03644
Casasbuenas;Toledo;45042;39.76117;-4.12558
Castillo de Bayuela;Toledo;45043;40.10032;-4.68562
Cazalegas;Toledo;45045;40.00958;-4.67606
Cebolla;Toledo;45046;39.94897;-4.57175
Cedillo del Condado;Toledo;45047;40.1126;-3.92127
Cerralbos, Los;Toledo;45048;;
Cervera de los Montes;Toledo;45049;40.05182;-4.81072
Ciruelos;Toledo;45050;39.93881;-3.61383
Cobeja;Toledo;45051;40.02076;-3.85599
Cobisa;Toledo;45052;39.80425;-4.02528
Consuegra;Toledo;45053;39.46246;-3.608
Corral de Almaguer;Toledo;45054;39.75987;-3.16452
Cuerva;Toledo;45055;39.66374;-4.21085
Chozas de Canales;Toledo;45056;40.10014;-4.04333
Chueca;Toledo;45057;39.73191;-3.94365
Domingo Pérez;Toledo;45058;39.97661;-4.50554
Dosbarrios;Toledo;45059;39.88199;-3.48419
Erustes;Toledo;45060;39.95667;-4.49656
Escalona;Toledo;45061;40.1669;-4.40484
Escalonilla;Toledo;45062;39.9257;-4.35095
Espinoso del Rey;Toledo;45063;39.65333;-4.78371
Esquivias;Toledo;45064;40.1044;-3.76677
Estrella, La;Toledo;45065;;
Fuensalida;Toledo;45066;40.05288;-4.20718
Gálvez;Toledo;45067;39.70208;-4.27239
Garciotum;Toledo;45068;;
Gerindote;Toledo;45069;39.96594;-4.30278
Guadamur;Toledo;45070;39.81178;-4.14885
Guardia, La;Toledo;45071;;
Herencias, Las;Toledo;45072;;
Herreruela de Oropesa;Toledo;45073;39.88928;-5.24279
Hinojosa de San Vicente;Toledo;45074;40.10463;-4.72269
Hontanar;Toledo;45075;39.61297;-4.49663
Hormigos;Toledo;45076;40.09778;-4.44473
Huecas;Toledo;45077;40.0123;-4.19541
Huerta de Valdecarábanos;Toledo;45078;39.86319;-3.61275
Iglesuela del Tiétar, La;Toledo;45079;;
Illán de Vacas;Toledo;45080;39.97079;-4.55743
Illescas;Toledo;45081;40.12213;-3.84704
Lagartera;Toledo;45082;39.90557;-5.20143
Layos;Toledo;45083;39.77703;-4.06448
Lillo;Toledo;45084;39.72331;-3.30618
Lominchar;Toledo;45085;40.09061;-3.96713
Lucillos;Toledo;45086;39.9851;-4.61279
Madridejos;Toledo;45087;39.46823;-3.53196
Magán;Toledo;45088;39.96138;-3.93164
Malpica de Tajo;Toledo;45089;;
Manzaneque;Toledo;45090;39.63549;-3.79249
Maqueda;Toledo;45091;40.06614;-4.37066
Marjaliza;Toledo;45092;39.56329;-3.93499
Marrupe;Toledo;45093;;
Mascaraque;Toledo;45094;39.71643;-3.81254
Mata, La;Toledo;45095;;
Mazarambroz;Toledo;45096;39.69411;-4.01962
Mejorada;Toledo;45097;40.00991;-4.88506
Menasalbas;Toledo;45098;39.63954;-4.28418
Méntrida;Toledo;45099;40.23899;-4.19337
Mesegar de Tajo;Toledo;45100;;
Miguel Esteban;Toledo;45101;39.52448;-3.07618
Mocejón;Toledo;45102;39.93934;-3.91716
Mohedas de la Jara;Toledo;45103;39.60417;-5.14247
Montearagón;Toledo;45104;39.96425;-4.63214
Montesclaros;Toledo;45105;40.10646;-4.93849
Mora;Toledo;45106;39.68492;-3.77394
Nambroca;Toledo;45107;39.79771;-3.94434
Nava de Ricomalillo, La;Toledo;45108;;
Navahermosa;Toledo;45109;39.63526;-4.47012
Navalcán;Toledo;45110;40.06667;-5.08333
Navalmoralejo;Toledo;45111;39.73929;-5.14359
Navalmorales, Los;Toledo;45112;39.72526;-4.64227
Navalucillos, Los;Toledo;45113;39.66665;-4.64205
Navamorcuende;Toledo;45114;40.15659;-4.78625
Noblejas;Toledo;45115;39.98061;-3.44001
Noez;Toledo;45116;39.74094;-4.18408
Nombela;Toledo;45117;40.1553;-4.50223
Novés;Toledo;45118;40.04746;-4.27471
Numancia de la Sagra;Toledo;45119;40.07395;-3.85118
Nuño Gómez;Toledo;45120;40.11383;-4.61978
Ocaña;Toledo;45121;39.95785;-3.4982
Olías del Rey;Toledo;45122;39.94436;-3.98684
Ontígola;Toledo;45123;40.00421;-3.57227
Orgaz;Toledo;45124;39.64826;-3.87577
Oropesa;Toledo;45125;39.91726;-5.17371
Otero;Toledo;45126;40.00096;-4.51539
Palomeque;Toledo;45127;40.11966;-3.96403
Pantoja;Toledo;45128;40.04336;-3.8328
Paredes de Escalona;Toledo;45129;40.20472;-4.4305
Parrillas;Toledo;45130;40.06225;-5.0639
Pelahustán;Toledo;45131;40.17599;-4.59842
Pepino;Toledo;45132;;
Polán;Toledo;45133;39.78765;-4.16792
Portillo de Toledo;Toledo;45134;40.06415;-4.22793
Puebla de Almoradiel, La;Toledo;45135;39.59862;-3.11782
Puebla de Montalbán, La;Toledo;45136;39.86297;-4.35917
Pueblanueva, La;Toledo;45137;39.91208;-4.67933
Puente del Arzobispo, El;Toledo;45138;39.80174;-5.17178
Puerto de San Vicente;Toledo;45139;39.52283;-5.11407
Pulgar;Toledo;45140;39.69383;-4.15233
Quero;Toledo;45141;39.51111;-3.24741
Quintanar de la Orden;Toledo;45142;39.59369;-3.04165
Quismondo;Toledo;45143;40.10533;-4.32394
Real de San Vicente, El;Toledo;45144;40.13561;-4.69095
Recas;Toledo;45145;40.05286;-3.9909
Retamoso de la Jara;Toledo;45146;;
Rielves;Toledo;45147;39.96206;-4.193
Robledo del Mazo;Toledo;45148;;
Romeral, El;Toledo;45149;;
San Bartolomé de las Abiertas;Toledo;45150;39.82972;-4.71901
San Martín de Montalbán;Toledo;45151;39.70186;-4.38796
San Martín de Pusa;Toledo;45152;39.78404;-4.63252
San Pablo de los Montes;Toledo;45153;;
San Román de los Montes;Toledo;45154;;
Santa Ana de Pusa;Toledo;45155;39.76238;-4.70904
Santa Cruz de la Zarza;Toledo;45156;39.98104;-3.18787
Santa Cruz del Retamar;Toledo;45157;40.11917;-4.24158
Santa Olalla;Toledo;45158;40.02348;-4.43025
Sartajada;Toledo;45159;40.2132;-4.79427
Segurilla;Toledo;45160;40.02386;-4.86418
Seseña;Toledo;45161;40.10473;-3.69793
Sevilleja de la Jara;Toledo;45162;39.57488;-4.96387
Sonseca;Toledo;45163;39.67747;-3.97448
Sotillo de las Palomas;Toledo;45164;40.10359;-4.82736
Talavera de la Reina;Toledo;45165;39.96348;-4.83076
Tembleque;Toledo;45166;39.69541;-3.50429
Toboso, El;Toledo;45167;39.51333;-2.99726
Toledo;Toledo;45168;39.8581;-4.02263
Torralba de Oropesa;Toledo;45169;39.93384;-5.15404
Torrecilla de la Jara;Toledo;45170;39.70425;-4.77186
Torre de Esteban Hambrán, La;Toledo;45171;40.16935;-4.21549
Torrico;Toledo;45172;39.82918;-5.22581
Torrijos;Toledo;45173;39.98195;-4.28349
Totanés;Toledo;45174;39.71057;-4.22655
Turleque;Toledo;45175;39.60138;-3.61404
Ugena;Toledo;45176;40.15572;-3.87603
Urda;Toledo;45177;39.41179;-3.71493
Valdeverdeja;Toledo;45179;39.79635;-5.24544
Valmojado;Toledo;45180;40.20444;-4.09146
Velada;Toledo;45181;39.97687;-4.97641
Ventas con Peña Aguilera, Las;Toledo;45182;39.61033;-4.23128
Ventas de Retamosa, Las;Toledo;45183;40.15526;-4.11455
Ventas de San Julián, Las;Toledo;45184;;
Villacañas;Toledo;45185;39.62367;-3.33813
Villa de Don Fadrique, La;Toledo;45186;39.61505;-3.21915
Villafranca de los Caballeros;Toledo;45187;39.42824;-3.36079
Villaluenga de la Sagra;Toledo;45188;;
Villamiel de Toledo;Toledo;45189;39.96482;-4.12627
Villaminaya;Toledo;45190;39.71197;-3.87055
Villamuelas;Toledo;45191;39.81784;-3.73461
Villanueva de Alcardete;Toledo;45192;39.67321;-3.01445
Villanueva de Bogas;Toledo;45193;39.72347;-3.65743
Villarejo de Montalbán;Toledo;45194;39.76913;-4.57314
Villarrubia de Santiago;Toledo;45195;39.98555;-3.36898
Villaseca de la Sagra;Toledo;45196;39.96185;-3.88291
Villasequilla;Toledo;45197;;
Villatobas;Toledo;45198;39.90187;-3.32386
Viso de San Juan, El;Toledo;45199;40.14154;-3.91817
Yébenes, Los;Toledo;45200;39.58158;-3.87058
Yeles;Toledo;45201;40.12035;-3.80487
Yepes;Toledo;45202;39.90199;-3.62517
Yuncler;Toledo;45203;40.04079;-3.89979
Yunclillos;Toledo;45204;;
Yuncos;Toledo;45205;40.0859;-3.87106
Santo Domingo-Caudilla;Toledo;45901;;
Ademuz;Valencia;46001;40.06139;-1.28677
Ador;Valencia;46002;38.91823;-0.22247
Atzeneta d'Albaida;Valencia;46003;38.83333;-0.5
Agullent;Valencia;46004;38.82273;-0.54833
Alaquàs;Valencia;46005;39.45568;-0.461
Albaida;Valencia;46006;38.83798;-0.51721
Albal;Valencia;46007;39.4;-0.41667
Albalat de la Ribera;Valencia;46008;39.2;-0.38333
Albalat dels Sorells;Valencia;46009;39.53333;-0.35
Albalat dels Tarongers;Valencia;46010;39.7;-0.33333
Alberic;Valencia;46011;39.11667;-0.51667
Alborache;Valencia;46012;39.38333;-0.76667
Alboraia/Alboraya;Valencia;46013;;
Albuixech;Valencia;46014;39.55;-0.31667
Alcàsser;Valencia;46015;39.36791;-0.44447
Alcàntera de Xúquer;Valencia;46016;39.06667;-0.55
Alzira;Valencia;46017;39.15;-0.43333
Alcublas;Valencia;46018;39.8;-0.7
Alcúdia, l';Valencia;46019;39.2;-0.5
Alcúdia de Crespins, l';Valencia;46020;38.96667;-0.58333
Aldaia;Valencia;46021;39.46569;-0.46005
Alfafar;Valencia;46022;39.41667;-0.38333
Alfauir;Valencia;46023;38.93333;-0.25
Alfara de la Baronia;Valencia;46024;;
Alfara del Patriarca;Valencia;46025;39.55;-0.38333
Alfarb;Valencia;46026;;
Alfarrasí;Valencia;46027;38.9;-0.5
Algar de Palància;Valencia;46028;;
Algemesí;Valencia;46029;39.18333;-0.43333
Algímia d'Alfara;Valencia;46030;;
Alginet;Valencia;46031;39.26667;-0.46667
Almàssera;Valencia;46032;;
Almiserà;Valencia;46033;38.91667;-0.28333
Almoines;Valencia;46034;38.94325;-0.18155
Almussafes;Valencia;46035;39.28333;-0.41667
Alpuente;Valencia;46036;39.86667;-1.01667
Alqueria de la Comtessa, l';Valencia;46037;38.93333;-0.15
Andilla;Valencia;46038;39.83333;-0.8
Anna;Valencia;46039;39.02029;-0.64621
Antella;Valencia;46040;39.07977;-0.59195
Aras de los Olmos;Valencia;46041;;
Aielo de Malferit;Valencia;46042;38.88333;-0.58333
Aielo de Rugat;Valencia;46043;;
Ayora;Valencia;46044;39.05852;-1.05635
Barxeta;Valencia;46045;39.01667;-0.41667
Barx;Valencia;46046;39.01667;-0.3
Bèlgida;Valencia;46047;38.85;-0.46667
Bellreguard;Valencia;46048;38.95;-0.16667
Bellús;Valencia;46049;38.9458;-0.48697
Benagéber;Valencia;46050;39.71667;-1.1
Benaguasil;Valencia;46051;39.6;-0.58333
Benavites;Valencia;46052;39.73333;-0.25
Beneixida;Valencia;46053;39.06667;-0.55
Benetússer;Valencia;46054;39.41667;-0.4
Beniarjó;Valencia;46055;38.93249;-0.18634
Beniatjar;Valencia;46056;38.84754;-0.41736
Benicolet;Valencia;46057;38.91987;-0.34694
Benifairó de les Valls;Valencia;46058;39.73333;-0.26667
Benifairó de la Valldigna;Valencia;46059;;
Benifaió;Valencia;46060;39.28439;-0.42598
Beniflá;Valencia;46061;38.92813;-0.17816
Benigànim;Valencia;46062;38.95;-0.43333
Benimodo;Valencia;46063;39.21667;-0.53333
Benimuslem;Valencia;46064;39.13162;-0.49288
Beniparrell;Valencia;46065;39.38333;-0.41667
Benirredrà;Valencia;46066;38.96667;-0.18333
Benissanó;Valencia;46067;;
Benissoda;Valencia;46068;38.83333;-0.51667
Benissuera;Valencia;46069;;
Bétera;Valencia;46070;39.58333;-0.45
Bicorp;Valencia;46071;39.13215;-0.7872
Bocairent;Valencia;46072;38.76667;-0.61667
Bolbaite;Valencia;46073;39.06041;-0.67466
Bonrepòs i Mirambell;Valencia;46074;39.51667;-0.36667
Bufali;Valencia;46075;38.86775;-0.51617
Bugarra;Valencia;46076;39.61667;-0.76667
Buñol;Valencia;46077;39.41667;-0.78333
Burjassot;Valencia;46078;39.51667;-0.41667
Calles;Valencia;46079;39.72118;-0.97057
Camporrobles;Valencia;46080;39.65;-1.4
Canals;Valencia;46081;38.96251;-0.58443
Canet d'En Berenguer;Valencia;46082;39.68333;-0.21667
Carcaixent;Valencia;46083;39.13333;-0.45
Càrcer;Valencia;46084;39.06667;-0.56667
Carlet;Valencia;46085;39.23333;-0.51667
Carrícola;Valencia;46086;38.84133;-0.4726
Casas Altas;Valencia;46087;40.03333;-1.26667
Casas Bajas;Valencia;46088;40.01667;-1.26667
Casinos;Valencia;46089;39.7;-0.7
Castelló de Rugat;Valencia;46090;38.88333;-0.36667
Castellonet de la Conquesta;Valencia;46091;38.91667;-0.26667
Castielfabib;Valencia;46092;40.13076;-1.30396
Catadau;Valencia;46093;39.26667;-0.56667
Catarroja;Valencia;46094;39.4;-0.4
Caudete de las Fuentes;Valencia;46095;39.56667;-1.25
Cerdà;Valencia;46096;38.98333;-0.56667
Cofrentes;Valencia;46097;39.22926;-1.06061
Corbera;Valencia;46098;39.15;-0.35
Cortes de Pallás;Valencia;46099;39.25;-0.93333
Cotes;Valencia;46100;39.0701;-0.57449
Quart de les Valls;Valencia;46101;39.73333;-0.26667
Quart de Poblet;Valencia;46102;39.48139;-0.43937
Quartell;Valencia;46103;39.73333;-0.26667
Quatretonda;Valencia;46104;38.95;-0.4
Cullera;Valencia;46105;39.16667;-0.25
Chelva;Valencia;46106;39.7493;-0.99684
Chella;Valencia;46107;39.04203;-0.65916
Chera;Valencia;46108;39.6;-0.96667
Cheste;Valencia;46109;39.48333;-0.68333
Xirivella;Valencia;46110;39.46588;-0.42589
Chiva;Valencia;46111;39.46667;-0.71667
Chulilla;Valencia;46112;39.65;-0.88333
Daimús;Valencia;46113;38.96667;-0.15
Domeño;Valencia;46114;39.66115;-0.67077
Dos Aguas;Valencia;46115;39.28333;-0.8
Eliana, l';Valencia;46116;39.56667;-0.53333
Emperador;Valencia;46117;39.55;-0.33333
Enguera;Valencia;46118;38.97974;-0.68683
Énova, l';Valencia;46119;;
Estivella;Valencia;46120;39.71667;-0.35
Estubeny;Valencia;46121;39.01792;-0.62379
Faura;Valencia;46122;39.71667;-0.25
Favara;Valencia;46123;39.11667;-0.28333
Fontanars dels Alforins;Valencia;46124;38.78333;-0.78333
Fortaleny;Valencia;46125;39.18333;-0.3
Foios;Valencia;46126;39.53333;-0.35
Font d'en Carròs, la;Valencia;46127;;
Font de la Figuera, la;Valencia;46128;38.8;-0.88333
Fuenterrobles;Valencia;46129;39.58333;-1.35
Gavarda;Valencia;46130;39.08333;-0.55
Gandia;Valencia;46131;38.96667;-0.18333
Genovés, el;Valencia;46132;38.98915;-0.46992
Gestalgar;Valencia;46133;39.6;-0.83333
Gilet;Valencia;46134;39.68333;-0.31667
Godella;Valencia;46135;39.53333;-0.41667
Godelleta;Valencia;46136;39.41667;-0.68333
Granja de la Costera, la;Valencia;46137;;
Guadasséquies;Valencia;46138;;
Guadassuar;Valencia;46139;39.18333;-0.46667
Guardamar de la Safor;Valencia;46140;;
Higueruelas;Valencia;46141;39.78333;-0.85
Jalance;Valencia;46142;39.2;-1.06667
Xeraco;Valencia;46143;;
Jarafuel;Valencia;46144;39.14013;-1.07306
Xàtiva;Valencia;46145;38.98333;-0.51667
Xeresa;Valencia;46146;39.01667;-0.21667
Llíria;Valencia;46147;39.63333;-0.6
Loriguilla;Valencia;46148;39.68333;-0.91667
Losa del Obispo;Valencia;46149;39.7;-0.86667
Llutxent;Valencia;46150;38.93333;-0.35
Llocnou d'En Fenollet;Valencia;46151;;
Llocnou de la Corona;Valencia;46152;;
Llocnou de Sant Jeroni;Valencia;46153;38.91667;-0.28333
Llanera de Ranes;Valencia;46154;38.99507;-0.57534
Llaurí;Valencia;46155;39.14671;-0.32944
Llombai;Valencia;46156;39.28333;-0.56667
Llosa de Ranes, la;Valencia;46157;39.02163;-0.53803
Macastre;Valencia;46158;39.38333;-0.78333
Manises;Valencia;46159;39.49139;-0.46349
Manuel;Valencia;46160;39.05059;-0.48978
Marines;Valencia;46161;;
Massalavés;Valencia;46162;;
Massalfassar;Valencia;46163;;
Massamagrell;Valencia;46164;39.56667;-0.33333
Massanassa;Valencia;46165;;
Meliana;Valencia;46166;39.53333;-0.33333
Millares;Valencia;46167;39.25;-0.76667
Miramar;Valencia;46168;38.95036;-0.14007
Mislata;Valencia;46169;39.47523;-0.41825
Moixent/Mogente;Valencia;46170;;
Montcada/Moncada;Valencia;46171;;
Montserrat;Valencia;46172;;
Montaverner;Valencia;46173;;
Montesa;Valencia;46174;38.9503;-0.652
Montitxelvo/Montichelvo;Valencia;46175;;
Montroi/Montroy;Valencia;46176;;
Museros;Valencia;46177;39.56667;-0.35
Nàquera/Náquera;Valencia;46178;;
Navarrés;Valencia;46179;39.10198;-0.69469
Novetlè;Valencia;46180;;
Oliva;Valencia;46181;38.91971;-0.11935
Olocau;Valencia;46182;39.7;-0.53333
Olleria, l';Valencia;46183;38.91667;-0.55
Ontinyent;Valencia;46184;38.81667;-0.61667
Otos;Valencia;46185;38.85427;-0.44399
Paiporta;Valencia;46186;39.43333;-0.41667
Palma de Gandía;Valencia;46187;38.92672;-0.22028
Palmera;Valencia;46188;38.93927;-0.15411
Palomar, el;Valencia;46189;;
Paterna;Valencia;46190;39.5;-0.43333
Pedralba;Valencia;46191;39.6;-0.71667
Petrés;Valencia;46192;39.68333;-0.3
Picanya;Valencia;46193;39.43333;-0.43333
Picassent;Valencia;46194;39.36667;-0.45
Piles;Valencia;46195;38.94143;-0.13286
Pinet;Valencia;46196;38.98176;-0.3387
Polinyà de Xúquer;Valencia;46197;39.2;-0.36667
Potries;Valencia;46198;38.91617;-0.19594
Pobla de Farnals, la;Valencia;46199;;
Pobla del Duc, la;Valencia;46200;;
Puebla de San Miguel;Valencia;46201;40.05;-1.13333
Pobla de Vallbona, la;Valencia;46202;39.6;-0.55
Pobla Llarga, la;Valencia;46203;39.08333;-0.46667
Puig de Santa Maria, el;Valencia;46204;;
Puçol;Valencia;46205;39.61667;-0.3
Quesa;Valencia;46206;39.1197;-0.74
Rafelbunyol;Valencia;46207;;
Rafelcofer;Valencia;46208;38.93248;-0.16772
Rafelguaraf;Valencia;46209;39.05126;-0.45543
Ráfol de Salem;Valencia;46210;38.86651;-0.39991
Real de Gandia, el;Valencia;46211;38.94817;-0.19239
Real;Valencia;46212;;
Requena;Valencia;46213;39.48834;-1.10044
Riba-roja de Túria;Valencia;46214;;
Riola;Valencia;46215;39.2;-0.33333
Rocafort;Valencia;46216;39.53333;-0.4
Rotglà i Corberà;Valencia;46217;;
Ròtova;Valencia;46218;38.93205;-0.25765
Rugat;Valencia;46219;38.87933;-0.36115
Sagunt/Sagunto;Valencia;46220;;
Salem;Valencia;46221;;
Sant Joanet;Valencia;46222;;
Sedaví;Valencia;46223;39.43333;-0.38333
Segart;Valencia;46224;39.68333;-0.36667
Sellent;Valencia;46225;39.03221;-0.58784
Sempere;Valencia;46226;38.92014;-0.4814
Senyera;Valencia;46227;39.06667;-0.5
Serra;Valencia;46228;39.68333;-0.43333
Siete Aguas;Valencia;46229;39.46667;-0.91667
Silla;Valencia;46230;39.36667;-0.41667
Simat de la Valldigna;Valencia;46231;39.03333;-0.31667
Sinarcas;Valencia;46232;39.73333;-1.23333
Sollana;Valencia;46233;39.28333;-0.36667
Sot de Chera;Valencia;46234;39.63333;-0.9
Sueca;Valencia;46235;39.2026;-0.31114
Sumacàrcer;Valencia;46236;39.1;-0.63333
Tavernes Blanques;Valencia;46237;39.5;-0.36667
Tavernes de la Valldigna;Valencia;46238;39.06667;-0.26667
Teresa de Cofrentes;Valencia;46239;;
Terrateig;Valencia;46240;38.89453;-0.31993
Titaguas;Valencia;46241;39.86667;-1.08333
Torrebaja;Valencia;46242;;
Torrella;Valencia;46243;38.98446;-0.56727
Torrent;Valencia;46244;39.43705;-0.46546
Torres Torres;Valencia;46245;;
Tous;Valencia;46246;39.13951;-0.58777
Tuéjar;Valencia;46247;39.76667;-1.03333
Turís;Valencia;46248;39.38333;-0.7
Utiel;Valencia;46249;39.56667;-1.2
València;Valencia;46250;39.46975;-0.37739
Vallada;Valencia;46251;38.89575;-0.69104
Vallanca;Valencia;46252;40.06667;-1.33333
Vallés;Valencia;46253;38.98518;-0.55696
Venta del Moro;Valencia;46254;39.48333;-1.35
Vilallonga/Villalonga;Valencia;46255;;
Vilamarxant;Valencia;46256;39.56667;-0.61667
Castelló;Valencia;46257;;
Villar del Arzobispo;Valencia;46258;39.73333;-0.81667
Villargordo del Cabriel;Valencia;46259;39.53333;-1.43333
Vinalesa;Valencia;46260;39.53333;-0.36667
Yátova;Valencia;46261;39.38333;-0.8
Yesa, La;Valencia;46262;39.88333;-0.95
Zarra;Valencia;46263;39.09175;-1.07532
Gátova;Valencia;46902;;
San Antonio de Benagéber;Valencia;46903;;
Benicull de Xúquer;Valencia;46904;;
Adalia;Valladolid;47001;41.64894;-5.12107
Aguasal;Valladolid;47002;41.27495;-4.6529
Aguilar de Campos;Valladolid;47003;41.98375;-5.18117
Alaejos;Valladolid;47004;41.30732;-5.21567
Alcazarén;Valladolid;47005;41.37061;-4.67262
Aldea de San Miguel;Valladolid;47006;41.46098;-4.6158
Aldeamayor de San Martín;Valladolid;47007;41.51256;-4.63955
Almenara de Adaja;Valladolid;47008;41.21406;-4.67824
Amusquillo;Valladolid;47009;41.74853;-4.30117
Arroyo de la Encomienda;Valladolid;47010;;
Ataquines;Valladolid;47011;41.18247;-4.80319
Bahabón;Valladolid;47012;41.48141;-4.27941
Barcial de la Loma;Valladolid;47013;41.95139;-5.28353
Barruelo del Valle;Valladolid;47014;;
Becilla de Valderaduey;Valladolid;47015;42.09905;-5.21805
Benafarces;Valladolid;47016;41.62133;-5.29285
Bercero;Valladolid;47017;41.56397;-5.0558
Berceruelo;Valladolid;47018;41.58033;-5.03267
Berrueces;Valladolid;47019;41.94606;-5.09693
Bobadilla del Campo;Valladolid;47020;41.20432;-5.02294
Bocigas;Valladolid;47021;41.2307;-4.68128
Bocos de Duero;Valladolid;47022;41.62339;-4.07048
Boecillo;Valladolid;47023;41.5409;-4.6994
Bolaños de Campos;Valladolid;47024;42.0068;-5.28428
Brahojos de Medina;Valladolid;47025;;
Bustillo de Chaves;Valladolid;47026;42.13114;-5.09169
Cabezón de Pisuerga;Valladolid;47027;;
Cabezón de Valderaduey;Valladolid;47028;42.16793;-5.15892
Cabreros del Monte;Valladolid;47029;41.84906;-5.27016
Campaspero;Valladolid;47030;41.49208;-4.19608
Campillo, El;Valladolid;47031;;
Camporredondo;Valladolid;47032;41.47333;-4.50503
Canalejas de Peñafiel;Valladolid;47033;41.52513;-4.11546
Canillas de Esgueva;Valladolid;47034;41.75464;-4.12502
Carpio;Valladolid;47035;41.21329;-5.10907
Casasola de Arión;Valladolid;47036;41.57825;-5.24076
Castrejón de Trabancos;Valladolid;47037;;
Castrillo de Duero;Valladolid;47038;41.57494;-4.01547
Castrillo-Tejeriego;Valladolid;47039;41.7034;-4.37142
Castrobol;Valladolid;47040;42.13717;-5.31423
Castrodeza;Valladolid;47041;41.64921;-4.95888
Castromembibre;Valladolid;47042;41.67246;-5.30473
Castromonte;Valladolid;47043;41.77355;-5.03909
Castronuevo de Esgueva;Valladolid;47044;41.6818;-4.58866
Castronuño;Valladolid;47045;41.38918;-5.26408
Castroponce;Valladolid;47046;42.12646;-5.18245
Castroverde de Cerrato;Valladolid;47047;41.75609;-4.22151
Ceinos de Campos;Valladolid;47048;42.03284;-5.15007
Cervillego de la Cruz;Valladolid;47049;41.18783;-4.94966
Cigales;Valladolid;47050;41.7578;-4.69848
Ciguñuela;Valladolid;47051;41.64064;-4.85688
Cistérniga;Valladolid;47052;41.61294;-4.68697
Cogeces de Íscar;Valladolid;47053;;
Cogeces del Monte;Valladolid;47054;41.5103;-4.31721
Corcos;Valladolid;47055;41.80946;-4.6927
Corrales de Duero;Valladolid;47056;41.67205;-4.04817
Cubillas de Santa Marta;Valladolid;47057;41.83358;-4.61463
Cuenca de Campos;Valladolid;47058;42.05927;-5.05539
Curiel de Duero;Valladolid;47059;41.64327;-4.1011
Encinas de Esgueva;Valladolid;47060;41.75653;-4.10357
Esguevillas de Esgueva;Valladolid;47061;41.75018;-4.38062
Fombellida;Valladolid;47062;41.76693;-4.18409
Fompedraza;Valladolid;47063;41.53541;-4.14483
Fontihoyuelo;Valladolid;47064;42.16192;-5.05791
Fresno el Viejo;Valladolid;47065;41.19752;-5.14413
Fuensaldaña;Valladolid;47066;41.70617;-4.76547
Fuente el Sol;Valladolid;47067;41.17603;-4.9343
Fuente-Olmedo;Valladolid;47068;;
Gallegos de Hornija;Valladolid;47069;41.6098;-5.09768
Gatón de Campos;Valladolid;47070;42.04984;-4.98078
Geria;Valladolid;47071;41.57868;-4.87663
Herrín de Campos;Valladolid;47073;42.12476;-4.95239
Hornillos de Eresma;Valladolid;47074;;
Íscar;Valladolid;47075;41.36117;-4.53348
Laguna de Duero;Valladolid;47076;41.58151;-4.72332
Langayo;Valladolid;47077;41.56986;-4.19866
Lomoviejo;Valladolid;47078;;
Llano de Olmedo;Valladolid;47079;41.26727;-4.61386
Manzanillo;Valladolid;47080;41.58617;-4.18826
Marzales;Valladolid;47081;41.58644;-5.13455
Matapozuelos;Valladolid;47082;41.41423;-4.79122
Matilla de los Caños;Valladolid;47083;41.54818;-4.96761
Mayorga;Valladolid;47084;42.16687;-5.26304
Medina del Campo;Valladolid;47085;41.31239;-4.91413
Medina de Rioseco;Valladolid;47086;41.88327;-5.04405
Megeces;Valladolid;47087;41.40828;-4.56166
Melgar de Abajo;Valladolid;47088;42.24344;-5.14216
Melgar de Arriba;Valladolid;47089;42.26806;-5.09712
Mojados;Valladolid;47090;41.43237;-4.6649
Monasterio de Vega;Valladolid;47091;42.23015;-5.18095
Montealegre de Campos;Valladolid;47092;;
Montemayor de Pililla;Valladolid;47093;41.50874;-4.45745
Moral de la Reina;Valladolid;47094;41.98611;-5.07208
Moraleja de las Panaderas;Valladolid;47095;41.27636;-4.82521
Morales de Campos;Valladolid;47096;41.86068;-5.17252
Mota del Marqués;Valladolid;47097;41.63247;-5.17681
Mucientes;Valladolid;47098;41.74278;-4.76191
Mudarra, La;Valladolid;47099;;
Muriel;Valladolid;47100;;
Nava del Rey;Valladolid;47101;41.33036;-5.08095
Nueva Villa de las Torres;Valladolid;47102;41.26762;-5.05685
Olivares de Duero;Valladolid;47103;41.63755;-4.36547
Olmedo;Valladolid;47104;41.28706;-4.68878
Olmos de Esgueva;Valladolid;47105;41.68815;-4.52255
Olmos de Peñafiel;Valladolid;47106;41.57142;-4.04316
Palazuelo de Vedija;Valladolid;47109;41.92966;-5.14534
Parrilla, La;Valladolid;47110;;
Pedraja de Portillo, La;Valladolid;47111;41.47124;-4.64639
Pedrajas de San Esteban;Valladolid;47112;41.34145;-4.58225
Pedrosa del Rey;Valladolid;47113;41.55617;-5.20466
Peñafiel;Valladolid;47114;41.60165;-4.11418
Peñaflor de Hornija;Valladolid;47115;41.71159;-4.98333
Pesquera de Duero;Valladolid;47116;;
Piña de Esgueva;Valladolid;47117;41.72843;-4.42823
Piñel de Abajo;Valladolid;47118;41.67459;-4.14655
Piñel de Arriba;Valladolid;47119;41.69923;-4.12808
Pollos;Valladolid;47121;41.44406;-5.12491
Portillo;Valladolid;47122;41.47867;-4.58967
Pozal de Gallinas;Valladolid;47123;41.31831;-4.83936
Pozaldez;Valladolid;47124;;
Pozuelo de la Orden;Valladolid;47125;41.82138;-5.25891
Puras;Valladolid;47126;41.18333;-4.65
Quintanilla de Arriba;Valladolid;47127;41.61974;-4.21774
Quintanilla del Molar;Valladolid;47128;41.98935;-5.44928
Quintanilla de Onésimo;Valladolid;47129;41.6249;-4.36291
Quintanilla de Trigueros;Valladolid;47130;41.85449;-4.65931
Rábano;Valladolid;47131;41.53314;-4.06214
Ramiro;Valladolid;47132;41.22845;-4.78608
Renedo de Esgueva;Valladolid;47133;;
Roales de Campos;Valladolid;47134;;
Robladillo;Valladolid;47135;41.60838;-4.90992
Roturas;Valladolid;47137;41.66791;-4.11901
Rubí de Bracamonte;Valladolid;47138;41.21421;-4.92491
Rueda;Valladolid;47139;41.41231;-4.95885
Saelices de Mayorga;Valladolid;47140;42.21206;-5.20534
Salvador de Zapardiel;Valladolid;47141;41.11696;-4.87486
San Cebrián de Mazote;Valladolid;47142;41.68022;-5.14847
San Llorente;Valladolid;47143;41.68631;-4.066
San Martín de Valvení;Valladolid;47144;41.75336;-4.56724
San Miguel del Arroyo;Valladolid;47145;41.44328;-4.4599
San Miguel del Pino;Valladolid;47146;41.50941;-4.91149
San Pablo de la Moraleja;Valladolid;47147;41.161;-4.77761
San Pedro de Latarce;Valladolid;47148;41.73556;-5.32592
San Pelayo;Valladolid;47149;41.68033;-5.03403
San Román de Hornija;Valladolid;47150;41.48131;-5.28454
San Salvador;Valladolid;47151;41.6206;-5.08713
Santa Eufemia del Arroyo;Valladolid;47152;41.89505;-5.26575
Santervás de Campos;Valladolid;47153;42.2182;-5.10027
Santibáñez de Valcorba;Valladolid;47154;41.56983;-4.44938
Santovenia de Pisuerga;Valladolid;47155;41.69457;-4.69029
San Vicente del Palacio;Valladolid;47156;41.21901;-4.85158
Sardón de Duero;Valladolid;47157;41.60847;-4.43397
Seca, La;Valladolid;47158;41.41364;-4.90552
Serrada;Valladolid;47159;41.45722;-4.86279
Siete Iglesias de Trabancos;Valladolid;47160;41.35223;-5.18488
Simancas;Valladolid;47161;41.59072;-4.82796
Tamariz de Campos;Valladolid;47162;41.97706;-5.02335
Tiedra;Valladolid;47163;41.65239;-5.26688
Tordehumos;Valladolid;47164;41.81531;-5.15811
Tordesillas;Valladolid;47165;41.50202;-5.00146
Torrecilla de la Abadesa;Valladolid;47166;41.48498;-5.08762
Torrecilla de la Orden;Valladolid;47167;41.21885;-5.22384
Torrecilla de la Torre;Valladolid;47168;41.66716;-5.04982
Torre de Esgueva;Valladolid;47169;41.76821;-4.20003
Torre de Peñafiel;Valladolid;47170;41.53646;-4.08833
Torrelobatón;Valladolid;47171;41.64942;-5.02526
Torrescárcela;Valladolid;47172;41.48455;-4.3192
Traspinedo;Valladolid;47173;41.57509;-4.47569
Trigueros del Valle;Valladolid;47174;41.83049;-4.65179
Tudela de Duero;Valladolid;47175;41.5845;-4.58093
Unión de Campos, La;Valladolid;47176;;
Urones de Castroponce;Valladolid;47177;42.09911;-5.28222
Urueña;Valladolid;47178;41.72738;-5.20304
Valbuena de Duero;Valladolid;47179;41.64323;-4.29271
Valdearcos de la Vega;Valladolid;47180;41.6426;-4.04845
Valdenebro de los Valles;Valladolid;47181;41.8569;-4.97005
Valdestillas;Valladolid;47182;41.47697;-4.77116
Valdunquillo;Valladolid;47183;42.04232;-5.31339
Valoria la Buena;Valladolid;47184;41.79966;-4.53055
Valverde de Campos;Valladolid;47185;41.8351;-5.03674
Valladolid;Valladolid;47186;41.65518;-4.72372
Vega de Ruiponce;Valladolid;47187;42.18808;-5.11477
Vega de Valdetronco;Valladolid;47188;41.59364;-5.11319
Velascálvaro;Valladolid;47189;41.23028;-4.97242
Velilla;Valladolid;47190;41.5592;-5.00454
Velliza;Valladolid;47191;41.57918;-4.94655
Ventosa de la Cuesta;Valladolid;47192;41.4111;-4.82932
Viana de Cega;Valladolid;47193;41.52927;-4.75245
Viloria;Valladolid;47194;41.44604;-4.38356
Villabáñez;Valladolid;47195;41.63097;-4.52192
Villabaruz de Campos;Valladolid;47196;42.01099;-4.99624
Villabrágima;Valladolid;47197;41.82178;-5.11546
Villacarralón;Valladolid;47198;42.18999;-5.04324
Villacid de Campos;Valladolid;47199;42.0825;-5.12498
Villaco;Valladolid;47200;41.74022;-4.26817
Villafrades de Campos;Valladolid;47203;42.07853;-4.97125
Villafranca de Duero;Valladolid;47204;41.4331;-5.30192
Villafrechós;Valladolid;47205;41.8929;-5.21859
Villafuerte;Valladolid;47206;41.73431;-4.32365
Villagarcía de Campos;Valladolid;47207;41.78032;-5.19242
Villagómez la Nueva;Valladolid;47208;42.15592;-5.14208
Villalán de Campos;Valladolid;47209;42.01484;-5.23642
Villalar de los Comuneros;Valladolid;47210;41.54966;-5.1381
Villalba de la Loma;Valladolid;47211;42.17472;-5.19023
Villalba de los Alcores;Valladolid;47212;41.86361;-4.86063
Villalbarba;Valladolid;47213;41.60389;-5.21281
Villalón de Campos;Valladolid;47214;42.09994;-5.0344
Villamuriel de Campos;Valladolid;47215;41.9469;-5.20717
Villán de Tordesillas;Valladolid;47216;41.59311;-4.92214
Villanubla;Valladolid;47217;41.69877;-4.84173
Villanueva de Duero;Valladolid;47218;41.51946;-4.86671
Villanueva de la Condesa;Valladolid;47219;42.14914;-5.0955
Villanueva de los Caballeros;Valladolid;47220;41.75916;-5.24786
Villanueva de los Infantes;Valladolid;47221;;
Villanueva de San Mancio;Valladolid;47222;41.92842;-5.012
Villardefrades;Valladolid;47223;41.72358;-5.25513
Villarmentero de Esgueva;Valladolid;47224;41.68515;-4.54636
Villasexmir;Valladolid;47225;41.63943;-5.0647
Villavaquerín;Valladolid;47226;41.66357;-4.46287
Villavellid;Valladolid;47227;41.69218;-5.2763
Villaverde de Medina;Valladolid;47228;41.30687;-5.02625
Villavicencio de los Caballeros;Valladolid;47229;42.05893;-5.23566
Wamba;Valladolid;47230;41.67525;-4.91748
Zaratán;Valladolid;47231;41.65971;-4.78417
Zarza, La;Valladolid;47232;;
Abadiño;Bizkaia;48001;43.1511;-2.60942
Abanto y Ciérvana-Abanto Zierbena;Bizkaia;48002;;
Amorebieta-Etxano;Bizkaia;48003;;
Amoroto;Bizkaia;48004;43.32634;-2.51349
Arakaldo;Bizkaia;48005;;
Arantzazu;Bizkaia;48006;;
Munitibar-Arbatzegi Gerrikaitz;Bizkaia;48007;;
Artzentales;Bizkaia;48008;;
Arrankudiaga-Zollo;Bizkaia;48009;;
Arrieta;Bizkaia;48010;;
Arrigorriaga;Bizkaia;48011;43.21006;-2.88562
Bakio;Bizkaia;48012;43.42917;-2.80881
Barakaldo;Bizkaia;48013;43.29564;-2.99729
Barrika;Bizkaia;48014;;
Basauri;Bizkaia;48015;43.2397;-2.8858
Berango;Bizkaia;48016;43.365;-2.99601
Bermeo;Bizkaia;48017;43.42088;-2.72152
Berriatua;Bizkaia;48018;43.31667;-2.46667
Berriz;Bizkaia;48019;43.16667;-2.56667
Bilbao;Bizkaia;48020;43.26271;-2.92528
Busturia;Bizkaia;48021;;
Karrantza Harana/Valle de Carranza;Bizkaia;48022;;
Artea;Bizkaia;48023;;
Zeanuri;Bizkaia;48024;43.1;-2.75
Zeberio;Bizkaia;48025;;
Dima;Bizkaia;48026;;
Durango;Bizkaia;48027;43.17124;-2.6338
Ea;Bizkaia;48028;43.37985;-2.58556
Etxebarri;Bizkaia;48029;;
Etxebarria;Bizkaia;48030;43.25414;-2.47776
Elantxobe;Bizkaia;48031;43.40243;-2.63912
Elorrio;Bizkaia;48032;43.12924;-2.54056
Ereño;Bizkaia;48033;;
Ermua;Bizkaia;48034;43.18333;-2.5
Fruiz;Bizkaia;48035;;
Galdakao;Bizkaia;48036;43.23333;-2.83333
Galdames;Bizkaia;48037;;
Gamiz-Fika;Bizkaia;48038;;
Garai;Bizkaia;48039;;
Gatika;Bizkaia;48040;43.36667;-2.86667
Gautegiz Arteaga;Bizkaia;48041;;
Gordexola;Bizkaia;48042;43.1786;-3.076
Gorliz;Bizkaia;48043;;
Getxo;Bizkaia;48044;43.35689;-3.01146
Güeñes;Bizkaia;48045;43.21252;-3.09497
Gernika-Lumo;Bizkaia;48046;43.31667;-2.68333
Gizaburuaga;Bizkaia;48047;;
Ibarrangelu;Bizkaia;48048;43.39027;-2.63423
Ispaster;Bizkaia;48049;;
Izurtza;Bizkaia;48050;43.15;-2.63333
Lanestosa;Bizkaia;48051;43.21986;-3.4392
Larrabetzu;Bizkaia;48052;;
Laukiz;Bizkaia;48053;;
Leioa;Bizkaia;48054;43.33333;-2.98333
Lemoa;Bizkaia;48055;;
Lemoiz;Bizkaia;48056;;
Lekeitio;Bizkaia;48057;43.36417;-2.50492
Mallabia;Bizkaia;48058;;
Mañaria;Bizkaia;48059;43.13819;-2.66104
Markina-Xemein;Bizkaia;48060;43.26667;-2.5
Maruri-Jatabe;Bizkaia;48061;;
Mendata;Bizkaia;48062;;
Mendexa;Bizkaia;48063;43.3459;-2.4842
Meñaka;Bizkaia;48064;;
Ugao-Miraballes;Bizkaia;48065;;
Morga;Bizkaia;48066;;
Muxika;Bizkaia;48067;43.28905;-2.68937
Mundaka;Bizkaia;48068;43.40804;-2.69852
Mungia;Bizkaia;48069;43.35;-2.83333
Aulesti;Bizkaia;48070;43.3;-2.56667
Muskiz;Bizkaia;48071;;
Otxandio;Bizkaia;48072;43.03333;-2.65
Ondarroa;Bizkaia;48073;43.31667;-2.41667
Urduña/Orduña;Bizkaia;48074;;
Orozko;Bizkaia;48075;;
Sukarrieta;Bizkaia;48076;;
Plentzia;Bizkaia;48077;43.4053;-2.94794
Portugalete;Bizkaia;48078;43.32099;-3.02064
Errigoiti;Bizkaia;48079;43.31667;-2.71667
Valle de Trápaga-Trapagaran;Bizkaia;48080;;
Lezama;Bizkaia;48081;;
Santurtzi;Bizkaia;48082;43.32842;-3.03248
Ortuella;Bizkaia;48083;;
Sestao;Bizkaia;48084;43.30975;-3.00716
Sopela;Bizkaia;48085;43.37891;-2.98313
Sopuerta;Bizkaia;48086;43.26239;-3.15505
Trucios-Turtzioz;Bizkaia;48087;;
Ubide;Bizkaia;48088;;
Urduliz;Bizkaia;48089;;
Balmaseda;Bizkaia;48090;43.2;-3.2
Atxondo;Bizkaia;48091;;
Bedia;Bizkaia;48092;;
Areatza;Bizkaia;48093;43.11667;-2.76667
Igorre;Bizkaia;48094;;
Zaldibar;Bizkaia;48095;43.16667;-2.53333
Zalla;Bizkaia;48096;;
Zaratamo;Bizkaia;48097;43.21667;-2.86667
Derio;Bizkaia;48901;43.30544;-2.88116
Erandio;Bizkaia;48902;43.30788;-2.94502
Loiu;Bizkaia;48903;;
Sondika;Bizkaia;48904;43.3002;-2.92442
Zamudio;Bizkaia;48905;43.286;-2.87
Forua;Bizkaia;48906;43.33343;-2.67504
Kortezubi;Bizkaia;48907;43.33333;-2.65
Murueta;Bizkaia;48908;;
Nabarniz;Bizkaia;48909;;
Iurreta;Bizkaia;48910;43.18333;-2.63333
Ajangiz;Bizkaia;48911;;
Alonsotegi;Bizkaia;48912;43.24483;-2.98759
Zierbena;Bizkaia;48913;43.35;-3.08333
Arratzu;Bizkaia;48914;;
Ziortza-Bolibar;Bizkaia;48915;;
Usansolo;Bizkaia;48916;;
Abezames;Zamora;49002;41.62642;-5.42577
Alcañices;Zamora;49003;41.6994;-6.34647
Alcubilla de Nogales;Zamora;49004;42.12787;-5.92184
Alfaraz de Sayago;Zamora;49005;;
Algodre;Zamora;49006;41.56631;-5.60406
Almaraz de Duero;Zamora;49007;41.47505;-5.91654
Almeida de Sayago;Zamora;49008;;
Andavías;Zamora;49009;;
Arcenillas;Zamora;49010;41.45641;-5.68512
Arcos de la Polvorosa;Zamora;49011;41.94389;-5.69731
Argañín;Zamora;49012;41.43948;-6.20827
Argujillo;Zamora;49013;41.31156;-5.58763
Arquillinos;Zamora;49014;41.7099;-5.65708
Arrabalde;Zamora;49015;42.1076;-5.89441
Aspariegos;Zamora;49016;41.67458;-5.59955
Asturianos;Zamora;49017;42.05201;-6.4894
Ayoó de Vidriales;Zamora;49018;42.13042;-6.0655
Barcial del Barco;Zamora;49019;41.93353;-5.66268
Belver de los Montes;Zamora;49020;41.72284;-5.45182
Benavente;Zamora;49021;42.00249;-5.67826
Benegiles;Zamora;49022;41.627;-5.63479
Bermillo de Sayago;Zamora;49023;41.36648;-6.11223
Bóveda de Toro, La;Zamora;49024;;
Bretó;Zamora;49025;41.87917;-5.73902
Bretocino;Zamora;49026;41.8843;-5.75473
Brime de Sog;Zamora;49027;42.06162;-6.04791
Brime de Urz;Zamora;49028;42.03794;-5.87326
Burganes de Valverde;Zamora;49029;41.9213;-5.78244
Bustillo del Oro;Zamora;49030;41.6746;-5.46158
Cabañas de Sayago;Zamora;49031;41.33333;-5.78333
Calzadilla de Tera;Zamora;49032;41.97899;-6.08243
Camarzana de Tera;Zamora;49033;41.99471;-6.02657
Cañizal;Zamora;49034;41.16654;-5.36828
Cañizo;Zamora;49035;41.76955;-5.50199
Carbajales de Alba;Zamora;49036;41.65347;-5.99706
Carbellino;Zamora;49037;41.22975;-6.14901
Casaseca de Campeán;Zamora;49038;41.37429;-5.74648
Casaseca de las Chanas;Zamora;49039;41.4387;-5.67547
Castrillo de la Guareña;Zamora;49040;41.23043;-5.3255
Castrogonzalo;Zamora;49041;41.99099;-5.60301
Castronuevo;Zamora;49042;41.72046;-5.54315
Castroverde de Campos;Zamora;49043;41.97049;-5.31434
Cazurra;Zamora;49044;41.41583;-5.70454
Cerecinos de Campos;Zamora;49046;41.90017;-5.48605
Cerecinos del Carrizal;Zamora;49047;41.68384;-5.65303
Cernadilla;Zamora;49048;42.02083;-6.41701
Cobreros;Zamora;49050;42.07323;-6.70053
Coomonte;Zamora;49052;42.11546;-5.81316
Coreses;Zamora;49053;41.54794;-5.62252
Corrales del Vino;Zamora;49054;;
Cotanes del Monte;Zamora;49055;;
Cubillos;Zamora;49056;41.57436;-5.7392
Cubo de Benavente;Zamora;49057;42.1249;-6.16342
Cubo de Tierra del Vino, El;Zamora;49058;;
Cuelgamures;Zamora;49059;41.30738;-5.65769
Entrala;Zamora;49061;41.43006;-5.75556
Espadañedo;Zamora;49062;42.11618;-6.39419
Faramontanos de Tábara;Zamora;49063;41.83469;-5.88883
Fariza;Zamora;49064;41.41667;-6.26667
Fermoselle;Zamora;49065;41.31738;-6.39584
Ferreras de Abajo;Zamora;49066;41.89651;-6.07904
Ferreras de Arriba;Zamora;49067;41.89878;-6.19461
Ferreruela;Zamora;49068;41.76673;-6.07215
Figueruela de Arriba;Zamora;49069;41.86867;-6.44454
Fonfría;Zamora;49071;41.63493;-6.14081
Fresno de la Polvorosa;Zamora;49075;42.0831;-5.76969
Fresno de la Ribera;Zamora;49076;41.52926;-5.56658
Fresno de Sayago;Zamora;49077;41.31848;-5.97129
Friera de Valverde;Zamora;49078;41.91214;-5.84153
Fuente Encalada;Zamora;49079;42.11011;-5.99622
Fuentelapeña;Zamora;49080;41.25144;-5.38325
Fuentesaúco;Zamora;49081;41.23043;-5.49722
Fuentes de Ropel;Zamora;49082;42.00377;-5.54532
Fuentesecas;Zamora;49083;41.63077;-5.47252
Fuentespreadas;Zamora;49084;41.32627;-5.62798
Galende;Zamora;49085;42.1044;-6.66252
Gallegos del Pan;Zamora;49086;41.59985;-5.58117
Gallegos del Río;Zamora;49087;41.73497;-6.17435
Gamones;Zamora;49088;41.4669;-6.17621
Gema;Zamora;49090;41.41855;-5.64906
Granja de Moreruela;Zamora;49091;41.81026;-5.73893
Granucillo;Zamora;49092;42.05209;-5.92777
Guarrate;Zamora;49093;;
Hermisende;Zamora;49094;41.96898;-6.89616
Hiniesta, La;Zamora;49095;;
Jambrina;Zamora;49096;41.39196;-5.66411
Justel;Zamora;49097;42.14861;-6.29594
Losacino;Zamora;49098;41.68084;-6.07986
Losacio;Zamora;49099;41.71092;-6.04059
Lubián;Zamora;49100;42.03569;-6.90541
Luelmo;Zamora;49101;41.4403;-6.13338
Maderal, El;Zamora;49102;;
Madridanos;Zamora;49103;41.47967;-5.60459
Mahide;Zamora;49104;41.86917;-6.37784
Maire de Castroponce;Zamora;49105;42.11283;-5.78475
Malva;Zamora;49107;41.65467;-5.48657
Manganeses de la Lampreana;Zamora;49108;41.75085;-5.71048
Manganeses de la Polvorosa;Zamora;49109;42.03563;-5.74694
Manzanal de Arriba;Zamora;49110;41.99217;-6.44012
Manzanal del Barco;Zamora;49111;41.63501;-5.94671
Manzanal de los Infantes;Zamora;49112;42.05428;-6.38288
Matilla de Arzón;Zamora;49113;42.10499;-5.64156
Matilla la Seca;Zamora;49114;41.57935;-5.5003
Mayalde;Zamora;49115;41.2508;-5.79767
Melgar de Tera;Zamora;49116;41.96618;-6.0139
Micereces de Tera;Zamora;49117;41.98886;-5.87133
Milles de la Polvorosa;Zamora;49118;41.92339;-5.73309
Molacillos;Zamora;49119;41.58269;-5.66046
Molezuelas de la Carballeda;Zamora;49120;42.08166;-6.18723
Mombuey;Zamora;49121;42.02283;-6.33027
Monfarracinos;Zamora;49122;41.55468;-5.70795
Montamarta;Zamora;49123;41.64724;-5.80402
Moral de Sayago;Zamora;49124;41.47019;-6.1006
Moraleja del Vino;Zamora;49125;41.46385;-5.65631
Moraleja de Sayago;Zamora;49126;41.16916;-6.00369
Morales del Vino;Zamora;49127;41.44736;-5.7307
Morales de Rey;Zamora;49128;;
Morales de Toro;Zamora;49129;41.53737;-5.30642
Morales de Valverde;Zamora;49130;41.93643;-5.89255
Moralina;Zamora;49131;41.49001;-6.1367
Moreruela de los Infanzones;Zamora;49132;41.63118;-5.70614
Moreruela de Tábara;Zamora;49133;41.79588;-5.86849
Muelas de los Caballeros;Zamora;49134;42.12843;-6.33719
Muelas del Pan;Zamora;49135;;
Muga de Sayago;Zamora;49136;41.38779;-6.19777
Navianos de Valverde;Zamora;49137;41.95319;-5.81781
Olmillos de Castro;Zamora;49138;41.73179;-5.96791
Otero de Bodas;Zamora;49139;41.93868;-6.15024
Pajares de la Lampreana;Zamora;49141;41.71551;-5.69351
Palacios del Pan;Zamora;49142;41.60242;-5.87773
Palacios de Sanabria;Zamora;49143;42.05901;-6.52362
Pedralba de la Pradería;Zamora;49145;;
Pego, El;Zamora;49146;;
Peleagonzalo;Zamora;49147;41.48175;-5.48304
Peleas de Abajo;Zamora;49148;41.3926;-5.68966
Peñausende;Zamora;49149;41.28662;-5.86755
Peque;Zamora;49150;42.07297;-6.27489
Perdigón, El;Zamora;49151;;
Pereruela;Zamora;49152;41.4165;-5.87812
Perilla de Castro;Zamora;49153;41.7254;-5.87636
Pías;Zamora;49154;42.08333;-7
Piedrahita de Castro;Zamora;49155;41.68089;-5.72886
Pinilla de Toro;Zamora;49156;41.62783;-5.36414
Pino del Oro;Zamora;49157;;
Piñero, El;Zamora;49158;;
Pobladura del Valle;Zamora;49159;42.10257;-5.73333
Pobladura de Valderaduey;Zamora;49160;41.70009;-5.54189
Porto;Zamora;49162;42.16737;-6.89934
Pozoantiguo;Zamora;49163;41.5973;-5.4366
Pozuelo de Tábara;Zamora;49164;41.78502;-5.89455
Prado;Zamora;49165;41.92077;-5.42027
Puebla de Sanabria;Zamora;49166;42.05401;-6.6335
Pueblica de Valverde;Zamora;49167;41.91843;-5.89975
Quintanilla del Monte;Zamora;49168;41.86812;-5.34928
Quintanilla del Olmo;Zamora;49169;41.90561;-5.40726
Quintanilla de Urz;Zamora;49170;42.0329;-5.84866
Quiruelas de Vidriales;Zamora;49171;42.01762;-5.82947
Rabanales;Zamora;49172;41.74287;-6.27674
Rábano de Aliste;Zamora;49173;41.7443;-6.43302
Requejo;Zamora;49174;42.03044;-6.74227
Revellinos;Zamora;49175;41.88982;-5.56871
Riofrío de Aliste;Zamora;49176;41.81724;-6.17741
Rionegro del Puente;Zamora;49177;;
Roales;Zamora;49178;41.5517;-5.77211
Robleda-Cervantes;Zamora;49179;42.08246;-6.59414
Roelos de Sayago;Zamora;49180;;
Rosinos de la Requejada;Zamora;49181;;
Salce;Zamora;49183;41.26996;-6.21875
Samir de los Caños;Zamora;49184;41.6728;-6.16415
San Agustín del Pozo;Zamora;49185;41.88613;-5.59351
San Cebrián de Castro;Zamora;49186;41.70632;-5.75605
San Cristóbal de Entreviñas;Zamora;49187;42.04575;-5.63468
San Esteban del Molar;Zamora;49188;41.93717;-5.55158
San Justo;Zamora;49189;42.13321;-6.62388
San Martín de Valderaduey;Zamora;49190;41.81414;-5.47249
San Miguel de la Ribera;Zamora;49191;41.33301;-5.57689
San Miguel del Valle;Zamora;49192;;
San Pedro de Ceque;Zamora;49193;42.04334;-6.07242
San Pedro de la Nave-Almendra;Zamora;49194;;
Santa Clara de Avedillo;Zamora;49197;41.33877;-5.67692
Santa Colomba de las Monjas;Zamora;49199;41.95833;-5.68389
Santa Cristina de la Polvorosa;Zamora;49200;41.99985;-5.71355
Santa Croya de Tera;Zamora;49201;41.98334;-5.97725
Santa Eufemia del Barco;Zamora;49202;41.67808;-5.89831
Santa María de la Vega;Zamora;49203;42.08497;-5.80851
Santa María de Valverde;Zamora;49204;41.93479;-5.9356
Santibáñez de Tera;Zamora;49205;41.98563;-5.92257
Santibáñez de Vidriales;Zamora;49206;42.07362;-6.01549
Santovenia;Zamora;49207;41.87857;-5.71003
San Vicente de la Cabeza;Zamora;49208;41.80696;-6.24993
San Vitero;Zamora;49209;41.7774;-6.34877
Sanzoles;Zamora;49210;41.43235;-5.5671
Tábara;Zamora;49214;41.82458;-5.9642
Tapioles;Zamora;49216;41.85741;-5.49623
Toro;Zamora;49219;41.52417;-5.39534
Torre del Valle, La;Zamora;49220;;
Torregamones;Zamora;49221;41.487;-6.18335
Torres del Carrizal;Zamora;49222;41.61701;-5.67173
Trabazos;Zamora;49223;41.74793;-6.49094
Trefacio;Zamora;49224;42.12165;-6.65407
Uña de Quintana;Zamora;49225;42.08662;-6.14475
Vadillo de la Guareña;Zamora;49226;41.28242;-5.353
Valcabado;Zamora;49227;41.54863;-5.74916
Valdefinjas;Zamora;49228;41.45172;-5.45232
Valdescorriel;Zamora;49229;42.02233;-5.50998
Vallesa de la Guareña;Zamora;49230;41.13532;-5.32611
Vega de Tera;Zamora;49231;41.99759;-6.125
Vega de Villalobos;Zamora;49232;41.97057;-5.46324
Vegalatrave;Zamora;49233;41.70026;-6.10675
Venialbo;Zamora;49234;41.38957;-5.53596
Vezdemarbán;Zamora;49235;41.6548;-5.36609
Vidayanes;Zamora;49236;41.91011;-5.57424
Videmala;Zamora;49237;41.61299;-6.04056
Villabrázaro;Zamora;49238;42.05394;-5.72748
Villabuena del Puente;Zamora;49239;41.38074;-5.40787
Villadepera;Zamora;49240;41.547;-6.13305
Villaescusa;Zamora;49241;41.20617;-5.46406
Villafáfila;Zamora;49242;41.84692;-5.61527
Villaferrueña;Zamora;49243;42.0983;-5.85802
Villageriz;Zamora;49244;42.11884;-5.95554
Villalazán;Zamora;49245;41.49414;-5.5891
Villalba de la Lampreana;Zamora;49246;41.74327;-5.64094
Villalcampo;Zamora;49247;41.52229;-6.04801
Villalobos;Zamora;49248;41.94567;-5.47517
Villalonso;Zamora;49249;41.59767;-5.29769
Villalpando;Zamora;49250;41.86517;-5.41231
Villalube;Zamora;49251;41.61005;-5.54545
Villamayor de Campos;Zamora;49252;41.8987;-5.35963
Villamor de los Escuderos;Zamora;49255;41.25244;-5.57485
Villanázar;Zamora;49256;41.97398;-5.78043
Villanueva de Azoague;Zamora;49257;41.97607;-5.664
Villanueva de Campeán;Zamora;49258;41.35447;-5.7702
Villanueva de las Peras;Zamora;49259;41.93478;-5.97942
Villanueva del Campo;Zamora;49260;41.98492;-5.4066
Villaralbo;Zamora;49261;41.49224;-5.68359
Villardeciervos;Zamora;49262;41.94206;-6.28647
Villar de Fallaves;Zamora;49263;41.92503;-5.34039
Villar del Buey;Zamora;49264;41.33024;-6.18935
Villardiegua de la Ribera;Zamora;49265;41.53543;-6.18327
Villárdiga;Zamora;49266;41.8195;-5.46439
Villardondiego;Zamora;49267;41.58483;-5.37707
Villarrín de Campos;Zamora;49268;41.79522;-5.63898
Villaseco del Pan;Zamora;49269;;
Villavendimio;Zamora;49270;41.57812;-5.34287
Villaveza del Agua;Zamora;49271;41.91922;-5.67871
Villaveza de Valverde;Zamora;49272;41.94516;-5.84849
Viñas;Zamora;49273;41.7733;-6.47117
Zamora;Zamora;49275;41.50633;-5.74456
Abanto;Zaragoza;50001;41.13751;-1.69818
Acered;Zaragoza;50002;;
Agón;Zaragoza;50003;41.85574;-1.45233
Aguarón;Zaragoza;50004;41.33901;-1.27055
Aguilón;Zaragoza;50005;41.29467;-1.04634
Ainzón;Zaragoza;50006;41.81644;-1.51995
Aladrén;Zaragoza;50007;41.24917;-1.15591
Alagón;Zaragoza;50008;41.76964;-1.11906
Alarba;Zaragoza;50009;41.20482;-1.61335
Alberite de San Juan;Zaragoza;50010;41.82009;-1.47063
Albeta;Zaragoza;50011;41.82636;-1.49936
Alborge;Zaragoza;50012;41.33367;-0.35675
Alcalá de Ebro;Zaragoza;50013;41.81495;-1.19429
Alcalá de Moncayo;Zaragoza;50014;41.7861;-1.69544
Alconchel de Ariza;Zaragoza;50015;41.20428;-2.12191
Aldehuela de Liestos;Zaragoza;50016;41.0641;-1.70107
Alfajarín;Zaragoza;50017;41.614;-0.7037
Alfamén;Zaragoza;50018;41.43919;-1.24458
Alforque;Zaragoza;50019;41.32942;-0.38525
Alhama de Aragón;Zaragoza;50020;41.29657;-1.89358
Almochuel;Zaragoza;50021;41.27992;-0.55067
Almolda, La;Zaragoza;50022;;
Almonacid de la Cuba;Zaragoza;50023;41.28067;-0.79266
Almonacid de la Sierra;Zaragoza;50024;41.39754;-1.32394
Almunia de Doña Godina, La;Zaragoza;50025;41.4767;-1.37451
Alpartir;Zaragoza;50026;41.42253;-1.38061
Ambel;Zaragoza;50027;41.79472;-1.6152
Anento;Zaragoza;50028;41.06958;-1.33375
Aniñón;Zaragoza;50029;;
Añón de Moncayo;Zaragoza;50030;;
Aranda de Moncayo;Zaragoza;50031;41.57749;-1.79171
Arándiga;Zaragoza;50032;41.50872;-1.50074
Ardisa;Zaragoza;50033;;
Ariza;Zaragoza;50034;41.31442;-2.05332
Artieda;Zaragoza;50035;42.58538;-0.98422
Asín;Zaragoza;50036;;
Atea;Zaragoza;50037;41.16059;-1.55533
Ateca;Zaragoza;50038;41.33092;-1.79353
Azuara;Zaragoza;50039;41.25822;-0.87078
Badules;Zaragoza;50040;41.13901;-1.25366
Bagüés;Zaragoza;50041;42.54935;-0.94577
Balconchán;Zaragoza;50042;41.08737;-1.45998
Bárboles;Zaragoza;50043;41.70898;-1.18594
Bardallur;Zaragoza;50044;41.68423;-1.21183
Belchite;Zaragoza;50045;41.30325;-0.7505
Belmonte de Gracián;Zaragoza;50046;;
Berdejo;Zaragoza;50047;41.56133;-1.94431
Berrueco;Zaragoza;50048;;
Bijuesca;Zaragoza;50050;41.54083;-1.92039
Biota;Zaragoza;50051;42.26214;-1.18735
Bisimbre;Zaragoza;50052;41.85607;-1.44268
Boquiñeni;Zaragoza;50053;41.84804;-1.25246
Bordalba;Zaragoza;50054;41.41667;-2.06667
Borja;Zaragoza;50055;41.83412;-1.53271
Botorrita;Zaragoza;50056;41.50706;-1.03104
Brea de Aragón;Zaragoza;50057;41.52387;-1.60261
Bubierca;Zaragoza;50058;41.31482;-1.85386
Bujaraloz;Zaragoza;50059;41.49806;-0.1529
Bulbuente;Zaragoza;50060;41.8197;-1.60238
Bureta;Zaragoza;50061;41.81572;-1.48819
Burgo de Ebro, El;Zaragoza;50062;41.57157;-0.74128
Buste, El;Zaragoza;50063;;
Cabañas de Ebro;Zaragoza;50064;41.8;-1.2
Cabolafuente;Zaragoza;50065;41.21053;-2.04133
Cadrete;Zaragoza;50066;41.55575;-0.96013
Calatayud;Zaragoza;50067;41.35353;-1.64318
Calatorao;Zaragoza;50068;41.52228;-1.34702
Calcena;Zaragoza;50069;41.65515;-1.71764
Calmarza;Zaragoza;50070;41.1581;-1.91196
Campillo de Aragón;Zaragoza;50071;41.12648;-1.84393
Carenas;Zaragoza;50072;41.27755;-1.79754
Cariñena;Zaragoza;50073;41.33733;-1.22444
Caspe;Zaragoza;50074;41.23402;-0.03945
Castejón de Alarba;Zaragoza;50075;41.18365;-1.63612
Castejón de las Armas;Zaragoza;50076;41.30976;-1.81084
Castejón de Valdejasa;Zaragoza;50077;41.98204;-0.99393
Castiliscar;Zaragoza;50078;42.37662;-1.27326
Cervera de la Cañada;Zaragoza;50079;41.43301;-1.73568
Cerveruela;Zaragoza;50080;41.21567;-1.21525
Cetina;Zaragoza;50081;41.29208;-1.96281
Cimballa;Zaragoza;50082;41.10118;-1.77352
Cinco Olivas;Zaragoza;50083;41.33966;-0.37116
Clarés de Ribota;Zaragoza;50084;41.52957;-1.83773
Codo;Zaragoza;50085;;
Codos;Zaragoza;50086;41.29266;-1.37425
Contamina;Zaragoza;50087;41.30535;-1.91731
Cosuenda;Zaragoza;50088;41.36559;-1.29867
Cuarte de Huerva;Zaragoza;50089;41.59466;-0.93268
Cubel;Zaragoza;50090;41.09604;-1.63729
Cuerlas, Las;Zaragoza;50091;;
Chiprana;Zaragoza;50092;41.26317;-0.12741
Chodes;Zaragoza;50093;41.48696;-1.48012
Daroca;Zaragoza;50094;41.11475;-1.41492
Ejea de los Caballeros;Zaragoza;50095;42.12632;-1.13716
Embid de Ariza;Zaragoza;50096;41.3783;-1.97373
Encinacorba;Zaragoza;50098;41.28516;-1.27516
Épila;Zaragoza;50099;41.60045;-1.28007
Erla;Zaragoza;50100;42.11732;-0.95019
Escatrón;Zaragoza;50101;41.29149;-0.32308
Fabara;Zaragoza;50102;41.1775;0.16908
Farlete;Zaragoza;50104;41.68122;-0.50678
Fayón;Zaragoza;50105;41.23851;0.33302
Fayos, Los;Zaragoza;50106;;
Figueruelas;Zaragoza;50107;41.76651;-1.17473
Fombuena;Zaragoza;50108;41.14442;-1.19266
Frago, El;Zaragoza;50109;;
Frasno, El;Zaragoza;50110;;
Fréscano;Zaragoza;50111;41.88333;-1.45
Fuendejalón;Zaragoza;50113;41.7605;-1.47213
Fuendetodos;Zaragoza;50114;41.34245;-0.95988
Fuentes de Ebro;Zaragoza;50115;41.5125;-0.63159
Fuentes de Jiloca;Zaragoza;50116;41.22859;-1.53616
Gallocanta;Zaragoza;50117;40.99624;-1.50774
Gallur;Zaragoza;50118;41.8683;-1.31577
Gelsa;Zaragoza;50119;41.40766;-0.46158
Godojos;Zaragoza;50120;41.26838;-1.8641
Gotor;Zaragoza;50121;41.54583;-1.64915
Grisel;Zaragoza;50122;41.87109;-1.72794
Grisén;Zaragoza;50123;41.74524;-1.1626
Herrera de los Navarros;Zaragoza;50124;41.21024;-1.08271
Ibdes;Zaragoza;50125;41.21667;-1.83333
Illueca;Zaragoza;50126;41.53818;-1.62747
Isuerre;Zaragoza;50128;42.48729;-1.054
Jaraba;Zaragoza;50129;41.19083;-1.8844
Jarque de Moncayo;Zaragoza;50130;;
Jaulín;Zaragoza;50131;41.45198;-0.99256
Joyosa, La;Zaragoza;50132;;
Lagata;Zaragoza;50133;41.2397;-0.80487
Langa del Castillo;Zaragoza;50134;41.212;-1.3985
Layana;Zaragoza;50135;42.29546;-1.24483
Lécera;Zaragoza;50136;41.20491;-0.71133
Leciñena;Zaragoza;50137;41.79868;-0.61174
Lechón;Zaragoza;50138;41.08633;-1.28483
Letux;Zaragoza;50139;41.25512;-0.80269
Litago;Zaragoza;50140;41.81407;-1.75276
Lituénigo;Zaragoza;50141;41.83533;-1.76196
Lobera de Onsella;Zaragoza;50142;42.47848;-1.02208
Longares;Zaragoza;50143;41.40308;-1.16876
Longás;Zaragoza;50144;42.48092;-0.9342
Lucena de Jalón;Zaragoza;50146;41.55301;-1.31305
Luceni;Zaragoza;50147;41.82857;-1.23889
Luesia;Zaragoza;50148;42.36974;-1.02421
Luesma;Zaragoza;50149;41.16583;-1.14575
Lumpiaque;Zaragoza;50150;41.62953;-1.30156
Luna;Zaragoza;50151;42.1676;-0.93292
Maella;Zaragoza;50152;41.12251;0.13926
Magallón;Zaragoza;50153;41.83248;-1.45979
Mainar;Zaragoza;50154;41.19275;-1.30292
Malanquilla;Zaragoza;50155;41.56856;-1.87481
Maleján;Zaragoza;50156;41.82762;-1.54906
Malón;Zaragoza;50157;41.95235;-1.67199
Maluenda;Zaragoza;50159;41.28772;-1.61603
Mallén;Zaragoza;50160;41.90064;-1.41994
Manchones;Zaragoza;50161;41.15;-1.46667
Mara;Zaragoza;50162;41.2895;-1.51842
María de Huerva;Zaragoza;50163;41.5388;-0.99615
Mediana de Aragón;Zaragoza;50164;;
Mequinenza;Zaragoza;50165;;
Mesones de Isuela;Zaragoza;50166;41.55119;-1.53858
Mezalocha;Zaragoza;50167;41.42581;-1.08276
Mianos;Zaragoza;50168;42.58544;-0.95478
Miedes de Aragón;Zaragoza;50169;;
Monegrillo;Zaragoza;50170;41.63856;-0.4157
Moneva;Zaragoza;50171;41.12817;-0.83591
Monreal de Ariza;Zaragoza;50172;41.29165;-2.10493
Monterde;Zaragoza;50173;41.17434;-1.73505
Montón;Zaragoza;50174;41.20667;-1.5155
Morata de Jalón;Zaragoza;50175;41.47348;-1.47628
Morata de Jiloca;Zaragoza;50176;41.24797;-1.58665
Morés;Zaragoza;50177;41.47326;-1.56491
Moros;Zaragoza;50178;41.39775;-1.82839
Moyuela;Zaragoza;50179;41.12792;-0.92225
Mozota;Zaragoza;50180;41.4841;-1.06807
Muel;Zaragoza;50181;41.46633;-1.08503
Muela, La;Zaragoza;50182;;
Munébrega;Zaragoza;50183;41.25203;-1.70557
Murero;Zaragoza;50184;41.15967;-1.48275
Murillo de Gállego;Zaragoza;50185;;
Navardún;Zaragoza;50186;42.51255;-1.14822
Nigüella;Zaragoza;50187;41.53621;-1.5245
Nombrevilla;Zaragoza;50188;41.1073;-1.35904
Nonaspe;Zaragoza;50189;41.20881;0.24775
Novallas;Zaragoza;50190;41.95;-1.7
Novillas;Zaragoza;50191;41.93334;-1.39412
Nuévalos;Zaragoza;50192;41.21185;-1.78954
Nuez de Ebro;Zaragoza;50193;41.58957;-0.66774
Olvés;Zaragoza;50194;41.23965;-1.64647
Orcajo;Zaragoza;50195;41.10975;-1.48933
Orera;Zaragoza;50196;41.29842;-1.47849
Orés;Zaragoza;50197;42.27765;-1.0015
Oseja;Zaragoza;50198;41.59564;-1.70026
Osera de Ebro;Zaragoza;50199;;
Paniza;Zaragoza;50200;41.284;-1.21224
Paracuellos de Jiloca;Zaragoza;50201;41.31378;-1.64029
Paracuellos de la Ribera;Zaragoza;50202;41.42273;-1.56245
Pastriz;Zaragoza;50203;;
Pedrola;Zaragoza;50204;41.79102;-1.21357
Pedrosas, Las;Zaragoza;50205;;
Perdiguera;Zaragoza;50206;41.75458;-0.63148
Piedratajada;Zaragoza;50207;42.12124;-0.80373
Pina de Ebro;Zaragoza;50208;41.48846;-0.5312
Pinseque;Zaragoza;50209;41.73657;-1.10041
Pintanos, Los;Zaragoza;50210;;
Plasencia de Jalón;Zaragoza;50211;41.68154;-1.22996
Pleitas;Zaragoza;50212;41.71135;-1.20251
Plenas;Zaragoza;50213;41.11209;-0.96442
Pomer;Zaragoza;50214;41.63765;-1.84104
Pozuel de Ariza;Zaragoza;50215;41.35;-2.15
Pozuelo de Aragón;Zaragoza;50216;41.7643;-1.42305
Pradilla de Ebro;Zaragoza;50217;41.86111;-1.26325
Puebla de Albortón;Zaragoza;50218;41.38517;-0.85558
Puebla de Alfindén, La;Zaragoza;50219;41.63188;-0.75154
Puendeluna;Zaragoza;50220;;
Purujosa;Zaragoza;50221;41.68259;-1.76519
Quinto;Zaragoza;50222;41.42378;-0.49592
Remolinos;Zaragoza;50223;41.83946;-1.17768
Retascón;Zaragoza;50224;41.1435;-1.38376
Ricla;Zaragoza;50225;41.5058;-1.40468
Romanos;Zaragoza;50227;41.12636;-1.27502
Rueda de Jalón;Zaragoza;50228;;
Ruesca;Zaragoza;50229;41.2835;-1.48142
Sádaba;Zaragoza;50230;42.2818;-1.26951
Salillas de Jalón;Zaragoza;50231;41.56789;-1.32344
Salvatierra de Esca;Zaragoza;50232;42.67002;-1.00475
Samper del Salz;Zaragoza;50233;41.23458;-0.8251
San Martín de la Virgen de Moncayo;Zaragoza;50234;;
San Mateo de Gállego;Zaragoza;50235;41.83043;-0.76578
Santa Cruz de Grío;Zaragoza;50236;41.3705;-1.43009
Santa Cruz de Moncayo;Zaragoza;50237;41.8824;-1.75637
Santa Eulalia de Gállego;Zaragoza;50238;42.287;-0.76065
Santed;Zaragoza;50239;41.03172;-1.51028
Sástago;Zaragoza;50240;41.32166;-0.35075
Sabiñán;Zaragoza;50241;;
Sediles;Zaragoza;50242;41.34613;-1.53177
Sestrica;Zaragoza;50243;41.48595;-1.59501
Sierra de Luna;Zaragoza;50244;42.04818;-0.91025
Sigüés;Zaragoza;50245;;
Sisamón;Zaragoza;50246;41.17124;-2.00386
Sobradiel;Zaragoza;50247;41.73875;-1.03765
Sos del Rey Católico;Zaragoza;50248;42.49686;-1.21514
Tabuenca;Zaragoza;50249;41.695;-1.54335
Talamantes;Zaragoza;50250;41.73051;-1.67857
Tarazona;Zaragoza;50251;41.9;-1.73333
Tauste;Zaragoza;50252;41.91804;-1.25343
Terrer;Zaragoza;50253;41.32811;-1.71329
Tierga;Zaragoza;50254;;
Tobed;Zaragoza;50255;41.33866;-1.39975
Torralba de los Frailes;Zaragoza;50256;41.03622;-1.66046
Torralba de Ribota;Zaragoza;50257;41.41803;-1.68429
Torralbilla;Zaragoza;50258;41.21009;-1.338
Torrehermosa;Zaragoza;50259;41.23767;-2.128
Torrelapaja;Zaragoza;50260;41.58133;-1.95181
Torrellas;Zaragoza;50261;41.89444;-1.77139
Torres de Berrellén;Zaragoza;50262;41.75797;-1.0655
Torrijo de la Cañada;Zaragoza;50263;41.47304;-1.87441
Tosos;Zaragoza;50264;41.31542;-1.07292
Trasmoz;Zaragoza;50265;41.82599;-1.72279
Trasobares;Zaragoza;50266;41.64308;-1.64192
Uncastillo;Zaragoza;50267;42.35963;-1.12842
Undués de Lerda;Zaragoza;50268;42.56572;-1.16944
Urrea de Jalón;Zaragoza;50269;41.66715;-1.2342
Urriés;Zaragoza;50270;42.51943;-1.13022
Used;Zaragoza;50271;41.05554;-1.55954
Utebo;Zaragoza;50272;41.71394;-0.99487
Valdehorna;Zaragoza;50273;41.07275;-1.42376
Val de San Martín;Zaragoza;50274;41.05787;-1.44934
Valmadrid;Zaragoza;50275;41.44351;-0.88482
Valpalmas;Zaragoza;50276;42.15821;-0.85481
Valtorres;Zaragoza;50277;41.29855;-1.7408
Velilla de Ebro;Zaragoza;50278;41.37416;-0.43483
Velilla de Jiloca;Zaragoza;50279;41.27509;-1.60396
Vera de Moncayo;Zaragoza;50280;41.824;-1.68799
Vierlas;Zaragoza;50281;41.92708;-1.68123
Vilueña, La;Zaragoza;50282;;
Villadoz;Zaragoza;50283;41.16234;-1.288
Villafeliche;Zaragoza;50284;41.19509;-1.50983
Villafranca de Ebro;Zaragoza;50285;41.57473;-0.65039
Villalba de Perejil;Zaragoza;50286;41.32742;-1.54833
Villalengua;Zaragoza;50287;41.43548;-1.84125
Villanueva de Gállego;Zaragoza;50288;41.76917;-0.8235
Villanueva de Jiloca;Zaragoza;50289;41.07625;-1.3896
Villanueva de Huerva;Zaragoza;50290;;
Villar de los Navarros;Zaragoza;50291;41.15949;-1.04199
Villarreal de Huerva;Zaragoza;50292;41.19034;-1.28983
Villarroya de la Sierra;Zaragoza;50293;41.46346;-1.7835
Villarroya del Campo;Zaragoza;50294;41.14309;-1.32416
Vistabella;Zaragoza;50295;41.2185;-1.15358
Zaida, La;Zaragoza;50296;;
Zaragoza;Zaragoza;50297;41.65606;-0.87734
Zuera;Zaragoza;50298;41.86775;-0.78984
Biel;Zaragoza;50901;42.38763;-0.94154
Marracos;Zaragoza;50902;42.08826;-0.77587
Villamayor de Gállego;Zaragoza;50903;;
Ceuta;Ceuta;51001;35.88933;-5.31979
Melilla;Melilla;52001;35.29369;-2.93833
